date,close,high,low,open,volume,tic,day,macd,rsi_30,cci_30,dx_30,log_return
2015-04-02,172.1935272216797,172.64394064696353,171.32604641576557,171.50955148134364,-0.09735843303541328,SPY,3,-0.4033755644268603,-0.7471638582449047,-1.0379193475796467,-0.8743081706179324,0.2647725889102728
2015-04-06,173.3529510498047,173.87009478388543,171.16758858385168,171.30103640950233,0.4477861696565878,SPY,0,-0.37816546365020065,-0.4993821775699683,-0.7115600224029898,-1.3487387495906638,0.535495014197505
2015-04-07,172.89419555664062,174.12867390596068,172.86083678071282,173.37798053634026,-0.20978397600502113,SPY,1,-0.37069955930678544,-0.6030497189158558,-0.4801161617704744,-1.227878610076379,-0.27674788755240926
2015-04-08,173.47805786132812,173.92013479560092,172.7273645424683,173.11939695248358,-0.04871333791510314,SPY,2,-0.34832296992547956,-0.4771292706123467,-0.4101042000437924,-1.2963708521206174,0.2457266782244146
2015-04-09,174.24542236328125,174.4789719419565,172.81910263119292,173.31122404858024,-0.12419163115971328,SPY,3,-0.30942420339378185,-0.3138221127563326,-0.15075232778318437,-1.0161629189700427,0.3361745359382724
2015-04-10,175.1963348388672,175.23804285485818,174.29550787645925,174.49568598921678,-0.3787497666199735,SPY,4,-0.25292423833195427,-0.1167511959981779,0.37636017340339417,-0.6503370962312968,0.4254485510138745
2015-04-13,174.40394592285156,175.68848163327957,174.3539013910817,175.0545502908604,-0.34473789411582195,SPY,0,-0.23165396040324615,-0.31125792270810826,0.34350026037152165,-0.4401038215086024,-0.4401625394136709
2015-04-14,174.73757934570312,174.92108442828817,173.57816781164263,174.20374984931914,-0.3315733524620881,SPY,1,-0.20697061213011433,-0.24019249290600725,0.1887042273646418,-0.9116530638280163,0.11902640097617487
2015-04-15,175.52162170410156,176.0304289088538,175.12125278597637,175.20466881068924,0.15327792731437234,SPY,2,-0.1673826350986125,-0.0742760386565082,0.7550184619870842,-0.3829928833762798,0.3416654314359466
2015-04-16,175.47158813476562,175.98039537128213,174.98780316172542,175.1879939970349,-0.4539303542640922,SPY,3,-0.13973410151597118,-0.0873881299752101,0.6624148089728848,-0.4672435696375078,-0.07154946063113077
2015-04-17,173.45301818847656,174.5206770237968,172.66895344714823,174.27879093833246,1.9709472569712356,SPY,4,-0.17645742971079534,-0.5944570263396651,-0.2552669762736674,-1.0709787632263572,-1.0508040088025217
2015-04-20,175.037841796875,175.37148042606813,174.2954850285471,174.37888832209643,0.007604622881874441,SPY,0,-0.16304977566450796,-0.24986858569453343,0.36215694282224414,-1.3160569270313818,0.74242409069423
2015-04-21,174.82936096191406,175.88033437809258,174.52908102479145,175.72185153245826,-0.3819868188493177,SPY,1,-0.1603671227343584,-0.30122864251030107,0.38638299434786244,-1.0668379759964564,-0.1502241510289951
2015-04-22,175.68850708007812,175.8720122081468,174.24548832503785,175.17135047938353,-0.2687634248703927,SPY,2,-0.1364302580231188,-0.11790348084994483,0.4273085672817309,-1.2218268217060924,0.3785637391603581
2015-04-23,176.13052368164062,176.78112792054011,175.17129034557237,175.28806513902873,0.21394238987852573,SPY,3,-0.1077116369388574,-0.024850624953991457,0.7279055690067913,-0.7670226991852973,0.1712277328118774
2015-04-24,176.53929138183594,176.80621256248196,176.08887779887377,176.54764062342014,-0.6049167113133616,SPY,4,-0.07649669349313087,0.06141133343825466,0.857186313043951,-0.7545980500284011,0.15434022419919255
2015-04-27,175.80519104003906,177.23151057480658,175.61333676963517,177.10639929193076,-0.24706068659456273,SPY,0,-0.07547809987484351,-0.13631656437225648,0.6619299615076629,-1.0493762828800257,-0.40838904287656497
2015-04-28,176.36404418945312,176.41408870304048,174.60407333915512,175.78017031844107,-0.09810071233263874,SPY,1,-0.062151843796791506,-0.013802139601142127,0.39411518634005155,-1.1839023928044885,0.22858696697875858
2015-04-29,175.63839721679688,176.23894418916066,174.82931019691418,175.47156517878173,0.6723891675953939,SPY,2,-0.07508248129529231,-0.21083206667459706,0.2375308187864306,-1.1839023928044883,-0.4045726579950633
2015-04-30,173.87844848632812,175.45491471931282,173.17778692805777,175.0628822890601,1.3793407335625287,SPY,3,-0.1372298443671657,-0.6604485111369144,-0.46742288466800064,-0.3185082619833834,-0.9206857653437076
2015-05-01,175.7635498046875,175.8052578239885,174.56243012282167,174.66251918714363,0.23009391105719093,SPY,4,-0.13575974803017876,-0.2371147603261904,0.10642318528977081,-0.5486521689764388,0.8888728754936563
2015-05-04,176.2639617919922,176.8478356849652,176.08045675027265,176.18888229129143,-0.41438909640681193,SPY,0,-0.12301136663438621,-0.1305957892509234,0.570397559824526,-1.1963268852948175,0.19988693167123273
2015-05-05,174.24542236328125,176.38075279723677,174.1036253139068,176.02207919087996,0.42710555394244537,SPY,1,-0.17171134184450543,-0.6226873051442791,-0.13350531626281198,-0.2441175053167595,-1.0462493865535158
2015-05-06,173.52810668945312,175.10457288015732,172.4604477204841,174.79595648791593,0.8584611220145876,SPY,2,-0.23176784097075542,-0.7867053554784039,-0.7086095218811931,0.38922638304508006,-0.40476554527564307
2015-05-07,174.22042846679688,174.64583241167458,173.09438839932545,173.42802707246523,-0.07068401123137541,SPY,3,-0.2607799499401385,-0.6289703322250878,-0.5960796210628588,0.3892263830450791,0.29869632906728916
2015-05-08,176.5142364501953,176.71442729863688,175.81358757189997,175.8970036072923,1.2716189390806865,SPY,4,-0.22053155376842506,-0.1423099666795967,0.5487957170046511,-0.8205534358738826,1.0881955721892547
2015-05-11,175.67181396484375,176.73947317751276,175.5967471594612,176.4725647380964,-0.31950238271415965,SPY,0,-0.2138336390947914,-0.3424947636577817,0.33213459433161563,-0.7254655617444615,-0.46192954185249274
2015-05-12,175.1463165283203,175.68849536236291,174.011927052056,174.8377000732893,0.5541543960081954,SPY,1,-0.22467078693862397,-0.4657219190585,-0.27784740806863034,-0.07585904746495256,-0.30676844761948757
2015-05-13,175.17967224121094,176.1806010470727,174.94612261075986,175.55501895247156,0.056793526899082375,SPY,2,-0.233554435915146,-0.45845084908314504,-0.025792367306255566,-0.35572988163264446,-0.030286917856283475
2015-05-14,177.00636291503906,177.0981154589378,175.92201814009934,176.19727577179555,0.08192186428456776,SPY,3,-0.1908426002088204,-0.07290639277507437,0.7377901350575373,-0.8579776145575337,0.8533301426805777
2015-05-15,177.1982421875,177.34003928958066,176.71445710113534,177.1982421875,-0.3035850566078811,SPY,4,-0.1537408996379402,-0.03391449388108413,0.9554312586973212,-0.9877271862090455,0.047202158528467646
2015-05-18,177.7487030029297,177.99892561949312,176.96463819770213,177.03136847128513,-0.3424931938881161,SPY,0,-0.1114656303264169,0.0787456045443691,1.1922990136502316,-1.339739898527364,0.2223284740358595
2015-05-19,177.69029235839844,178.1407184804143,177.40669826823859,177.8654609008484,-0.39082272107190524,SPY,1,-0.08258440265052766,0.06307913957207222,1.197228233049397,-1.404168318384499,-0.07533019979804055
2015-05-20,177.56520080566406,178.31589412249807,177.24823518289043,177.79040116421515,-0.2966901949004981,SPY,2,-0.06638436601088381,0.028611447108945455,1.053141506006227,-1.3064645894467481,-0.10791918423990252
2015-05-21,178.0823974609375,178.29092485843273,177.2566243849555,177.42345648495353,-0.5366984653127373,SPY,3,-0.04240530783547567,0.1414061882675418,1.0181810753014526,-1.3064645894467481,0.20556627211190043
2015-05-22,177.65696716308594,178.1157171548957,177.5902368832319,177.69866245143265,-0.6821991004969502,SPY,4,-0.038874203262974215,0.019214954147714965,0.8253119129803792,-1.3064645894467481,-0.25435489986484755
2015-05-26,175.74684143066406,177.59022873549696,175.32978674633526,177.16482481188226,0.6450736863982977,SPY,1,-0.09278234058181757,-0.49858319431082526,-0.18842719852321377,-0.2469993014425094,-0.9848234227943246
2015-05-27,177.41506958007812,177.64861919749248,175.79689528263626,176.20561347686115,0.02793791539544349,SPY,2,-0.0913483889258752,-0.12134250879262186,0.2318439416635056,-0.28734988222072255,0.7729715417785882
2015-05-28,177.21487426757812,177.3232998260336,176.52256199475443,177.10643598162432,-0.3340601865781937,SPY,3,-0.09864640142865691,-0.17439591602555626,0.22741577931363358,-0.2873498822207221,-0.14478059469573468
2015-05-29,176.1138458251953,177.18984127544758,175.84693745426003,177.14814599037848,0.6572002278583179,SPY,4,-0.13781106921203803,-0.46164677105220814,-0.19252922326795166,0.06310320658724586,-0.5876083571473749
2015-06-01,176.4725341796875,177.11478926230401,175.6801200573042,176.78115058893178,0.03041482599153272,SPY,0,-0.1608098670014502,-0.3778659327803835,-0.2096184172296896,0.14813693717353435,0.1297383667762887
2015-06-02,176.29734802246094,176.9896602917937,175.3881719098124,176.01375390562535,-0.005464652979702151,SPY,1,-0.1857619547270944,-0.424382470921096,-0.3724140134213573,0.2997582674757308,-0.13299387021147846
2015-06-03,176.7644500732422,177.39003207918975,176.27232861649642,176.8311803478431,-0.0790991562052683,SPY,2,-0.194056649110899,-0.3112700275478638,0.01832695280497782,-0.05309805808684671,0.18279088239052924
2015-06-04,175.2714080810547,176.71441374466318,174.95444244387514,176.0554729346047,1.1923399376698016,SPY,3,-0.24384518410518682,-0.7074174623326559,-0.8563080528455626,0.6237112686416952,-0.7828508486045999
2015-06-05,174.97109985351562,175.64672630543546,174.31214642269472,175.12123340838804,0.5933939788569776,SPY,4,-0.2923281742361892,-0.7841546647421014,-1.2918230678022398,0.9105035281324634,-0.19561396263326988
2015-06-08,173.8951416015625,175.01285798264342,173.82007480262817,174.86271165727408,-0.054441193668559484,SPY,0,-0.3608580956317834,-1.0533272668167766,-1.6774910562310894,1.1194182171282652,-0.5820545056452637
2015-06-09,173.8701171875,174.41229598171893,173.23619856960607,173.8701171875,0.2625438215107638,SPY,1,-0.41501725438845,-1.0595238242127492,-1.7876093562204822,1.3562751240671422,-0.0592987403338619
2015-06-10,175.95533752441406,176.33903336595446,174.5790624015452,174.63744342868372,0.8483609633419128,SPY,2,-0.39847260895456,-0.5184238727721395,-0.6772695403809402,-0.2514347376250475,0.9876628393394328
2015-06-11,176.52256774902344,176.90625092683163,176.163894106291,176.39744370865216,-0.35585620594217765,SPY,3,-0.3690388595660027,-0.38150129898782353,-0.1387975117127741,-0.6481620339728783,0.23247033518850574
2015-06-12,175.1713104248047,176.39745226039358,174.89605279564194,175.69680341934261,0.8648558383131448,SPY,4,-0.3833254064861163,-0.7321101343674777,-0.8263462561251355,-0.015433181957288303,-0.7136008486029809
2015-06-15,174.4206085205078,174.7042026478883,173.31957805773825,174.02857610368824,0.6465741226247749,SPY,0,-0.4149609130522796,-0.917673378632662,-1.6125125019943114,0.6377539728871667,-0.41947743413912814
2015-06-16,175.37147521972656,175.45489123829736,174.09528904607768,174.2704448665799,-0.12896881369560012,SPY,1,-0.41239135256667425,-0.6776479980272546,-1.0565563766896413,0.11581621864659326,0.4249528561460807
2015-06-17,175.6551055908203,176.26401465162957,174.62915453353233,175.6551055908203,0.6927065824769367,SPY,2,-0.40165377532491003,-0.6070758291652084,-0.7487466967767125,-0.4118713756884597,0.09341457605088738
2015-06-18,177.4818115234375,177.9489107889611,175.6884812588379,176.25566958768786,1.4699027772320412,SPY,3,-0.34161948085075083,-0.17418903024148524,0.1540794069322759,-1.3696213435319413,0.8509138139279481
2015-06-19,176.69395446777344,177.3142025510205,176.3167819370388,177.23877060275584,0.7675319081044689,SPY,4,-0.3165385169686585,-0.38279340804137596,-0.05125162970603766,-1.3696213435319404,-0.43286031826774585
2015-06-22,177.59912109375,178.18583515828453,177.38957944288714,177.6158880068531,-0.4189777320623875,SPY,0,-0.27192778628965436,-0.17541414342601303,0.5378139371040994,-0.990840013298961,0.3965737582368678
2015-06-23,177.7248992919922,178.06017371704328,177.330972625351,177.80872109560786,-0.4630222833031024,SPY,1,-0.23425337723178705,-0.1467666636778204,0.455029085672595,-1.0255935114917667,0.014621203975843334
2015-06-24,176.43411254882812,177.83384957921308,176.40896856781723,177.45667707463926,0.009942604197734309,SPY,2,-0.2419365777612987,-0.493734243914548,-0.09971208249615252,-1.2579542871286198,-0.6793272749297804
2015-06-25,175.89767456054688,177.06272583076822,175.82224262255068,176.93700593410784,0.1052103810590157,SPY,3,-0.2640376058791183,-0.6325708290146942,-0.5473118355962778,-0.9383413593861895,-0.3110405635842611
2015-06-26,175.86410522460938,176.5011071751135,175.3109122523945,176.25803172244056,0.24547735178658808,SPY,4,-0.28316269671956196,-0.6413595509587631,-0.7829575207633382,-0.668168245751167,-0.0633725929359964
2015-06-29,172.17623901367188,175.87255802519303,172.1008070639049,174.38062200143642,2.199348978372313,SPY,0,-0.4016220473386087,-1.506459197430801,-2.2627038847741097,0.6644449271841835,-1.885784635874077
2015-06-30,172.53663635253906,173.76874253924814,172.05887515020245,173.7184417894679,1.808437708478942,SPY,1,-0.4836895021868263,-1.4114817259911294,-2.348801599512067,0.6787149508512391,0.13463127556508062
2015-07-01,173.9196014404297,174.36382879685968,173.13172264543013,174.1123762127988,0.8767144447327228,SPY,2,-0.5077994809361839,-1.0580188246298312,-1.647405818631794,0.2789582304754884,0.6459429452256122
2015-07-02,173.7603302001953,174.56497583022008,173.34124686546352,174.39734505420904,0.2494249280491053,SPY,3,-0.5292253060247941,-1.0941024013779919,-1.5086802677279592,0.1434970024571504,-0.12631158196811798
2015-07-06,173.265869140625,174.04535824817208,172.26844844561646,172.46961311340883,0.5193784124627824,SPY,0,-0.5576494652583491,-1.2071554696369797,-1.768460387587778,0.5705564973502579,-0.29408785812580285
2015-07-07,174.35540771484375,174.48112758042944,171.0781734649074,173.46695322628753,1.6277323936846084,SPY,1,-0.5470689946913622,-0.926990340669007,-1.6072181143775837,0.9906561133664307,0.49712974175350255
2015-07-08,171.43023681640625,173.29934500568518,171.19555115987836,173.01437139267406,1.4332294166594957,SPY,2,-0.6179850818198285,-1.5607427928462194,-2.0658069917971438,0.9906561133664311,-1.5149538441677357
2015-07-09,171.74037170410156,173.79389058964972,171.6314187172179,173.5340481393017,1.0381343907272174,SPY,3,-0.6617390405203053,-1.4810224060811452,-1.7332174397297346,0.6151921534411796,0.11002833575273879
2015-07-10,173.90280151367188,174.32188481108537,171.78224105191214,173.74354781434957,0.7472522025989883,SPY,4,-0.6320687991876042,-0.9542435064761305,-1.2444986989734643,0.22353863651306827,1.0389482102123284
2015-07-13,175.8221893310547,175.93114227866695,175.12650960510456,175.16842048775808,0.2830795538326671,SPY,0,-0.5519868421573653,-0.5345798792455418,-0.20502079570212992,-0.8358087242521061,0.9056654773520845
2015-07-14,176.58497619628906,176.89510661068846,175.72166541098707,175.78034322620687,-0.20039037195751283,SPY,1,-0.46556892825019647,-0.3770856705907006,0.14742284791983054,-1.380665757159493,0.32883013052165533
2015-07-15,176.5262908935547,177.08786105321775,176.04852973105105,176.62686680590957,0.12122098825344826,SPY,2,-0.3980757486328242,-0.3907659886562501,0.2074476616652656,-1.3334461487834393,-0.07565318919441803
2015-07-16,177.94277954101562,177.94277954101562,177.33929853939924,177.58236123671878,0.29526365170878227,SPY,3,-0.30504836066514746,-0.10028323858384458,0.7054976681183476,-0.8751206719612421,0.6466961336580946
2015-07-17,178.09368896484375,178.15236678334605,177.52374164493582,177.93443521680734,-0.055102100101650606,SPY,4,-0.2283622460693388,-0.06996374755784902,0.6954337218355959,-0.7655966678725775,0.026748187630557765
2015-07-20,178.1858367919922,178.68035202310475,177.86734217655754,178.3199465192318,-0.42392361443855286,SPY,0,-0.16699141131501263,-0.05097546057822197,0.7225641347289692,-0.4896554444251559,-0.0019250843534561997
2015-07-21,177.48182678222656,178.3116165505911,177.18008621094953,178.05177408941046,-0.2747095980642094,SPY,1,-0.14051750796196535,-0.232173749471984,0.430954371182867,-0.9460334251609415,-0.39032819077091147
2015-07-22,177.16331481933594,177.4985892175164,176.76099833092994,176.7945193760427,-0.06228871329751527,SPY,2,-0.13093778523116273,-0.3138437415303606,0.1916069637364478,-1.2145399221606603,-0.20267469739618885
2015-07-23,176.1658477783203,177.39795368898996,175.80544228347227,177.29737779078255,-0.02574634318918601,SPY,3,-0.15363405338432512,-0.5656885551136338,-0.09899240373341324,-1.0299942727512954,-0.536740694500003
2015-07-24,174.3386993408203,176.32515062050572,174.00343772708302,176.26648559333654,0.5150041248395606,SPY,4,-0.22449237884392198,-0.9954157912789809,-0.6964519214267499,-0.12571403228450878,-0.9514967212879848
2015-07-27,173.32452392578125,173.96153894141415,172.88029650141178,173.4502566317459,0.8048919762621481,SPY,0,-0.30960968402675154,-1.217767295008376,-1.2243470469594584,0.3421235379095398,-0.553065740682855
2015-07-28,175.45343017578125,175.5959169746355,173.3328695285481,174.16264634478205,0.6299145172212708,SPY,1,-0.3172928169831931,-0.7176323001684997,-0.706196558308766,-0.66735602718449,1.0125079143691045
2015-07-29,176.66033935546875,176.8866350797686,175.43661075887195,175.5790975150845,0.2775600919995548,SPY,2,-0.2899277978420363,-0.45673689946268614,-0.1372903854482778,-1.3456668312768267,0.5480386008944739
2015-07-30,176.70228576660156,176.86991652588898,175.52884487277532,176.14909275048663,-0.009961992251126988,SPY,3,-0.2678969218341356,-0.44775316302983176,-0.13749108314657957,-1.3456668312768272,-0.026209799169760354
2015-07-31,176.43411254882812,177.23036845613078,176.14913890443106,177.20522447511988,0.22745822414083958,SPY,4,-0.25894309949490224,-0.5122448720801319,-0.03972282280991573,-1.2836668766042334,-0.17860207967122568
2015-08-03,175.83897399902344,176.45922191758902,174.88346453980012,176.4005569032075,0.4397977360433994,SPY,0,-0.2694533979042327,-0.655715408660606,-0.357571168464379,-0.8849738943203467,-0.340003218576729
2015-08-04,175.4953155517578,176.22451635440734,175.00917742018927,175.76352219607455,-0.19818338110586922,SPY,1,-0.28808176734538216,-0.7385015644848827,-0.38579090575703057,-0.8849738943203473,-0.2165649143371045
2015-08-05,176.07373046875,177.11304926105268,175.7887439968943,176.39222520054653,-0.11947002033591819,SPY,2,-0.2871486619763311,-0.5996090392573127,-0.05899677638224389,-1.398386147582534,0.23871345458380094
2015-08-06,174.6320037841797,176.36700187207867,174.0452769744549,176.25803612923153,0.48078385841506505,SPY,3,-0.32722642503912713,-0.9469446157962027,-0.5719046880924727,-0.5354350927682855,-0.7602488000098668
2015-08-07,174.29676818847656,174.6236527001802,173.3915465892797,174.47278882835204,0.5170483699629356,SPY,4,-0.3681269736134165,-1.0250753803722195,-0.9182933531493744,-0.25055243703625174,-0.21354594913856773
2015-08-10,176.49273681640625,176.57654579787817,175.4114948033438,175.4114948033438,-0.22894827786066024,SPY,0,-0.3386301806928483,-0.4995314599509369,-0.07260169317702045,-1.3162982690904903,1.0396122039803675
2015-08-11,174.9002227783203,175.5707586157841,174.1374881033377,175.15167531604513,0.6802585189683857,SPY,1,-0.3599466835298869,-0.8700667897755353,-0.6306970393914003,-0.749247071291632,-0.8333256178156209
2015-08-12,175.1098175048828,175.29421523581243,172.12594555261967,173.59273754629822,1.5940618902690205,SPY,2,-0.3705842196034387,-0.8209193645600374,-0.9628890768485703,0.010248791708785707,0.05711268696962437
2015-08-13,174.8918914794922,175.63785943664448,174.3470753736282,174.95055650631437,-0.04809014085807428,SPY,3,-0.38465411061231786,-0.8717647522867221,-0.6400776140612497,-0.17336316101004065,-0.15486773571434123
2015-08-14,175.5288543701172,175.60428629746687,174.55657800847317,174.69906480104737,-0.3774874948738896,SPY,4,-0.3774164852141315,-0.7169220567390664,-0.5402990135826959,-0.17336316101004112,0.2686450296110834
2015-08-17,176.50953674316406,176.50953674316406,174.4727976342311,174.93379191487742,-0.2527270165239175,SPY,0,-0.3439836863052865,-0.48489065350244837,-0.29045558996260956,-0.6781417080380012,0.43664103629043055
2015-08-18,175.9982452392578,176.58495938855856,175.76355957953749,176.2329308989781,-0.39919618726172934,SPY,1,-0.3320084243593263,-0.6132123201368929,-0.18039424786295885,-0.7199306750861777,-0.29852856810319406
2015-08-19,174.60687255859375,176.0233633719876,173.79384993200853,175.2522516333577,1.6103821112879642,SPY,2,-0.3615198916756482,-0.9493225672027157,-0.9608678930501936,0.08796174839611219,-0.7355284632157151
2015-08-20,170.96090698242188,174.58178141122372,170.90222915934876,173.08984532300005,2.0347495365645694,SPY,3,-0.4860624349867094,-1.7080809663812258,-2.4695246063324334,0.9849917450722889,-1.8778985826334018
2015-08-21,165.81451416015625,170.93571303467735,165.55468453829255,169.08335906329378,5.056671760177582,SPY,4,-0.725475835416748,-2.533453408134572,-4.271285411954691,2.0614136992797762,-2.699034082205351
2015-08-24,158.8325653076172,165.5211309675056,152.88157753389092,157.14785510299993,8.245213854273674,SPY,0,-1.103339242913597,-3.3442296007938976,-5.529414029649296,3.274612066645241,-3.7797065635144502
2015-08-25,156.9634246826172,163.81961966834115,156.67006132802624,163.80285275937484,5.518008266923221,SPY,1,-1.4428111436878404,-3.5208529169177445,-3.97193073452434,3.274612066645241,-1.0740087924856336
2015-08-26,162.98989868164062,163.26648243214422,157.88545386603704,160.99505788498155,4.911163186177356,SPY,2,-1.528186444737662,-2.2920681542688297,-2.796331078413627,3.2746120666452403,3.222391255578387
2015-08-27,167.02149963378906,167.14721953638156,163.61854451657695,165.13562435844057,3.6188608838198424,SPY,3,-1.4691322291292677,-1.6177985905979562,-1.7366622951423902,1.8227880305796171,2.0734239181508407
2015-08-28,167.0298309326172,167.49920215957198,165.8899239002669,166.37606203944344,1.3616669444133502,SPY,4,-1.4097726591782958,-1.616479497294136,-1.4524652516554026,1.7017862419065088,-0.04248252258843343
2015-08-31,165.6803436279297,166.90407214663924,165.12715075826358,166.04913887437377,1.4189137466838613,SPY,0,-1.3887096633486626,-1.7797140408400367,-1.464578053784053,1.7969993457686237,-0.750723537173328
2015-09-01,160.73524475097656,163.24974505608074,159.86354414980423,161.8667622146275,3.2587661129853474,SPY,1,-1.4981457293201792,-2.319982756956477,-1.9228048200399266,2.363056809923958,-2.676176825269132
2015-09-02,163.78614807128906,163.82805896165158,161.2800251847447,163.1239892560224,1.3587871389045958,SPY,2,-1.4856290929343257,-1.8389079170890443,-1.553796613324899,2.1605571010664293,1.5847814992353493
2015-09-03,163.9034881591797,165.99890474830394,163.40897291360426,164.49857930842256,1.1964085808765186,SPY,3,-1.4595031539579142,-1.8209630718675083,-1.2812021907620905,1.4222717669988065,0.015332968020013465
2015-09-04,161.42251586914062,162.48699112083295,160.60111611376172,161.64044738851246,2.287860822806441,SPY,4,-1.49545982520362,-2.08626350212403,-1.5171661201875766,1.761040141441953,-1.3703148682916715
2015-09-08,165.47921752929688,165.63009416033984,163.58496571100363,164.2303575421744,0.48068263851089793,SPY,1,-1.3973602640420146,-1.4850717418235124,-1.0779081677820832,0.8012299879837114,2.106922273450492
2015-09-09,163.26646423339844,167.18909052015616,162.89768167736435,167.06337064757716,1.1420257064827357,SPY,2,-1.3701569284915138,-1.7229468432127502,-1.0775970669348856,0.36560790323134396,-1.214946303235286
2015-09-10,164.15493774414062,165.30322192163933,162.81386603554935,163.0736956416046,1.3258767771222628,SPY,3,-1.3123391049266324,-1.5964728830288686,-1.0697074791567134,0.37917246513835745,0.4241147305300731
2015-09-11,164.90087890625,164.9679337597962,163.04852534657667,163.7609719747754,0.5534319637510027,SPY,4,-1.2351686217682865,-1.490087475379799,-1.0063275580154136,0.3791724651383582,0.34660291621158373
2015-09-14,164.2890625,165.12722926243146,163.8029242430606,165.07694130299114,-0.245197049535486,SPY,0,-1.1815729258937364,-1.5596792065434122,-0.9599303136628367,0.3278971221487028,-0.3693546530883364
2015-09-15,166.34255981445312,166.786787118012,164.24714317902138,164.79194638847036,0.4366321331581732,SPY,1,-1.072742632102831,-1.264267632426465,-0.7785611806164253,-0.20311681720320818,1.0310658782052102
2015-09-16,167.78419494628906,167.97698248541326,166.300649174541,166.6443005727278,0.154315927508086,SPY,2,-0.9389378541018008,-1.0644258671837108,-0.5739275074563108,-0.5661354159564134,0.7019800740231005
2015-09-17,167.4070281982422,170.05563798888642,167.02985574836006,167.6501036986477,3.6566238468901866,SPY,3,-0.8378037906840582,-1.111618456969482,-0.44390282496090055,-1.1599372622345998,-0.24208939138679725
2015-09-18,164.67132568359375,167.39267480976977,164.25849712014326,164.89039016793595,2.616855281909591,SPY,4,-0.8291808921621242,-1.443693590982352,-0.7646619756272494,-0.5136470348013988,-1.4765336357650407
2015-09-21,165.5222625732422,166.55012997537312,164.46910762492797,165.50540849441848,0.27626804969342167,SPY,0,-0.7931319628643463,-1.3202426746472893,-0.7301731320356613,-0.5136470348013985,0.4004320717586428
2015-09-22,163.37388610839844,163.83727703326133,162.2364731888168,163.34861140848776,1.2321947787595995,SPY,1,-0.8196346470649123,-1.5735345906640479,-1.036656431184694,-0.02627606115996889,-1.1804412436739289
2015-09-23,163.11265563964844,164.01414965722748,162.53131200810208,163.54233826231925,0.01953467864557025,SPY,2,-0.842224584053402,-1.6038483415387905,-1.0008084407384423,-0.0838606276823333,-0.18566925008161908
2015-09-24,162.52291870117188,162.98630959849973,160.5514150898855,161.89102552915193,1.3411133497554175,SPY,3,-0.8706511346924493,-1.673377390338586,-1.1684790345588265,0.3326272359183676,-0.3611081135669943
2015-09-25,162.48081970214844,164.29224184163175,161.60458721302194,163.98893257322655,1.255294748653736,SPY,4,-0.8880570509632978,-1.6784430205729541,-1.0192445965626729,-0.10954337764346124,-0.06929082511158594
2015-09-28,158.40298461914062,161.68883701149747,158.0912547506794,161.57930474164885,1.720928139566469,SPY,0,-1.0091567470178167,-2.1426273689449777,-1.6261461549700982,0.586587013947248,-2.252371270647828
2015-09-29,158.4956512451172,159.86054921571466,157.49304537211324,158.62203759093322,1.3345003160164999,SPY,1,-1.0938338096298361,-2.1271107769782414,-1.7611403871918345,0.6937883765610633,0.003936960701741248
2015-09-30,161.452880859375,161.62138309093592,159.60775121242682,160.3912923743384,1.421954313216881,SPY,2,-1.0691383666137682,-1.6473426636884556,-1.2507300576244198,0.0953289390372272,1.5572876890203997
2015-10-01,161.8742218017578,162.17753110883018,159.9279924380028,161.83209300935007,0.7794460862361385,SPY,3,-1.0297406448152986,-1.5815776145881817,-1.097783726653133,-0.0883988224039001,0.17934387269319274
2015-10-02,164.29220581054688,164.31748050604588,159.33815979837223,159.8858081979462,2.36570686792696,SPY,4,-0.9236015490905253,-1.2142647085340612,-0.6934880369314774,-0.7632500319482145,1.2397664335224539
2015-10-05,167.2157745361328,167.4432596637084,165.412773310527,165.5223055674891,0.68500990035223,SPY,0,-0.7522847795352409,-0.804103463974809,0.49602758639141575,-1.2076943150196937,1.4837279056882946
2015-10-06,166.642822265625,167.64542791844002,165.97723393840553,167.080938360951,0.3665383418744525,SPY,1,-0.6293470833375476,-0.8799844483884433,0.4623355864725414,-1.1563730502579372,-0.3446418776727124
2015-10-07,168.00772094726562,168.36157949934756,166.38164287423808,167.57802546153314,0.6450478852462551,SPY,2,-0.491682016669002,-0.6928481054261062,0.6587027119031142,-0.9693685924108502,0.661012788927787
2015-10-08,169.5242919921875,169.8107471213442,167.3168699496485,167.6201791616669,1.2156086074042167,SPY,3,-0.3398182332132979,-0.49053906678002807,0.9587658089330143,-0.6007287757243001,0.7329554890351875
2015-10-09,169.6254119873047,170.10564413377404,168.99351878791342,169.66754077177745,0.3029226244574268,SPY,4,-0.2180271089031168,-0.47705798844723596,1.0529706652334125,-0.5263827569686254,0.004933140353660851
2015-10-12,169.7854766845703,169.9876742603897,169.27153641953146,169.7012191240464,-0.7027983433469583,SPY,0,-0.11954158970469486,-0.4551096883477623,0.9935394308740485,-0.5263827569686245,0.03503259741081871
2015-10-13,168.7154083251953,170.3246320343359,168.54690611902066,169.0524127375446,-0.07477647088613182,SPY,1,-0.07473702423219629,-0.616740610526905,0.762433351553843,-0.7874728900709275,-0.5954247906077302
2015-10-14,167.90663146972656,169.23782116366917,167.61175573204258,168.65647744574315,0.14488064467650894,SPY,2,-0.06521530876215573,-0.7377891494320765,0.4428638048292812,-1.1188287295789754,-0.4637768699047011
2015-10-15,170.4847412109375,170.49316182304554,168.20149545181854,168.57220807891355,0.8402415392645082,SPY,3,0.010989643586444912,-0.3694889424137306,0.7136932060351916,-0.7300480232567468,1.2754108354363691
2015-10-16,171.25987243652344,171.27671366178848,170.12245979217326,170.88915978633827,0.451991757439531,SPY,4,0.08829924200872584,-0.26342029505823583,0.8578756181090819,-0.4965613957279441,0.3468190744799986
2015-10-19,171.3441162109375,171.3441162109375,170.29939459063777,170.6111243830308,-0.3033111674554289,SPY,0,0.14632958467799528,-0.25172748905984405,0.7840600030776049,-0.47602521956320165,-0.004137195241421785
2015-10-20,171.1250762939453,171.7401153082429,170.6532648388185,170.90602464860729,-0.26511355420836696,SPY,1,0.18013746255942992,-0.288165508216085,0.7077945829086231,-0.3504137230419622,-0.15780888238666987
2015-10-21,170.06349182128906,171.6979777484048,169.89497671945065,171.546329583827,0.2030681966445731,SPY,2,0.17109006624273054,-0.46520826471149607,0.49423566530147295,-0.6839414570189876,-0.5867877300790949
2015-10-22,172.93655395507812,173.14718505536948,170.06355551758983,171.01559934889326,1.6493954378803728,SPY,3,0.2382776580047726,-0.05259070765946092,0.7026681098564689,-0.20604622335100153,1.4068890160423586
2015-10-23,174.83218383789062,175.20289652528615,173.8127368034514,174.6131321843835,1.0446680363060041,SPY,4,0.33717454978589895,0.19856180986406918,1.0639537778532278,0.3849133282946577,0.8991672281432175
2015-10-26,174.40248107910156,174.71421086859263,174.03176843435705,174.65524086923617,-0.4519833596368778,SPY,0,0.39495169167265287,0.12357425224559813,0.8982272349356849,0.3849133282946565,-0.2603436570556927
2015-10-27,174.06553649902344,174.40254109791488,173.38308097403095,173.72851904423058,-0.2758845428341492,SPY,1,0.42244041026729273,0.06385974612904051,0.7169732392088862,0.06446147994580742,-0.2146175283648682
2015-10-28,176.04537963867188,176.07065432911048,173.736872205976,174.40246048068508,0.8752616414023242,SPY,2,0.4904835567961807,0.32987782177319114,0.8220981347889545,0.547771985674006,0.934583431801379
2015-10-29,175.9442901611328,176.31500278165475,175.4219293899771,175.53988223687986,-0.02542085173264864,SPY,3,0.5315029994121983,0.31114529262478086,0.8045345223382507,0.6151897164737045,-0.09665212941575278
2015-10-30,175.18601989746094,176.4582394432896,175.0259511265928,176.13807618975972,0.7794044074520696,SPY,4,0.5325586938539169,0.1689113422912066,0.662730836540312,0.40189698316361544,-0.42158534984187657
2015-11-02,177.2587127685547,177.4524897861131,175.38830752178413,175.51469389872412,-0.10986405296005931,SPY,0,0.5812261848739136,0.44981851326521527,0.7378207071570889,0.697504465097394,0.9738059142268425
2015-11-03,177.77261352539062,178.32868260572008,176.67732944907797,176.90481459210358,0.06826908544602783,SPY,1,0.6231786594115674,0.5173035534656213,0.7871428600434258,0.9439159314584447,0.20439325754266313
2015-11-04,177.23338317871094,178.19386020886319,176.6941682294307,178.06748672696096,0.08768742941408636,SPY,2,0.6300280148993324,0.41101972572582723,0.6859187563413106,0.9439159314584451,-0.3104152103946643
2015-11-05,177.05642700195312,177.75572351815484,176.1633535505789,177.29233271152756,-0.26590346640167106,SPY,3,0.6193979972351294,0.37560434780417534,0.5719418178111957,0.6136220049821014,-0.1334911669210982
2015-11-06,176.96376037597656,177.1996789568263,175.63258358056132,176.71101342488367,0.37044820876090745,SPY,4,0.5975446610184366,0.356556865051368,0.45788313532796576,0.28672615084768227,-0.09223725943631134
2015-11-09,175.31243896484375,176.50040118504046,174.36038249471315,176.34874014234128,0.778050839321835,SPY,0,0.5236879044409544,0.021905598274992485,0.24440518747753198,-0.4468753033483997,-0.8603251412756833
2015-11-10,175.7168426513672,175.75055081820187,174.56258862730706,174.83218968249022,-0.31619785054870403,SPY,1,0.4672482484142247,0.08487782812102951,0.19085295206003883,-0.44687530334839937,0.1531227720455598
2015-11-11,175.0259246826172,176.03695082071616,174.95852122595795,175.98640144219542,-0.47554179615577136,SPY,2,0.39455729977905357,-0.055177466344044475,0.14552475465232154,-0.32211649713149293,-0.3886737485493515
2015-11-12,172.5825958251953,174.4529999467227,172.5657546031237,173.98118861082295,0.5856635567642151,SPY,3,0.26110056689137306,-0.5244523867485265,-0.2805540104670313,-1.227123361811017,-1.2666775374163128
2015-11-13,170.64483642578125,172.43941698696537,170.56059172395422,172.16981594286116,1.2259667775973173,SPY,4,0.0956527514566822,-0.8655494687642489,-0.7382054008943586,-0.40238815567655756,-1.0266080121295662
2015-11-16,173.23980712890625,173.29878998871206,170.34152207091594,170.45948779052753,0.512824919843963,SPY,0,0.03341019811094951,-0.43122310575485,-0.5586360094478371,-0.8259531060792817,1.2627982230034307
2015-11-17,173.1134490966797,174.4362054109166,172.61636290210208,173.55156528208832,0.5818628485979404,SPY,1,-0.023141788451665403,-0.4536806138583654,-0.3577340909784396,-1.3497942088294976,-0.11012442859136397
2015-11-18,175.8600616455078,176.0032892078241,173.5515537099533,173.59366963259475,0.5862053809571096,SPY,2,0.005514848093969481,-0.02634055652464349,0.024869546090031894,-0.8254993874922666,1.3191166833878252
2015-11-19,175.7084503173828,176.12971247932526,175.4135616616627,175.74214563374179,-0.0711682790081749,SPY,3,0.019793945041928277,-0.05466476952523972,0.1419786085367086,-0.775776401458272,-0.12165106795498234
2015-11-20,176.34873962402344,177.031182174416,175.9696063022386,176.46669249870982,0.043765929821574595,SPY,4,0.044726069217759214,0.04290885327982929,0.28315839294437606,-0.4225056110186953,0.2688184673461354
2015-11-23,176.14654541015625,176.91323268232725,175.68315451649283,176.4077258622485,-0.5333919484432785,SPY,0,0.05422986972610202,0.003010385867084417,0.19590848701163363,-0.5725075197507037,-0.1463580141495353
2015-11-24,176.3824462890625,176.7868543051281,174.74794728526123,175.13550121768685,0.14028010079691372,SPY,1,0.0637528535772992,0.04063115367645277,0.08881518570215934,-1.0521029457614945,0.06932031245260588
2015-11-25,176.357177734375,176.71103636774527,176.0959844245046,176.50882592471962,-0.7904329486116378,SPY,2,0.06590027423677429,0.035336176882485304,0.1892946263392988,-1.0521029457614943,-0.05924274967354162
2015-11-27,176.559326171875,176.76153655861043,175.96956194709995,176.44979393873967,-1.0814362036840668,SPY,4,0.06858561257006728,0.06940645613404575,0.1780301134375882,-1.1206662098043318,0.052595127292173305
2015-11-30,175.8263702392578,176.8373966671618,175.7168379838029,176.7194437981713,0.41711256928594753,SPY,0,0.04558870314418798,-0.09097818050603769,0.043394659913217636,-1.2626932893151332,-0.40778314364902346
2015-12-01,177.5030059814453,177.62097172021072,176.18024957044784,176.4582841206091,0.12011550812362318,SPY,1,0.06991799959604302,0.19627151268366347,0.3948977896753464,-0.8506333202932128,0.7767126594823874
2015-12-02,175.6915740966797,177.77260994296742,175.43881426017808,177.45244662633874,0.3301547480863854,SPY,2,0.03379276728007483,-0.19217389321198083,0.048276915871481994,-1.2852124601342862,-0.9368835573147937
2015-12-03,173.23141479492188,176.21394503907788,172.5068434121416,175.9443439591062,1.4769742775957158,SPY,3,-0.06737361326640029,-0.6734098702886903,-1.1180170269744287,-0.1656838874324472,-1.2704533442901291
2015-12-04,176.6099090576172,176.90479765389327,173.2313918280088,173.2313918280088,2.006685821958238,SPY,4,-0.055548734818641685,-0.10681813597987738,-0.36197698404713247,-0.548724852793378,1.6292096629316264
2015-12-07,175.53990173339844,176.7025762517463,174.57099130289473,176.2813142008919,0.20285186390821594,SPY,0,-0.07936825073366138,-0.3074224612418324,-0.3657569064468797,-0.5487248527933778,-0.5741309231420195
2015-12-08,174.36041259765625,175.48939214730268,173.3746606455708,173.97285859387978,0.22955208686429643,SPY,1,-0.13389547072048583,-0.5226907745162915,-1.054476576664947,-0.045457810610175245,-0.631823071349231
2015-12-09,173.0039825439453,175.8180113665934,172.02665101141596,173.72013353117376,1.40110499766246,SPY,2,-0.21679360383210677,-0.7618090955974646,-1.491101319926271,0.4533706659923162,-0.7244960457425581
2015-12-10,173.45040893554688,174.76474429715466,172.83537002523468,173.0712757129132,0.4827308530422794,SPY,3,-0.2707067231574936,-0.6839007821372726,-1.3696878809019966,0.4533706659923169,0.17681288463398778
2015-12-11,170.0887908935547,171.99289097180136,169.7770481951906,171.3273025053737,2.3690808647325303,SPY,4,-0.4074743686198577,-1.2424613116679484,-2.572037856167159,1.3871869038151412,-1.745053106718962
2015-12-14,170.94815063476562,171.07453697504988,168.46270687995957,170.24886687996727,1.7977222915652515,SPY,0,-0.4899063127010642,-1.0883620074007183,-2.3996862576868216,1.7012133635089455,0.39049803276512046
2015-12-15,172.7427520751953,173.65267984017308,170.9228965452398,172.4647175201271,1.2357414448134547,SPY,1,-0.5027512347239307,-0.777840926494648,-1.3920566309057825,0.25369623261794894,0.8593758575642096
2015-12-16,175.270263671875,175.57357282088526,172.54891479841078,173.87167077055568,2.088120211916681,SPY,2,-0.44049462746196627,-0.373302435774314,-0.5809454123485427,-0.6211740230919102,1.213620109265545
2015-12-17,172.5995330810547,175.64946701213313,172.58267899496616,175.5820635236799,1.6132897026527644,SPY,3,-0.4650474989977112,-0.809015049280852,-0.8774762267148419,-0.6540252327405668,-1.3792138458811265
2015-12-18,169.524658203125,171.99098546495205,169.36362381531808,171.85538913053546,3.1673327842583965,SPY,4,-0.5686022622008003,-1.2601526311583378,-2.0412158100510496,0.3217681003708631,-1.6066114097014645
2015-12-21,170.923095703125,171.101084486675,169.58398325887222,170.70274033853093,0.144644464900119,SPY,0,-0.6081456410785657,-1.0361111279833835,-1.802897807848686,0.3217681003708627,0.6660566324053485
2015-12-22,172.47406005859375,172.7707036640907,170.82136280667632,171.81298115782678,0.38145736186708296,SPY,1,-0.5928341764615136,-0.7962750773281427,-1.201392683311805,-0.4306700051167279,0.7370190870039218
2015-12-23,174.60987854003906,174.6522580498585,173.38942107873945,173.4826508273779,0.38068332730580506,SPY,2,-0.5184125373735189,-0.4828070813197517,-0.405576701056572,-1.1729051218279078,1.0211345888997305
2015-12-24,174.32168579101562,174.8725934911412,174.10133047041091,174.35559456797586,-0.8587166898443702,SPY,3,-0.4661152247042613,-0.5277019031529426,-0.3143583123475118,-1.2555963612511016,-0.1901472247106228
2015-12-28,173.9234161376953,173.9657827252586,172.84703840586343,173.62677243026948,-0.5141661207635378,SPY,0,-0.4348169912319893,-0.590845582739406,-0.6353856045520266,-0.8144060235108977,-0.24528592340833513
2015-12-29,175.7794647216797,176.11000419116687,174.9912601915219,175.02515603836744,0.016559607344658583,SPY,1,-0.35747156876792946,-0.316188059116193,0.09210279521901701,-1.2055882545083754,0.874291674857127
2015-12-30,174.53358459472656,175.61844569483083,174.3895046119371,175.53368667793808,-0.5654151475361469,SPY,2,-0.33142039101563964,-0.5185760213038401,-0.23476619347842198,-1.394930944877918,-0.664024409524865
2015-12-31,172.78768920898438,174.4997207918084,172.78768920898438,173.85559611533392,0.4579022059612888,SPY,3,-0.35979559027998825,-0.7915905411370671,-0.8290629247469583,-0.8423690628798929,-0.9191878125502813
2016-01-04,170.3721466064453,170.38061733347607,168.3126218860981,169.92295235806984,2.590974741706864,SPY,0,-0.4491606438000585,-1.1454660379315513,-2.0742929918190716,0.3620696190565404,-1.2684392804102258
2016-01-05,170.6603240966797,171.1179891192369,169.55005091810494,170.69421994070248,0.3778769558451719,SPY,1,-0.5099047635595372,-1.0990606322513712,-1.6750114120933726,0.07670501500745716,0.09983789872748997
2016-01-06,168.50759887695312,169.5585382659889,167.47360094538482,168.10077111434867,1.1969007874693312,SPY,2,-0.6155914185853066,-1.4021275812719427,-2.1485787353485923,0.5491705934875514,-1.1483333289546043
2016-01-07,164.46484375,167.33799866452176,164.07497036102643,165.54969196399927,2.4139907469186737,SPY,3,-0.8079839029925732,-1.9119464218353872,-2.7529586569649482,1.1925393671751734,-2.1540033143387247
2016-01-08,162.65956115722656,165.99039365035162,162.3714012174392,165.4310152267109,2.342166293744096,SPY,4,-1.0037293650359675,-2.1181706326270535,-2.744692077007548,1.4678276354802433,-1.0045568773412987
2016-01-11,162.82057189941406,163.92237419854322,160.87971501893227,163.5833511428996,1.9079944306913041,SPY,0,-1.145045820059434,-2.090045468176784,-2.636105193222008,1.6926056647608698,0.03903997660144313
2016-01-12,164.13427734375,164.88858594590823,161.99847711478168,164.2698865813626,1.5981662581477964,SPY,1,-1.2099679580386529,-1.8605113015080152,-2.148015896877585,1.2982469387709887,0.6504998492761636
2016-01-13,160.0406951904297,165.15135126879767,159.65930545504915,164.8038573828774,2.5674639380840487,SPY,2,-1.3650660957256138,-2.3219655523410867,-2.287328863294283,1.663738123691223,-2.238408531380371
2016-01-14,162.66802978515625,163.79525734585224,159.04905033137382,160.65089730027674,2.9569958386951427,SPY,3,-1.4016511682280077,-1.885312267253705,-2.056244003446698,1.75349083811097,1.3661431596053437
2016-01-15,159.1762237548828,159.98138284526976,157.2353660345853,158.29478929362412,4.625155431081175,SPY,4,-1.5155844262893259,-2.2539639757271686,-2.3348965818848146,2.0099820733492195,-1.9297448993897346
2016-01-19,159.38809204101562,161.12554859392307,157.8116698761334,160.99842298885656,2.0529393487545997,SPY,1,-1.5855518567283795,-2.2193653431670795,-2.001456906580416,1.522832822136971,0.06860963130591471
2016-01-20,157.34548950195312,158.91344062239094,153.4213957355556,156.8200198633326,3.865041583682272,SPY,2,-1.6831361650452437,-2.4256036760791666,-2.1534622489647055,2.1232010911187764,-1.1660154392956754
2016-01-21,158.22694396972656,160.0745714508688,156.48948768515635,157.82012916393177,2.0634285094119167,SPY,3,-1.7197153995638428,-2.277551514742139,-1.7630578883084855,1.6689810617250265,0.4379368394926935
2016-01-22,161.47300720214844,161.67640812580294,160.0830448500717,160.84582417859346,1.5185617652803742,SPY,4,-1.6421504636758657,-1.759918466244461,-1.3264479090643717,1.0693663260111783,1.7153399838214276
2016-01-25,159.03207397460938,161.1593902898162,158.8371438015396,160.9644601167464,0.7654082748209629,SPY,0,-1.6346082114937746,-2.0204032052875838,-1.402889967465463,1.268854837438008,-1.368541883204837
2016-01-26,161.20179748535156,161.48148670298048,159.3541700222635,159.6931802017116,0.9770789414744185,SPY,1,-1.5534561346098006,-1.6938804604062219,-1.2213297425541432,1.1450326452056112,1.12905433675893
2016-01-27,159.44737243652344,162.3544223777091,158.5405003166785,160.67630029192964,1.8631480590332656,SPY,2,-1.5249726093506966,-1.8814142908513973,-1.2237837892021397,0.8044223194158405,-0.9963715553358238
2016-01-28,160.2780303955078,161.2018443958863,158.62533265803873,160.9984434019905,1.031896466044919,SPY,3,-1.465999518907842,-1.756658974405546,-1.1784947297812451,0.8044223194158401,0.404067999099579
2016-01-29,164.1851348876953,164.32074413134808,160.9305906344845,161.04924548957837,2.356299370951429,SPY,4,-1.2980314853845287,-1.2040826936451432,-0.8126393872801055,-0.3561414794194615,2.0430836593991044
2016-02-01,164.1258544921875,164.9140721619875,162.59181160400766,163.17661534202395,0.8783359479033997,SPY,0,-1.1571756321968356,-1.2110323171026305,-0.7029903379095667,-0.5554041765107739,-0.07814648221743878
2016-02-02,161.1679229736328,162.70196557716704,160.64244031379968,162.69349484790288,1.8012888046591395,SPY,1,-1.1199884868930963,-1.5489858863951234,-0.9458136666750692,-0.07620230504361593,-1.62492365272161
2016-02-03,162.1341094970703,162.54092433557236,158.57445056225356,162.22733924468645,2.247648734996053,SPY,2,-1.0550326430153203,-1.4130649019757768,-0.9675598335079653,0.3777092391879598,0.4718310783340308
2016-02-04,162.38836669921875,163.3630307107808,160.99840420553886,161.63405802153412,0.9472091462251052,SPY,3,-0.9889113365830476,-1.3769451850031957,-0.8029408760203635,0.07979511022101077,0.08915896993913403
2016-02-05,159.29486083984375,162.44770514097527,158.65920695546097,161.87138516002568,1.766028553336927,SPY,4,-1.015974598626954,-1.7258494417601544,-1.0398818609656904,0.5744811051718514,-1.7157850698902286
2016-02-08,157.15060424804688,157.74387867623352,154.93005727437148,157.44724792834648,1.9791540080247845,SPY,0,-1.0892698128799743,-1.9511911517449978,-1.4801242055946204,1.2254784188123362,-1.2227862359380568
2016-02-09,157.1590576171875,158.43884902705562,155.2690503860317,155.4046596496117,1.8399548080509749,SPY,1,-1.1379283322877907,-1.9499029251551656,-1.4218008305340288,0.97095925670488,-0.04214326535412492
2016-02-10,157.0234832763672,159.6254201070894,156.89634472430163,157.98967678296572,1.1195271019015918,SPY,2,-1.1707459442547958,-1.9644781479598912,-1.2714863259815383,0.5411542651089504,-0.12169826098136892
2016-02-11,154.98085021972656,156.03180234138384,153.4807038447789,154.5401266935596,2.525586683614912,SPY,3,-1.243952253311392,-2.181549302564609,-1.7630146849628776,1.1321794076484506,-1.182997392447421
2016-02-12,158.1760711669922,158.19301262102636,155.91314554229416,156.76068381067878,0.7110412780592062,SPY,4,-1.2019231579157224,-1.6844878650845345,-1.2994421006887267,0.40305481317015307,1.723981758830628
2016-02-16,160.84584045410156,160.87126557213108,159.0236380224671,159.98983130481827,0.5645363826493355,SPY,1,-1.0847398084092337,-1.3029348112751125,-0.6843049221060563,-0.3995534391220445,1.405558620182435
2016-02-17,163.4731903076172,163.84610922621385,161.8882849035813,162.01542340714366,0.8773019171176926,SPY,2,-0.9111931054189049,-0.9531325296360108,0.053865842536601066,-1.1723509254788713,1.359135431957913
2016-02-18,162.80361938476562,163.8037212449003,162.4900343705473,163.74438735982798,0.2091215438545668,SPY,3,-0.7873913687212414,-1.0341763674980398,0.1668918767447009,-1.1723509254788707,-0.40295403388333806
2016-02-19,162.7273712158203,162.87992191877856,161.41368412212734,162.02391279877943,0.45621719226250695,SPY,4,-0.6874311048729324,-1.043584452716503,0.07865627958497179,-0.9166462737148436,-0.08745987079735629
2016-02-22,165.08355712890625,165.22763712998835,164.24448931181553,164.31229394745625,0.2348691088890745,SPY,0,-0.5394667482446969,-0.7295110155714762,0.8538345962375763,-1.2953688793055047,1.2005938116068262
2016-02-23,162.99856567382812,164.6936422073792,162.87989790136822,164.42242375445537,0.3899737267451429,SPY,1,-0.4794098877771852,-0.9936736878138221,0.4517919522114304,-1.1854888414000642,-1.149723874248466
2016-02-24,163.74444580078125,164.0241350750713,160.45600501023247,161.5662784451217,1.1710916966107219,SPY,2,-0.4099789203611528,-0.8939202406491423,0.20818831564046478,-0.6286656452257566,0.3493552319894401
2016-02-25,165.72764587402344,165.7361295343985,163.43082415156576,164.1936035055933,0.37554492864132183,SPY,3,-0.29949517165125866,-0.6343418249739504,0.8484547657830641,-1.085715636847006,0.9978297551200104
2016-02-26,165.34629821777344,166.69388145415166,165.18526381863157,166.60066462560889,0.7547305672833347,SPY,4,-0.22403625030435317,-0.6852929496333618,0.9512959094334518,-1.332683394885545,-0.24670949705277048
2016-02-29,164.0494842529297,166.31240958924124,163.85455409711722,165.3631709879916,0.677017497331035,SPY,0,-0.2024038961563856,-0.8583793832454488,0.5963981155751419,-1.0049625109503262,-0.7300544574851557
2016-03-01,167.90582275390625,167.9905817617275,164.8038292943359,165.27844870035366,0.9922202483154159,SPY,1,-0.07950686044237072,-0.36247388325381613,1.0306750447700443,-1.370539542392867,1.9693668981790218
2016-03-02,168.66018676757812,168.71103701601038,167.1769941703758,167.59229275326118,0.21055053073692598,SPY,2,0.03483711542366207,-0.2711504282423265,1.1673386690821355,-1.1851487918826047,0.34216733453913
2016-03-03,169.32119750976562,169.33815189653654,167.90581012597994,168.48212995211202,0.0668023891876064,SPY,3,0.13857398378887814,-0.19072642805395248,1.1806010617376583,-1.0219276653958589,0.2926034303371663
2016-03-04,169.87208557128906,170.6518321433285,168.68553719193758,169.51612105748362,0.7440111809616375,SPY,4,0.22974775293679178,-0.12311774106126233,1.222945844012201,-0.6854460006556028,0.2350471311672196
2016-03-07,170.0077362060547,170.4145639772772,168.8720377759822,168.94831313343246,0.16696643082497126,SPY,0,0.2984617436859468,-0.1061443339200427,1.0572777190140505,-0.6854460006556027,0.022453638757310903
2016-03-08,168.15162658691406,169.43988867711715,167.99060514149804,168.9313733566446,0.6384507291393636,SPY,1,0.2932606275624689,-0.3871383980072831,0.7044146797210609,-0.9779296925950051,-0.9993882369101958
2016-03-09,168.98219299316406,169.32967387288193,168.1770212498452,168.96523860582883,0.05943913733545012,SPY,2,0.3051194578112888,-0.2775054757021553,0.6695028893845094,-0.9779296925950044,0.38073896307140065
2016-03-10,169.11785888671875,170.41460493710412,167.28718520584988,169.47383650520175,1.290699883368188,SPY,3,0.3108336033115699,-0.2593712436974271,0.5977519656762481,-0.6508041237889566,0.02282608129213804
2016-03-11,171.84686279296875,171.88924229487964,169.10084694989558,170.5755553300917,0.9161028803817507,SPY,4,0.38397728778016343,0.09438629907339427,0.8467681562205477,-0.23362361042310897,1.3422387013280972
2016-03-14,171.62655639648438,172.0842215232804,171.00785687598227,171.33839639322719,-0.361103763326841,SPY,0,0.4268825536039811,0.05840783511984451,0.8184124735607724,-0.17948356347574787,-0.15812426286594652
2016-03-15,171.3468475341797,171.65196189463276,170.3976086049525,170.66034345626284,0.027046783297972284,SPY,1,0.4439515097431049,0.011691758716982262,0.6362780247695604,-0.4335924679749342,-0.18834440058662755
2016-03-16,172.33847045898438,172.74529823845296,170.82138227849984,170.86376178874585,0.7442017125459521,SPY,2,0.47603179325108247,0.14282861201329378,0.6731253036238707,-0.10607078870136952,0.4539156492366595
2016-03-17,173.4317626953125,173.94027790480766,171.8553409743026,172.25368500123147,0.8429466908209742,SPY,3,0.522342300315353,0.2851653702917373,0.7407243722921983,0.23072795803072707,0.5019257085222526
2016-03-18,174.11331176757812,174.45407045404377,173.61920257282546,173.93440500776174,0.924198488011116,SPY,4,0.5677936397220619,0.37313077160316427,0.7681289351204482,0.3713551123429533,0.2935192563962161
2016-03-21,174.3603973388672,174.59041665117803,173.61923988700426,173.8492591993151,-0.37470493986129577,SPY,0,0.59993992908924,0.40538425862501426,0.6959842655360448,0.4097832882349918,0.07624192555063493
2016-03-22,174.2666473388672,174.83742528186085,173.42326504955457,173.585116974404,0.11244462715095901,SPY,1,0.6117923306224156,0.3873387503841001,0.6297653020014103,0.48245712324333984,-0.09347929260076505
2016-03-23,173.1165771484375,174.0707118598421,172.94618480787767,173.8832906845147,-0.21343186196304356,SPY,2,0.5781569949805717,0.16559146326047589,0.47257996079023545,0.22220960397545392,-0.6213647435869943
2016-03-24,173.03988647460938,173.0739701406084,171.8642599798402,172.08575181239442,-0.14776991471863962,SPY,3,0.5391949823513743,0.1507741160665636,0.32948564069732994,-0.34651173161120774,-0.08525967522093543
2016-03-28,173.1421356201172,173.67031548511676,172.69062450988648,173.45733805579619,-0.5834660304459478,SPY,0,0.5014929567665424,0.16612276609691706,0.3848118455187349,-0.1310823694456361,0.0044480759243634505
2016-03-29,174.74375915527344,174.85451160492232,172.426563125988,172.73325121807324,0.022160442041905228,SPY,1,0.5070141301857414,0.40344395768104324,0.4986270558487618,0.27418822802450793,0.7521775232229728
2016-03-30,175.51040649414062,176.23452180129772,175.14407863360756,175.7489401246286,-0.1079885076769629,SPY,2,0.5230554508812215,0.5135393599134935,0.7261422518787176,0.6990727255601183,0.33305200461185763
2016-03-31,175.08447265625,175.84267171503555,174.92260774497396,175.4167168955131,0.055130344944336565,SPY,3,0.5139040443694615,0.4224032610870759,0.5966636740964332,0.5709357592773427,-0.2576495744969106
2016-04-01,176.2771759033203,176.4645971010006,173.77255898805814,174.08777445639976,0.4488837109703998,SPY,4,0.5302507603708733,0.5968682528680921,0.5742946764135266,-0.07641447541483008,0.5422952183843109
2016-04-04,175.70635986328125,176.40493199418893,175.39967187882826,176.2004690048505,-0.5618565732582719,SPY,0,0.5172169410395888,0.47120748616912256,0.579533970982551,-0.07641447541483008,-0.3282521488049045
2016-04-05,173.9514617919922,175.71490829463204,173.69588625562233,174.36037485071697,0.15591559893472698,SPY,1,0.44829749438401517,0.09729542879520328,0.275057684722032,-0.9732263351089281,-0.917826571438483
2016-04-06,175.85122680664062,175.9108667347412,173.77256472671314,173.95147151190238,0.0006641129824160746,SPY,2,0.4382797342953635,0.3870645418013559,0.3819385207854815,-0.8890044110257432,0.8957182687977866
2016-04-07,173.7469940185547,175.1185692605372,173.01435110049363,174.76076871903456,0.43768005687190326,SPY,3,0.36288252465047377,-0.037461358281327385,0.09501841727423023,-1.270358623345025,-1.0913952082095832
2016-04-08,174.21556091308594,175.36564438770728,173.678853558381,174.93116205328425,0.06419051871929436,SPY,4,0.30885753518489845,0.03552107602958708,0.16400813870663442,-1.1522104110158016,0.18688619038236157
2016-04-11,173.8065948486328,175.55301207436477,173.71288427557084,174.85443998442858,-0.15974561867441078,SPY,0,0.24772497805368845,-0.04663740669378511,0.11636054114072104,-1.0595983598005958,-0.2507469763874964
2016-04-12,175.42520141601562,175.70633310888272,173.53396129971506,173.97695787627296,0.4672839017847774,SPY,1,0.2382543703856343,0.20857682579321585,0.22545363927195888,-1.1617734024928372,0.7575379153204459
2016-04-13,177.1972198486328,177.2824160193581,176.2090014643058,176.34531013782208,0.0899083131937529,SPY,2,0.2736450897514776,0.4714142388506677,0.7543754860609468,-0.39138054486375173,0.8253081220981401
2016-04-14,177.2057342529297,177.70837086159483,176.85646115084722,177.25685975482745,-0.5278010372660482,SPY,3,0.2946092753909893,0.47265750849135874,0.8212868376307854,-0.20284516880395564,-0.042641409355773506
2016-04-15,177.00979614257812,177.3420404050816,176.68606629738127,177.2057317335134,-0.31844056607240667,SPY,4,0.2983310562601659,0.4294309864614291,0.7025430136330636,-0.31444941000139165,-0.14280942441071579
2016-04-18,178.25355529785156,178.28762595955135,176.3452732649673,177.00976166052985,-0.18408801327459862,SPY,0,0.32864384382276557,0.6172610828071187,0.835074988577015,0.11362508799619837,0.5607663075353638
2016-04-19,178.81588745117188,179.07146302762754,177.99806120545034,178.6795917429608,-0.06927090198104245,SPY,1,0.36044467587680445,0.7005651442949655,1.0934533560984663,0.4401741886482381,0.22649846327153395
2016-04-20,178.98623657226562,179.6847957800082,178.3813749541583,178.85844231536993,-0.21248317344947734,SPY,2,0.3821194667738103,0.7261083489791629,1.1592357932465542,0.682226377422606,0.035814080608178235
2016-04-21,178.0236053466797,179.11404893283404,177.75098795058466,179.0032964907813,-0.12129197861092612,SPY,3,0.3640233656621109,0.4959689664687924,0.8301677742079139,0.21818948647024405,-0.5147554907101484
2016-04-22,178.0236053466797,178.29620974366182,177.12058297056248,177.66580476363964,0.14776838900127642,SPY,4,0.34181456758179524,0.4959689664687924,0.5958395602960154,-0.22557318153486428,-0.046810781567215416
2016-04-25,177.7168426513672,177.75944072650898,176.80529323994094,177.41866912448202,-0.5088748998908024,SPY,0,0.30808333745453426,0.42052612382631144,0.3959992065412977,-0.4435534094662745,-0.19646299248072463
2016-04-26,177.98097229003906,178.49212330774736,177.50390493970355,178.0831972939366,-0.3164042597650448,SPY,1,0.28162689469383567,0.4661828894517063,0.529750748470778,-0.07887023600819959,0.08205860230700852
2016-04-27,178.3473358154297,178.7392070746571,177.2398503887596,177.59765097292447,-0.28732437670903566,SPY,2,0.26402211074383986,0.5303245936366581,0.5026748229261676,-0.2725881415316492,0.13162246977371006
2016-04-28,176.72869873046875,178.69660843693498,176.31127121643829,177.58913601275276,0.10736973901458068,SPY,3,0.19820613853446378,0.12003823902291365,0.13099941389269615,-0.9225440719568753,-0.8379353395295562
2016-04-29,175.77452087402344,176.456051198613,174.6670357214541,176.10676511988328,1.0046127401118752,SPY,4,0.11389472309823845,-0.10935342518857633,-0.5216690279714876,-0.9273762839233602,-0.5165761952136516
2016-05-02,177.17169189453125,177.35058568287192,175.8427146132642,176.27718395548993,-0.587836348661163,SPY,0,0.08161498531783086,0.15382995567037655,-0.09177175397990867,-1.3708061566192686,0.6401897038666822
2016-05-03,175.62974548339844,176.1749672912992,174.88006062286738,175.9364335627872,0.2900796048522237,SPY,1,0.008518587159542079,-0.20775451086977095,-0.6102262777864257,-0.9313129591095769,-0.8053105147315407
2016-05-04,174.64999389648438,175.36560788684616,174.14737031923184,174.63296506272343,0.00868231715565365,SPY,2,-0.08004824494680347,-0.42656820607844426,-0.9718146076972405,-0.5667227535954764,-0.5322287213054551
2016-05-05,174.61595153808594,175.47637575045397,174.18999664103234,175.11857519682238,-0.48004310483520274,SPY,3,-0.1533576967296454,-0.43417712669855607,-0.9886277710933822,-0.6378416104465254,-0.06372598132331528
2016-05-06,175.25489807128906,175.29749616426528,173.687387043022,173.84072457880094,-0.04944569369231221,SPY,4,-0.1951132807318202,-0.30316854132506366,-1.049130369098,-0.3806157758350238,0.2701247814489348
2016-05-09,175.39967346191406,175.83414269418165,174.9481623972705,175.127069139445,-0.3459624564858436,SPY,0,-0.22545007647228454,-0.27327010944214536,-0.8079860479382633,-0.7474811019775985,0.024841330624142732
2016-05-10,177.58056640625,177.5976082392371,176.03861199821603,176.1067663310547,-0.28449021939235664,SPY,1,-0.18972266618526465,0.15676417671444573,-0.05662500925918483,-1.0251320491292406,1.0254568897967706
2016-05-11,175.9193572998047,177.6572474101795,175.9193572998047,177.1205531256093,-0.2000450334609427,SPY,2,-0.20977029147349258,-0.23803778182950025,-0.34635553861552976,-1.0971529580945507,-0.862363252972372
2016-05-12,175.970458984375,176.76274173534193,174.95668439935457,176.5923494024132,-0.04406119173142273,SPY,3,-0.22554425730724625,-0.2279141862039787,-0.6527082486433226,-1.1585308530515042,-0.021608361043551107
2016-05-13,174.43702697753906,176.22604256241553,174.1133101281779,175.672306452345,0.09265117412628121,SPY,4,-0.28197098935017473,-0.5781450179863212,-1.1138057106437718,-0.7085811392822647,-0.8062755871161223
2016-05-16,176.15792846679688,176.63499593198063,174.54781927224496,174.6074592049497,-0.28420045260787824,SPY,0,-0.2788660327671612,-0.23208560782229357,-0.6957895219434399,-0.9676222566517668,0.8050479275074036
2016-05-17,174.51373291015625,176.1749544696479,173.9855399790805,175.8853082488365,0.4588350168428288,SPY,1,-0.32298230060580535,-0.5917719722361672,-1.1433357309352443,-0.6632469516757242,-0.8605208958234899
2016-05-18,174.56484985351562,175.74900402077907,173.47440628937858,174.1644511855311,0.5607932308991557,SPY,2,-0.3563228742188154,-0.5813373728981791,-1.266900913561782,-0.39532860260860103,-0.02139781250080385
2016-05-19,173.9600067138672,174.24965297295668,172.75029616198105,173.8407398425295,0.46886968028339543,SPY,3,-0.399130840672325,-0.7128903619571989,-1.7093715026705458,-0.03383553479968914,-0.34798872979320133
2016-05-20,175.0589141845703,175.5785795777547,174.5222069590707,174.573319456907,0.26166459763731226,SPY,4,-0.40136353353157656,-0.4817651744517326,-1.055476196135512,-0.93492599402846,0.49961014318444813
2016-05-23,174.82040405273438,175.35709835134318,174.63298286937538,175.07596657630472,-0.6574081627920219,SPY,0,-0.40907164754845393,-0.5356411830487064,-1.131985517331412,-0.9349259940284592,-0.16511558016190145
2016-05-24,177.0864715576172,177.40168699736577,175.6126713632845,175.63822761527615,0.03436438695805321,SPY,1,-0.35114777591099455,-0.07989971170284549,-0.2812683021130031,-0.7161083752617537,1.070733720134905
2016-05-25,178.2876434326172,178.7050838242209,177.086447754028,177.7679780467877,-0.3013760810522342,SPY,2,-0.27215493649008327,0.1426811574300641,0.3551419680516075,-0.12051738940901474,0.5397793466547418
2016-05-26,178.33877563476562,178.65399106697245,178.0235732016694,178.42397180544003,-0.7249258082794895,SPY,3,-0.2096213096066906,0.15208726113580875,0.46826527156959835,-0.12051738940901567,-0.02192824105720379
2016-05-27,179.1055450439453,179.11405946340653,178.449570770249,178.50068328524364,-0.5476818172668703,SPY,4,-0.1407419229948351,0.2940073286427109,0.6553304536167591,0.08660902439195611,0.32547013588786533
2016-05-31,178.7647247314453,179.48885316151993,178.20246122097163,179.37810074303295,0.3586967763575066,SPY,1,-0.0985581601026335,0.20685059167579428,0.5740973433603375,0.2540629031450219,-0.2120882732976939
2016-06-01,179.13108825683594,179.3099820462898,177.95544850111673,178.15138412736567,-0.4340575130792833,SPY,2,-0.05805241193365932,0.2769456205941915,0.5584988311377965,0.06626884251540135,0.13084097086145285
2016-06-02,179.67625427246094,179.6932831048577,178.2535668208089,178.73063411009238,-0.5708333894650921,SPY,3,-0.01433748278688414,0.38139851201748703,0.7339177661703138,0.2512037428576333,0.21687184734819678
2016-06-03,179.1396026611328,179.48888882028373,177.9298922310344,179.1140464054986,0.19749316309936904,SPY,4,0.0012297552337754817,0.23548079394950383,0.5537662993138588,-0.01090407307681997,-0.30636904902653095
2016-06-06,180.05117797851562,180.40897860725272,179.3355637219269,179.49742869664203,-0.5342691876127268,SPY,0,0.03494680994429449,0.41411060849507975,0.9306677803241584,0.4433939205059419,0.3936244388292122
2016-06-07,180.33224487304688,180.8945084129692,180.17890736167396,180.20446361356946,-0.611914777628915,SPY,1,0.06491938580448606,0.4686416871172721,1.0122492796030078,0.6657931536981461,0.08853935860632904
2016-06-08,180.9200897216797,181.04788399796703,180.34079726633757,180.46857854351228,-0.5087875729146581,SPY,2,0.10017043608485605,0.5828362313570177,1.0021014222356674,0.7361805399874256,0.23559017931183435
2016-06-09,180.67303466796875,180.7923015218025,179.91483545450157,180.18743983507352,-0.3576325160251102,SPY,3,0.11587618607248185,0.5095996316655091,0.7938781498380513,0.3469907155044118,-0.1653842102791511
2016-06-10,178.960693359375,179.63369636459402,178.41545862213925,179.2929376529333,0.4370886150789268,SPY,4,0.0752337707597956,0.02249107554791838,0.23558268402829402,-0.8494694184587116,-0.8731282484020204
2016-06-13,177.58056640625,179.21623139704838,177.49538323953402,178.3558073182912,0.5149287060874361,SPY,0,0.00017007631406265944,-0.3387312282024996,-0.09918820565681218,-1.357200344331208,-0.718587802898286
2016-06-14,177.23126220703125,177.8276093086284,176.2771276430494,177.1971915436498,0.6599728593508953,SPY,1,-0.07226446612178988,-0.42738430682615713,-0.4372854422337885,-0.6509952455459458,-0.21766259371732777
2016-06-15,176.9842529296875,178.35582816549694,176.7968317422518,177.2313010408829,0.3437142458367713,SPY,2,-0.13896142378421905,-0.49079121687044924,-0.3651050762315334,-1.0016489900782477,-0.16783143343940804
2016-06-16,177.5124053955078,177.68279772074933,175.14409766467531,176.98422558476526,1.1457053477048107,SPY,3,-0.1787895596611499,-0.3651161317011268,-0.6028282363927954,-0.15356715741722676,0.21174914743015688
2016-06-17,176.851318359375,177.4336232145888,176.19193298309247,177.40793406313585,0.5011250897446472,SPY,4,-0.230271768807775,-0.5400393528561522,-0.6171194673102285,-0.15356715741722768,-0.37057110128790177
2016-06-20,177.99029541015625,179.49744928551368,177.90465617327934,178.82094635435288,-0.17895556872212526,SPY,0,-0.2401075987127686,-0.2677043295357835,-0.039319496302732265,-1.3810578482164138,0.5102411080811485
2016-06-21,178.49546813964844,178.90650758067991,177.9302807415375,178.37558109156808,-0.38393381347653205,SPY,1,-0.23487448858768845,-0.15058825696034914,-0.0790066511282433,-1.3810578482164138,0.19911934344537216
2016-06-22,178.20437622070312,179.4032471083459,178.05878690811332,178.6753528122475,0.07450899483232955,SPY,2,-0.24009675196836072,-0.23207258624414073,-0.059214403701716094,-1.0988254628185123,-0.18843615175109307
2016-06-23,180.52503967285156,180.57641798398882,179.20628177571822,179.66869964266547,0.21683013420329322,SPY,3,-0.1806286423236386,0.28408907934930183,0.47381071013087434,-0.4846954794505998,1.0758924251929654
2016-06-24,174.04254150390625,180.55928924684218,173.59724105750848,174.37651357202682,4.795800281282899,SPY,4,-0.31660945927881773,-1.2181053728541633,-1.061565910266479,0.16472281203777625,-3.2200696821298167
2016-06-27,170.92544555664062,172.63812531946584,170.11191221593094,172.62955355795756,2.758132466974831,SPY,0,-0.5103341524244882,-1.7601567796620354,-2.6713713349270276,1.066516640170838,-1.614994456493098
2016-06-28,174.0082550048828,174.0339441550606,172.22706654787228,172.53534941671467,1.3411847990995354,SPY,1,-0.5742229315414344,-1.126078185521345,-1.8050254740371772,0.41503693100358646,1.5042769038114026
2016-06-29,176.97119140625,177.2023937510164,175.3098900547411,175.41264665241505,0.9034821476249146,SPY,2,-0.5390027048053466,-0.5945616267063115,-0.8062741965978735,-0.8321434060613719,1.4182805352725563
2016-06-30,179.3861083984375,179.43748671030048,176.88559704298115,177.44222591049132,1.4531121813643209,SPY,3,-0.4418145191216097,-0.2070334579685608,-0.11833064306201017,-1.268868817612514,1.1292693913629688
2016-07-01,179.7628936767578,180.2510137554177,179.223395288073,179.38610198095964,0.2827997105682051,SPY,4,-0.3540117993159252,-0.1489353014606935,0.28494163856277055,-1.0270271397153616,0.13525702219746596
2016-07-05,178.46975708007812,179.0435031016445,177.87032191327046,178.93217476112784,0.35719435542702616,SPY,1,-0.3211246407769505,-0.3867488326019764,-0.24565376174244097,-1.3569524751916282,-0.6732729578034935
2016-07-06,179.54025268554688,179.660139766317,177.3137633950026,177.97314887259418,0.0836584802874348,SPY,2,-0.26573319098933135,-0.21583986702791197,-0.1158774963811068,-1.2667668312469407,0.47211440013892075
2016-07-07,179.4289093017578,180.3880058677437,178.65820857076355,179.72006174975914,-0.12330049906224208,SPY,3,-0.22629409679327372,-0.23686736999810376,0.15208233997853823,-1.035340932313846,-0.10064036522090103
2016-07-08,182.1007080078125,182.3490539418561,180.4993562815728,180.7305717557863,0.8368437260108985,SPY,4,-0.12220164500992238,0.17594667254207144,1.0307320745515298,-0.4538004978470264,1.2357604453996005
2016-07-11,182.74293518066406,183.31669443041378,182.3575848268866,182.56311111336606,-0.36066911315012345,SPY,0,-0.025230715756545567,0.26979028310284103,1.3630433532397217,-0.18929334653234045,0.25867856810265094
2016-07-12,184.0702667236328,184.36999092806968,182.76862636157077,183.71060551833483,0.18793681332359208,SPY,1,0.08415804606795797,0.4600523011848956,1.5080615729722426,0.0884847494832304,0.5811753967577038
2016-07-13,184.0446319580078,184.4984912131024,183.55652484468777,184.4899325152246,-0.08895916569354659,SPY,2,0.16430513667085606,0.45469020365187685,1.375603376766367,0.12257824082729916,-0.05889614428007971
2016-07-14,185.07220458984375,185.5431942234719,184.6782954902362,185.31197875483406,-0.01142074969353531,SPY,3,0.24999483365192973,0.6024990927439123,1.4466081190801632,0.4004633710566928,0.4363186868236308
2016-07-15,184.82388305664062,185.8343580900746,184.37858255148888,185.63740352819917,0.3046334393082512,SPY,4,0.30347532866475574,0.5478665006962524,1.1829512843738827,0.26051017557540396,-0.16331682152250757
2016-07-18,185.32054138183594,185.48324807149643,184.68684508176648,184.94374969350878,-0.6565487859586031,SPY,0,0.351883165548224,0.6213543232920257,1.0332384802249421,0.26051017557540396,0.18605222519068015
2016-07-19,185.13209533691406,185.16634317806103,184.65254716060969,184.90087994237166,-0.7434827907101259,SPY,1,0.37666258653898155,0.5777623161492146,0.845229664602464,0.24255619251043034,-0.13509195691368492
2016-07-20,185.9028778076172,186.14265200141693,185.1321769085056,185.1321769085056,-0.6677901494331618,SPY,2,0.4093930635245839,0.6956259404007431,0.8807105477409521,0.5469126993256177,0.3137108592612999
2016-07-21,185.20066833496094,186.01418877817954,184.75536784532173,185.7915450667161,-0.4769052878060224,SPY,3,0.40690923629064346,0.5278575869948583,0.6839356082552968,0.3337247799706434,-0.375197686226094
2016-07-22,186.03135681152344,186.0827351347988,185.0551294691462,185.32059285054567,-0.5759380481615196,SPY,4,0.41960525937462206,0.6587730892018512,0.6537506534800993,0.3569689276237602,0.34152482116177346
2016-07-25,185.5260467529297,185.87714927186963,184.94374185326316,185.8257709650415,-0.7131684217640787,SPY,0,0.4067986015488157,0.5354349924274066,0.5032111481509837,0.2875004169930475,-0.28282926969747624
2016-07-26,185.6116943359375,185.97135556664537,184.7639130349545,185.4232984912746,-0.43119358520255513,SPY,1,0.39063455987783663,0.5495919364351662,0.4239967425603195,0.17031336681821632,-0.0067615920517605285
2016-07-27,185.41473388671875,186.05698886395425,184.64402007400957,185.98848009837715,-0.15326754480771587,SPY,2,0.36414446311791027,0.4993324095378625,0.3463276105900473,0.08881524756373799,-0.13893799892370215
2016-07-28,185.62884521484375,185.91999770981988,184.75537466320256,185.21779256306388,-0.5313179327598544,SPY,3,0.34132776187168684,0.5369483783397228,0.301972959196197,0.08881524756373707,0.05333404193175621
2016-07-29,185.92852783203125,186.288189047029,185.08075963479044,185.363353389441,-0.24385935903727754,SPY,4,0.32403504193386556,0.5904532440204898,0.3089536034714542,0.2600467561377799,0.09316390242171198
2016-08-01,185.7744140625,186.38240818563156,185.32055487761173,185.98849907675722,-0.3670697835606906,SPY,0,0.29861429651206484,0.5476950271878422,0.27555722735233384,0.30487073955653426,-0.1187654874027697
2016-08-02,184.58413696289062,185.68025139872915,183.7449272062956,185.52610336449712,0.009708409125347666,SPY,1,0.23822426226465743,0.22229649138544688,0.040772047599638164,-0.862757000486755,-0.6045625158883684
2016-08-03,185.12356567382812,185.18351574285276,184.22441917214476,184.52413031713562,-0.750470933505663,SPY,2,0.19935344620998852,0.3279871053630393,0.041985341195315565,-0.8627570004867542,0.20640431793212732
2016-08-04,185.32054138183594,185.637382998515,183.4708438573451,185.23490215568475,-0.8974997907723987,SPY,3,0.16823692678690796,0.36685177803989993,0.00917851229513464,-1.3710088259078126,0.0454684040213764
2016-08-05,186.8362579345703,186.87907754860166,185.3205455182115,185.3205455182115,-0.39523670277519246,SPY,4,0.18032016884416374,0.6571564484079451,0.2564507947752636,-0.64234490290105,0.6600081434585181
2016-08-08,186.72491455078125,187.12739534209643,186.45945127708603,187.0246256705266,-1.0300581711512447,SPY,0,0.18074510188584922,0.6247594638552945,0.31682689534905445,-0.507334242530572,-0.09853767908780599
2016-08-09,186.8362579345703,187.33293671056828,186.5108576146977,186.7934513872506,-0.8048895325715048,SPY,1,0.1782402638688052,0.646288615206022,0.354724675909398,-0.3930515092837145,0.004916115953373216
2016-08-10,186.3738555908203,187.02466935145293,186.0227530199327,186.94760187980813,-0.6721247429763181,SPY,2,0.15747107409940747,0.5056992199126553,0.26982649639127165,-0.7631808838299114,-0.2618316330102425
2016-08-11,187.23873901367188,187.48708493532814,186.63930361664032,186.9047669305606,-0.38308832957113625,SPY,3,0.15963700078226392,0.6795322139737514,0.465381902860683,-0.484930920678311,0.3549343043602544
2016-08-12,187.0760498046875,187.29013481344808,186.67356894288068,186.9304605000238,-0.6051925851698171,SPY,4,0.15109601062344194,0.628496778912686,0.4427216282067821,-0.4849309206783116,-0.12223929025822339
2016-08-15,187.6155242919922,187.96662682206687,187.43570021239086,187.44425890823004,-0.8334335455466292,SPY,0,0.15384185591886743,0.7385771681516056,0.7021106292962063,-0.07433998173605152,0.20305743467142762
2016-08-16,186.64781188964844,187.2643644692184,186.64781188964844,187.19586879003845,-0.7659516247312206,SPY,1,0.12337516242611293,0.4308837281693192,0.41020981161224646,-0.731986626631415,-0.49553935292743634
2016-08-17,186.9989471435547,187.13596466895925,185.8428960730684,186.6821055494282,-0.3308906142849609,SPY,2,0.10400727969025869,0.5063589163943067,0.322844908025715,-1.3349267751057812,0.11627912179235099
2016-08-18,187.41856384277344,187.4528116917612,186.86194809642447,186.97326340566778,-0.7704033158105701,SPY,3,0.09546520014077405,0.5967099211677115,0.6569055370195593,-1.1154940645398346,0.14768515191664464
2016-08-19,187.14450073242188,187.32433784610603,186.45943932166605,186.94754623016502,-0.32476383302684597,SPY,4,0.07616066093669008,0.5060442314325739,0.44249209613016577,-1.4032572871232134,-0.17379198611543836
2016-08-22,187.13597106933594,187.36718651802533,186.5365357085772,186.90475562064654,-0.6040950438560051,SPY,0,0.05604773880643594,0.5031603439744364,0.40712982640256923,-1.383978812651575,-0.050765799358528915
2016-08-23,187.51278686523438,188.05228529267336,187.45283678809113,187.75256104038226,-0.7622680141011392,SPY,1,0.0462750882078106,0.5904527659200313,0.7858518966472382,-0.8723673635612464,0.1277387475624192
2016-08-24,186.55368041992188,187.4613987593826,186.13406910197543,187.36720083358696,-0.3984777244125432,SPY,2,0.007466244448962802,0.2602317506870041,0.04013776835552324,-0.9630338006215916,-0.4917828140655204
2016-08-25,186.42523193359375,186.84484327485418,186.01419235578945,186.16832729744883,-0.4481766973585932,SPY,3,-0.03048862785082509,0.21668795861577778,-0.20734042698921215,-0.8818171960584402,-0.10657736942586553
2016-08-26,186.07408142089844,187.64118492420457,185.18349372068053,186.6135797111195,0.609303366147243,SPY,4,-0.07355139976232732,0.09626472352926017,-0.3364707397040906,-0.3417537943396581,-0.2104101758373847
2016-08-29,186.9903564453125,187.25581968865652,186.16826450029438,186.20252540913708,-0.4228240884207376,SPY,0,-0.08478629132164721,0.3314227113432413,0.0426548633900211,-0.3417537943396586,0.37943157313042725
2016-08-30,186.68215942382812,187.18739699451424,186.12554353296568,186.90480316683025,-0.6686832662346364,SPY,1,-0.1050981758569855,0.2229959058422891,-0.10383344987417369,-0.31302942813298856,-0.1899475183703858
2016-08-31,186.1511688232422,186.46801040009504,185.37189639003745,186.34812333857965,-0.1297368941448682,SPY,2,-0.1385022425585168,0.03733219317056297,-0.702002663235977,0.1770933103761794,-0.293975303229641
2016-09-01,186.1597900390625,186.45094256242362,184.99516687890392,186.14265957689005,0.1198336801551579,SPY,3,-0.16673729195899745,0.03970939825757201,-0.844673498297258,0.40434342414086333,-0.04279216629920796
2016-09-02,186.9989471435547,187.42711711041116,186.42520095597223,187.01607760090786,-0.24833486656466633,SPY,4,-0.16744331854753927,0.26921939748398993,0.11726785873566145,-0.5388076603906012,0.34345828128592193
2016-09-06,187.56414794921875,187.6412154127127,186.56223172366327,187.28155418302956,-0.6967152255769155,SPY,1,-0.15421157592315518,0.4183745097283465,0.35841322999208414,-0.729836061399928,0.21506289723637045
2016-09-07,187.54698181152344,187.7268189255083,186.9389878484547,187.40140560815897,-0.30269590921441314,SPY,2,-0.14644859142945132,0.4118018384106644,0.4546835951027327,-0.8085036310326974,-0.05475271741051684
2016-09-08,187.11883544921875,187.48706841784025,186.81055254837466,187.21303336521862,-0.3513608513747561,SPY,3,-0.15451788900333266,0.24607318499166614,0.1674725783895977,-0.7065790603256908,-0.245128769672692
2016-09-09,182.64019775390625,185.85147281719,182.6145085987369,185.80009450685134,2.575803664305817,SPY,4,-0.28783745351023204,-1.1721791498274239,-2.9427968395056077,1.4778370889552719,-2.148953077256791
2016-09-12,185.26055908203125,185.66303985484547,181.80951054920996,181.8780193048708,1.5144196880255358,SPY,0,-0.3198300835218463,-0.4617284816850917,-2.241229135522069,1.7375606614814245,1.1892834409708817
2016-09-13,182.59738159179688,184.24155288727647,181.97225702633867,183.9760895677002,1.8065264385237867,SPY,1,-0.41938944542691575,-1.1212074072836087,-2.8355222160587705,1.7375606614814245,-1.3032494569729278
2016-09-14,182.52883911132812,183.85616853078741,181.97222341931754,182.64872617114776,0.8411009160979269,SPY,2,-0.49840609319500123,-1.1369958324000085,-2.6726712229874297,1.737572165459889,-0.07938924017106332
2016-09-15,184.35287475585938,184.73822514377375,182.18633559413095,182.36617274407044,0.8459118386018695,SPY,3,-0.5076576486871274,-0.6801082510746305,-1.9461420110837884,0.893113096666424,0.8160178845992279
2016-09-16,183.64024353027344,183.91566286896128,182.95172144898766,183.73491728635778,1.2588989711236864,SPY,4,-0.5328732463577183,-0.8513051678251945,-1.9818217059068481,0.893113096666424,-0.382888272476185
2016-09-19,183.67465209960938,184.9398316046252,183.34759496335045,184.29433239319732,-0.2293491880693221,SPY,0,-0.5494795550176209,-0.8427137701837203,-1.5605390606106706,-0.023230070806400164,-0.03055372904899295
2016-09-20,183.6832733154297,184.6902506150678,183.64885246560053,184.53533709176185,-0.4394340762241597,SPY,1,-0.5598704656394942,-0.8404906241545828,-1.4380046930522368,-0.023230070806400164,-0.04273798389435692
2016-09-21,185.74888610839844,185.92961855928027,183.70049744695777,184.389032664752,0.3667348275707769,SPY,2,-0.5079191830595449,-0.33263285132338977,-0.8505069845715911,-1.016133876636103,0.9235482991005569
2016-09-22,186.91937255859375,187.22061081012316,186.51487175706978,186.7644590345271,-0.3002388456583567,SPY,3,-0.43267474158804603,-0.07016347478415409,-0.004335041377797729,-0.9556147121597668,0.4982678374665689
2016-09-23,185.89515686035156,186.66114867449386,185.80048312454906,186.52343903465132,-0.36072865427022177,SPY,4,-0.40123204661773926,-0.34019576635355486,-0.3567944494831425,-1.3924280629743928,-0.5235857253048369
2016-09-26,184.3890380859375,185.24108878772253,184.19107550457642,185.060356331527,-0.03927805508352605,SPY,0,-0.4179019658071829,-0.7136913108510277,-1.0466377966140947,-0.4814292673709998,-0.7527058933184197
2016-09-27,185.53367614746094,185.62833674914228,183.85536784384433,184.2254608538307,-0.26419463625484985,SPY,1,-0.3981671303017901,-0.45026473192344507,-0.8150189912860706,-0.7405029725674144,0.49018676618853957
2016-09-28,186.45458984375,186.60951647642858,184.79351158591177,185.75745282848257,-0.0872344579146992,SPY,2,-0.3563729546384133,-0.24704867185506504,-0.3406297462181381,-1.3594736869699513,0.38282882577836247
2016-09-29,184.76768493652344,186.65254470412683,184.21685947713974,186.2480308210012,0.7197382510015644,SPY,3,-0.3704847319581333,-0.6563987911080583,-0.6818723459763522,-1.0275063405091411,-0.8354407848059785
2016-09-30,186.1619873046875,186.86772632605005,185.35295947253545,185.6025467387852,0.5040465740374703,SPY,4,-0.34232474480937286,-0.35162540158758826,-0.20588565747764304,-1.1659529115315705,0.6055399700503472
2016-10-03,185.71441650390625,185.9381848253652,185.07751925138,185.74885048118574,-0.16461608229845162,SPY,0,-0.3327228806910192,-0.458863772689726,-0.4609759187367081,-0.9983093320897986,-0.25568126180833406
2016-10-04,184.76768493652344,186.05008140991256,184.17383670325754,185.82631308140867,0.5585306683354203,SPY,1,-0.35168815306383855,-0.6821331555666257,-0.7321665158328746,-0.4750868417210902,-0.49029105294364606
2016-10-05,185.5853271484375,186.01565994755165,185.32712484242606,185.39597966621008,-0.376902007192923,SPY,2,-0.34362372171659383,-0.49857686480046554,-0.3497597102143803,-0.4750868417210893,0.3363330705400178
2016-10-06,185.71441650390625,185.9381848253652,184.819330085356,185.36154046672084,-0.5731614472609355,SPY,3,-0.3336726818336531,-0.4696010060311449,-0.4102964876311753,-0.18392209381645092,0.013525637701970327
2016-10-07,185.0775909423828,186.16203839060913,184.3460328007503,185.9899078356791,-0.04005208964480394,SPY,4,-0.3437125907186033,-0.6262840722749669,-0.5586054382244973,0.07747531142220457,-0.3448711832687903
2016-10-10,186.04151916503906,186.5062729103624,185.89520755757215,186.04151916503906,-0.7929158133197368,SPY,0,-0.3246674162428951,-0.4036412825166123,0.005301673400027916,-0.21856185433415387,0.4039499623512909
2016-10-11,183.69186401367188,185.68001270355688,182.96030608826086,185.6111578753919,0.765322932548822,SPY,1,-0.3754429666288055,-0.9569520972766158,-1.1461521216411699,1.1243306549358567,-1.1497080006853508
2016-10-12,183.93287658691406,184.45788320081567,183.33040007743736,183.82958777038615,-0.35606063045451514,SPY,2,-0.408108310671456,-0.8998799782547806,-1.2155451830332378,1.1243306549358567,0.0669647211623369
2016-10-13,183.3303985595703,183.82958624838614,181.78121078436132,182.59884058410307,0.18955236238225925,SPY,3,-0.44973115832928406,-1.0363069565299916,-1.6517199586327187,1.6502286542118974,-0.3315044652057146
2016-10-14,183.4250946044922,184.77634624006126,183.34763783286186,184.31157934484307,0.03056169408777519,SPY,4,-0.4784586698361131,-1.0126352705328971,-1.1099925143286204,0.8899364295094737,-0.002001399454653715
2016-10-17,182.78819274902344,183.6574604123934,182.60744716652792,183.39925806570704,-0.6654839233813544,SPY,0,-0.5171544315751094,-1.1600393946138208,-1.495296842905254,1.152409717181502,-0.3486339588270847
2016-10-18,183.93287658691406,184.44926813868696,183.55418156931728,184.3890283673693,-0.29644806101209836,SPY,1,-0.5135439517252512,-0.8686383747614251,-0.9191884045359942,0.5493229185092081,0.4948966972185756
2016-10-19,184.42347717285156,184.73331740396787,183.83823069891997,184.19970877976922,-0.5018748488712457,SPY,2,-0.49506620821331104,-0.7472503416527044,-0.6701577976251079,0.33877290547678934,0.18432856775769466
2016-10-20,184.07919311523438,184.63862059448954,183.4164768166839,184.07057805287485,-0.36055201561393013,SPY,3,-0.48842960658123985,-0.8325565977928553,-0.8112128010478808,0.5196803168336868,-0.20895076798021284
2016-10-21,184.16529846191406,184.25137031101073,183.11528493999225,184.07923974553773,-0.05392914003571412,SPY,4,-0.47914553083613487,-0.8102613035181441,-0.9525055707131518,0.6488090013956005,-0.006231196608100048
2016-10-24,184.948486328125,185.31857947733505,184.59561017329463,185.04316009813513,-0.6283520961840521,SPY,0,-0.4484565885248685,-0.6077323977622021,-0.2147716964791664,-0.17725357686674367,0.321419983304851
2016-10-25,184.32872009277344,185.0258570145195,184.16519155405024,184.76765474983617,-0.5014163822464888,SPY,1,-0.4404651168838567,-0.7712439895119663,-0.5594813697932607,0.03348775198428593,-0.3380766200486909
2016-10-26,183.9586944580078,184.54394083988706,183.26154419811058,183.50254268015587,-0.31955398501824483,SPY,2,-0.44338423071646194,-0.8682188993875414,-1.0285642233328662,0.4503042282562895,-0.22117558030500156
2016-10-27,183.46807861328125,184.71604106753935,183.39062186356574,184.68162022301507,-0.2894916734806138,SPY,3,-0.45818061999893595,-0.9965411996631351,-1.0803991004720377,0.3125224881159507,-0.278542115602184
2016-10-28,182.92587280273438,184.12219753962472,182.21153186482982,183.4422774495756,0.9688702057168663,SPY,4,-0.48355240679814704,-1.1369811034622241,-1.6296366765759658,0.8280912463241887,-0.30363142000619736
2016-10-31,182.93453979492188,183.4853654459846,182.7710111725765,183.26158390689324,-0.6060063138111604,SPY,0,-0.5015608874434563,-1.1344181796021209,-1.5859020341043175,0.8280912463241892,-0.04269959942958436
2016-11-01,181.60910034179688,183.3132282184614,180.39557144702658,183.2615772348227,0.6147712256762702,SPY,1,-0.5507934569030591,-1.473270831883449,-2.3044581376441697,1.6773107146658834,-0.6778059210950342
2016-11-02,180.51600646972656,181.6865122032408,180.077058611712,181.299202179648,0.22872644999893335,SPY,2,-0.6174499022929771,-1.7336152366383222,-2.639293033787667,1.7721919706717555,-0.5706691364762574
2016-11-03,179.68980407714844,180.94638191937483,179.4143978510756,180.73121547008878,-0.0569022266326225,SPY,3,-0.6895563006847686,-1.9211484074052718,-2.8149199532128386,1.9654880804351995,-0.4448723300379383
2016-11-04,179.49183654785156,180.6451254480473,179.34552495299536,179.80167672893424,0.3436666129406927,SPY,4,-0.7475940918068306,-1.9656455459847413,-2.6482853995993962,1.985590456355728,-0.14246268340982737
2016-11-07,183.4508514404297,183.48528541575683,179.49179790419973,179.49179790419973,0.3570197014747378,SPY,0,-0.6780408125586695,-0.824822772879781,-1.3502404321301242,-0.1944568389896636,1.8463174955589294
2016-11-08,184.27713012695312,184.84517263024625,182.78818217079038,183.05498643159638,0.2970260688636919,SPY,1,-0.5966643140917288,-0.6218700702853166,-0.4044059453678973,-0.9768809674583262,0.34314407710405537
2016-11-09,186.2307891845703,186.8504693422541,182.75369350726555,182.77951241944302,3.3069666344089237,SPY,2,-0.4755177409547954,-0.17512995770340134,0.2970171379967926,-0.8868828788735433,0.8682902344047283
2016-11-10,186.69557189941406,187.89189650378796,185.2324430723884,187.02262901503323,1.5938554810526797,SPY,3,-0.3661065298046929,-0.07474705706747056,0.9296042673016434,-0.4615506437983128,0.16948141052284396
2016-11-11,186.26527404785156,186.5062593994829,185.31854963293324,185.9726508541159,0.17358938808390534,SPY,4,-0.29209366799152026,-0.18944000117952933,0.6389564972870398,-0.46155064379831207,-0.24703650041993183
2016-11-14,186.41159057617188,186.99685011184275,185.66281558041715,186.79028560524415,0.05504897208020222,SPY,0,-0.23058052950231744,-0.15627659412777586,0.7713177035957626,-0.25666022228225777,0.021324916487651994
2016-11-15,187.86611938476562,187.86611938476562,186.5923377483642,186.79888912400287,-0.003051252911717772,SPY,1,-0.14308533551684227,0.16418012841953344,1.172441431949303,0.09280369640614985,0.627630713693073
2016-11-16,187.5132293701172,187.74561278319638,187.125932436796,187.24642510788962,-0.5197669554607844,SPY,2,-0.08662636683973954,0.06441442440562595,1.0777278675735047,0.09280369640615055,-0.20995919455447873
2016-11-17,188.47715759277344,188.5373973535631,187.55623913068183,187.66812985706682,-0.4368162516438378,SPY,3,-0.018410689702925805,0.27210003366716334,1.2391379446273927,0.4112640259534266,0.39810994585129406
2016-11-18,188.05543518066406,188.71815137539457,187.87468962475032,188.54602088049072,-0.10996328816022315,SPY,4,0.019603228161304834,0.1494855140166351,1.0846254046804429,0.482934773475786,-0.24118471397987115
2016-11-21,189.47552490234375,189.50134381949704,188.48576472422937,188.63207629900276,-0.3851067735424686,SPY,0,0.08487600544211485,0.4493950759690637,1.2803652547910667,0.7882588322806857,0.6059874846438312
2016-11-22,189.84561157226562,190.02634398628018,189.1140405902068,189.78535867911793,-0.4838180118494349,SPY,1,0.141484830160471,0.5247512092368329,1.2006348463306935,0.9833783465383729,0.12251000205662108
2016-11-23,189.94886779785156,190.00050562514247,189.13123822274858,189.32918760493473,-0.6983406981555991,SPY,2,0.1832206306284636,0.5460979742164963,1.007536875669981,0.9833783465383729,0.0003717611034799367
2016-11-25,190.65464782714844,190.689068672833,190.21569996520256,190.2931698502438,-1.070431019985898,SPY,4,0.22962805341345227,0.6921276588448799,1.057396830547507,1.2449014239094622,0.2750075656636298
2016-11-28,189.75958251953125,190.62024827695456,189.65630683110996,190.34484206359207,-0.3023466013098365,SPY,0,0.23453107421811026,0.4090123717641862,0.779271803223797,0.7662716772149518,-0.4551419239652522
2016-11-29,190.129638671875,190.5857903840373,189.49274140738675,189.79397961702512,-0.43503994156090525,SPY,1,0.24213533490602396,0.48887867059887496,0.6808665474858971,0.6267493881638808,0.12224285889325802
2016-11-30,189.6735076904297,190.91286837693818,189.6132547888307,190.74933979570218,0.4264228157653182,SPY,2,0.22873309176153825,0.34357337433358587,0.5826654610298582,0.7754013251274632,-0.2552334512665084
2016-12-01,188.9763641357422,189.97472631448642,188.61487300392184,189.97472631448642,-0.2533641065089693,SPY,3,0.19230544927290788,0.12476845205642748,0.3185144372356055,-0.07450109387769117,-0.36633120679246833
2016-12-02,189.07102966308594,189.5616154027923,188.70955165458884,189.06242773409173,-0.3367256440545942,SPY,4,0.160330747801655,0.14738162441991523,0.2527393153623938,-0.07450109387769095,-0.0033538206416796343
2016-12-05,190.20709228515625,190.55135326245085,189.70790467517898,189.90585408048764,-0.47570454188404004,SPY,0,0.16124600533007347,0.413494283642974,0.4230112213959374,0.44176549427326794,0.47301702930570333
2016-12-06,190.8095703125,190.84400429252008,189.91448382270985,190.39645448126726,-0.6336949193608727,SPY,1,0.17304162140472984,0.5488692652437414,0.4382271914747273,0.584211599340343,0.22760642450685412
2016-12-07,193.30548095703125,193.36572071439272,190.53413693327656,190.65462958071313,0.375739429633643,SPY,2,0.2460210359636422,1.0578873843655052,0.7412854176904117,1.5771503278658279,1.0808735673712344
2016-12-08,193.77886962890625,194.25223837219423,193.01287771075508,193.27969509894712,0.1569516144244374,SPY,3,0.3097117366863766,1.1461086320575928,0.8934904539988803,1.8462349573125223,0.16542870991274547
2016-12-09,194.94937133789062,194.9665883280231,193.9682130237888,194.00264700405376,-0.07542943850320982,SPY,4,0.3848364221596061,1.3571206965505087,0.9742417959240601,2.0471750537199505,0.4757550432226621
2016-12-12,194.72560119628906,195.33667957954293,194.30387030459465,194.85469578929985,0.20263354646785553,SPY,0,0.429187385555923,1.2792378732606942,0.9138989472193187,2.1481621138232474,-0.14646906522460373
2016-12-13,196.02520751953125,196.52439518214243,195.3711063406179,195.38832333111233,0.3705672910011041,SPY,1,0.4913980747996687,1.5077985301631018,1.0430374374807403,2.4491342728825187,0.5303904697988598
2016-12-14,194.40716552734375,196.42972196998025,193.96821763119038,195.72398295037203,1.006154855122421,SPY,2,0.48554100660863286,0.9629537307345841,0.7814682485662757,1.268810706631928,-0.7660281832467235
2016-12-15,195.2075958251953,196.06826157153114,194.41578491449238,194.64816834316386,0.6582521209800545,SPY,3,0.49385441344888986,1.1095885561015484,0.7966301552330284,1.2688107066319287,0.30972445668069626
2016-12-16,194.82579040527344,195.7261658622484,194.50547138064348,195.6655578250906,1.2823938971144753,SPY,4,0.4802115616197779,0.9843403814621421,0.7111041972403631,1.2688107066319287,-0.21669544601875887
2016-12-19,195.24998474121094,195.6742013225138,194.86040509436378,195.0075790405007,-0.029080645914690742,SPY,0,0.47199531303242626,1.06447584422978,0.7111181928716191,1.2688107066319287,0.1419143725519051
2016-12-20,196.00320434570312,196.15039152554453,195.55302980660466,195.7867697060943,-0.03904981412314924,SPY,1,0.47729837166312,1.20474830924132,0.7454925895561969,1.453117121601476,0.2872903861701004
2016-12-21,195.4578094482422,196.0465053614896,195.4578094482422,195.8733602817182,-0.4742914326337071,SPY,2,0.4569243664494984,1.0180904830258555,0.5830177247601697,1.3578547214587295,-0.2885997973357476
2016-12-22,195.1201629638672,195.4318293772006,194.72191740956032,195.31062650591105,-0.7063013459127415,SPY,3,0.4224577408198153,0.9028624359935421,0.38379905875111053,0.6391383900633796,-0.19683740196634328
2016-12-23,195.40586853027344,195.41452116077593,194.972999222937,195.16344956485196,-1.0937413685043818,SPY,4,0.39472331330765986,0.9609171574927468,0.35361686918740926,0.6391383900633796,0.08015378182275174
2016-12-27,195.8906707763672,196.2889031226138,195.65691766262628,195.67423613293508,-0.9751612584206132,SPY,1,0.3781307843797579,1.0594756970747472,0.4333146283515989,1.0641936242111796,0.1682061059487713
2016-12-28,194.27174377441406,196.16771349248134,194.15920673511602,196.15040823112668,-0.5499880433186777,SPY,2,0.3117994220972779,0.5050470506207683,0.1553099415931548,-0.26937930658838694,-0.7669194872232244
2016-12-29,194.2284698486328,194.6959629034167,193.78693468620676,194.3410068893433,-0.8556106280792423,SPY,3,0.2511880223646805,0.4907767933960987,-0.01993941109078636,-0.5597340665999625,-0.06614153441148328
2016-12-30,193.51852416992188,194.64398685218566,192.8259307339041,194.55740771888804,0.3412095493846362,SPY,4,0.17716029646055298,0.2564424892189339,-0.18727575516789724,-1.2575995047409738,-0.3645646877703656
2017-01-03,194.9989776611328,195.50976029257782,193.82157257247454,194.82581936358508,-0.008729491065092203,SPY,1,0.15453873260584913,0.5918354742700153,0.050051259269061836,-0.72548049419815,0.6144914912468741
2017-01-04,196.15902709960938,196.30620105653207,195.3192597141345,195.32791234332257,-0.2592408150626714,SPY,2,0.16351676636441684,0.8346572731262434,0.3067131342082651,-0.28236126421568175,0.46787157601803553
2017-01-05,196.00320434570312,196.15904415548493,195.2067264571573,195.89066731598953,-0.2664929234906442,SPY,3,0.16046013753780616,0.7818667604549195,0.2399571397291203,-0.3690793338140674,-0.11576786200141839
2017-01-06,196.70448303222656,197.17197608733392,195.57035431256418,196.1157738852922,-0.4018318741780807,SPY,4,0.17190764662443356,0.9275980866611051,0.40078810410202664,0.16990453681146708,0.2630991050337557
2017-01-09,196.05511474609375,196.58321567390468,196.0204778140398,196.44469436592695,-0.890469969192793,SPY,0,0.15692886282760937,0.7029515474781529,0.30365975113266,0.16990453681146636,-0.333742392252835
2017-01-10,196.05511474609375,196.912187267703,195.66552191614153,196.0724200020017,-0.5564006219532645,SPY,1,0.139522458687274,0.7029515474781529,0.27372704624094857,-0.13706350850077553,-0.046810781567215416
2017-01-11,196.60923767089844,196.60923767089844,195.30196395484305,195.9685863632232,-0.34050253577282963,SPY,2,0.13586279489517342,0.8257760482978358,0.24450892852366046,-0.44753305475500904,0.19809478833800126
2017-01-12,196.11570739746094,196.3061708912984,194.75650505702336,196.08973630376664,-0.39085050692795115,SPY,3,0.11380383525236895,0.6478147659340686,0.0762473423915392,-0.8969124957277063,-0.2649025485130881
2017-01-13,196.56594848632812,196.86894906518972,196.25428206713286,196.28890579810013,-0.5773194021478001,SPY,4,0.10389560644102017,0.7512197063802056,0.3879208982201425,-0.5237448545990512,0.15217334590964657
2017-01-17,195.8733367919922,196.33217714291624,195.48375710669535,195.9252789886823,-0.6066354649801992,SPY,1,0.07175444878434109,0.5001292687821608,0.11178962449203673,-1.141003941653882,-0.35309987140075494
2017-01-18,196.30624389648438,196.34953347211365,195.57036074115808,196.12443296289095,-0.7345992555914598,SPY,2,0.05394294163752236,0.6040496173055773,0.2035078180388877,-1.1284844935507021,0.14475751790442457
2017-01-19,195.57901000976562,196.52266191195307,195.1461407104001,196.38414056572665,-0.5000965540843098,SPY,3,0.015213663024415071,0.34188842768098227,-0.027533296862127993,-1.35320306172689,-0.36886531462856487
2017-01-20,196.2975311279297,196.79099515057976,195.63090885581107,196.26289419398807,0.7415303009575418,SPY,4,0.0008485082610603748,0.5195685518807545,0.3187587732300944,-1.2527595689926108,0.27139237975831587
2017-01-23,195.78677368164062,196.35816431223958,195.024932717631,196.29756948118217,-0.332333494095343,SPY,0,-0.02853965741630711,0.3356839391523036,-0.18629886492264552,-1.080985438757309,-0.27288405731042353
2017-01-24,197.0421142578125,197.45766509459938,195.8906803134804,196.00321735066092,0.07440579022415916,SPY,1,-0.020119769273526936,0.6416856172709944,0.8566676237440076,-0.8914193634769796,0.5077809110931782
2017-01-25,198.74761962890625,198.74761962890625,197.8299256030772,197.99441805308547,-0.14624566204412318,SPY,2,0.030377601388321764,1.0168225602910843,2.3104939224920202,-0.08520481064389995,0.7010228404259263
2017-01-26,198.53981018066406,198.86879503523576,198.26276752205186,198.6004050059098,-0.6318431905258156,SPY,3,0.05991810156225602,0.9406152998524765,2.0987679996104256,-0.016056828852847146,-0.13758744943450935
2017-01-27,198.2281036376953,198.76485716736948,198.0462927785472,198.61768323859167,-0.6369954821183217,SPY,4,0.0698058417034205,0.8251374078688334,1.5916332879566246,-0.21222519785800023,-0.18315075226203795
2017-01-30,196.99879455566406,197.56151928587133,196.0118532129129,197.5355481881769,-0.23953468901413777,SPY,0,0.03859834351819961,0.3862502095040788,0.2915678378443593,-1.0689688288899604,-0.5866068649849772
2017-01-31,196.98147583007812,197.04208386469998,195.93393966411406,196.50531702276677,-0.3160747989005009,SPY,1,0.00934274042327862,0.38021024947172494,0.07935736819680261,-1.0189446331378615,-0.05443956330353436
2017-02-01,197.0594024658203,197.89916990736018,196.47070659882672,196.98148916756324,-0.25183191501843977,SPY,2,-0.015394519682341685,0.3998370166283195,0.4127975870442326,-1.2002125626205031,-0.012489903773526299
2017-02-02,197.18923950195312,197.4749347597979,196.36679066216223,197.05937081559478,-0.439586898432412,SPY,3,-0.03486246719535823,0.4333258839586548,0.25083020627243685,-1.275183984610165,0.010342626834916392
2017-02-03,198.54849243164062,198.7303033547446,197.78665142703923,198.0983178594153,-0.2231430186510761,SPY,4,-0.01570093245637703,0.7704917361822001,1.1252925904068636,-0.47212251906436054,0.5492743066800635
2017-02-06,198.1934814453125,198.5397847241752,197.85584400474593,198.14153925601292,-0.6751216460212658,SPY,0,-0.014290543196784704,0.6348382262240738,0.8510643787152827,-0.47212251906435937,-0.20210221248565044
2017-02-07,198.20220947265625,198.82554236007024,198.01174591205069,198.58313659386744,-0.6723212286726424,SPY,1,-0.01666184920093631,0.6370268798402209,0.8209481830930698,-0.2952971440877843,-0.0429895715650021
2017-02-08,198.4619140625,198.5917695636371,197.65677032508353,198.20218985010365,-0.7986476384811998,SPY,2,-0.014971132623697416,0.7034777710816973,0.6481910957803749,-0.6034793263512548,0.06681332916599775
2017-02-09,199.63934326171875,199.94234387116998,198.46193813812891,198.46193813812891,-0.5130685794497258,SPY,3,0.015471312446755831,0.993081165715442,1.1430641835575686,0.20222976558546915,0.4664714745979528
2017-02-10,200.42710876464844,200.65220922169698,199.65660205348237,199.98558689986365,-0.5118638641197369,SPY,4,0.05722830173074145,1.1745069148582046,1.417507310032866,0.5625278806904389,0.2949160797244403
2017-02-13,201.51797485351562,201.77769907197353,200.89464201326567,200.92061311409918,-0.7268827264267202,SPY,0,0.11582531562774337,1.4111605029751642,1.7030489695977142,1.0657280511339315,0.42418771299831953
2017-02-14,202.32310485839844,202.33177069873477,200.98987324872715,201.3361633989964,-0.410780904528855,SPY,1,0.17898125896023953,1.5757172994379907,1.6209481906587335,1.2882702418786771,0.29918422040589837
2017-02-15,203.37930297851562,203.5697665204438,202.05472402518362,202.10666622568726,-0.09964282734318468,SPY,2,0.25198970578830365,1.7797004612926213,1.7518295627715974,1.7322010825838783,0.40499576399354686
2017-02-16,203.20619201660156,203.58711916439967,202.45300356262538,203.40530822199622,-0.1405952097467946,SPY,3,0.29760907710857976,1.7047814538590036,1.4881802806479032,1.738069740192966,-0.12070091438150007
2017-02-17,203.52647399902344,203.52647399902344,202.5222141034397,202.5395325733972,-0.2898112108251413,SPY,4,0.33500694414281895,1.7673486399777973,1.3066459972891935,1.7380697401929668,0.08984791580494489
2017-02-21,204.73851013183594,204.91165519616385,203.89007685942246,203.8987426992179,-0.05676726676039969,SPY,1,0.3904016521960488,1.9943880521648851,1.4817731214209047,2.1993419021776552,0.4684041514855809
2017-02-22,204.55670166015625,204.78178892544693,204.16712195825545,204.33161439486557,-0.5892812131755484,SPY,2,0.42040123288597875,1.9124471605886173,1.2090844059509935,2.1993419021776552,-0.12389956873638107
2017-02-23,204.6952362060547,205.09346856342964,203.93338201264498,205.07616330275954,-0.34117931983794697,SPY,3,0.4390944499628434,1.9387601790334257,1.012518855736059,2.298237621683075,0.011935595691752834
2017-02-24,204.95497131347656,204.99824767757306,203.80353733186945,203.84682690608932,-0.1870531610554939,SPY,4,0.4520957571932706,1.9887580847549062,0.8507594012772232,2.1457703322595476,0.0632243246338032
2017-02-27,205.27525329589844,205.44839835137117,204.6172968010536,204.86835514997097,-0.700420667951033,SPY,0,0.4621776289424553,2.05062401323239,0.8271022396753338,2.300937498342784,0.08868278469613294
2017-02-28,204.72117614746094,205.1367269123795,204.33159647971726,204.89432119866694,0.10232263673424821,SPY,1,0.44547794096598375,1.7815598584859438,0.6266907886164542,1.9500288562306038,-0.281343890925401
2017-03-01,207.58677673339844,208.05428292165232,206.36608227643924,206.38340074529486,1.1382646923965265,SPY,2,0.5033351846385462,2.306892435613116,1.0216216416615571,2.8107897851660937,1.1593762944076418
2017-03-02,206.27951049804688,207.40497315954045,206.22756830307532,207.39630732029798,-0.42790890007713234,SPY,3,0.5025964814880766,1.7392213792850622,0.758813921957071,2.6643226371975937,-0.594985711660637
2017-03-03,206.40939331054688,206.57388575648002,205.81203156905175,206.1929586627659,-0.1951368604608396,SPY,4,0.49602906719712886,1.7632871729650423,0.5973771792426681,2.220440810655637,0.007808079413432728
2017-03-06,205.79470825195312,206.14965100347789,205.18868072324162,205.6128973513154,-0.722726756243859,SPY,0,0.464209392513763,1.5034799431365788,0.42647231928597873,1.581407292884547,-0.3056049001041305
2017-03-07,205.17999267578125,205.84661491621947,204.97221071236544,205.49165901584544,-0.5299683340376263,SPY,1,0.41296694980242704,1.2501555268139244,0.30491200663511886,1.3641983277903498,-0.30639195179232737
2017-03-08,204.79908752441406,205.7340866443304,204.66056620069597,205.4743624648891,-0.2706647713055317,SPY,2,0.3536104283231449,1.0954195681309176,0.2092181128724093,1.0486483677679517,-0.20804937714730548
2017-03-09,205.0587921142578,205.3877769241297,204.08916936110182,204.9202708037729,-0.022277080591458463,SPY,3,0.3064349814651907,1.153997901220156,0.12813174202912359,0.4884665547535082,0.06315564857250605
2017-03-10,205.7773895263672,206.06308482122967,204.8250718768257,206.01979525350114,-0.19479152196426947,SPY,4,0.28213582422462863,1.3136696193472335,0.22996055129073037,0.8261188285621179,0.2567398494026596
2017-03-13,205.88125610351562,205.92454566749777,205.38779206245576,205.7167636864556,-0.68570607247074,SPY,0,0.25889633796284833,1.3365789031520716,0.22886377502880248,0.8261188285621179,-0.0030230627375877244
2017-03-14,205.09347534179688,205.3878365145119,204.47880831462683,205.3358811004165,-0.6336274394247613,SPY,1,0.2118905168292314,0.9997439030799917,0.04644901617535896,-0.0584529963886026,-0.37947379305982953
2017-03-15,206.8682098388672,207.29242645521649,205.43108077298604,205.6648338644537,0.08485525680141061,SPY,2,0.2182494789885,1.3945694797381347,0.36585361130574634,0.8952064888377276,0.7008300024387141
2017-03-16,206.46131896972656,207.08465176220116,206.1323473143416,207.0067384656722,-0.26718756989179104,SPY,3,0.20551671783762387,1.226344556502084,0.34458478557780436,0.8952064888377276,-0.2176530714572754
2017-03-17,206.09873962402344,206.91607632998918,206.09873962402344,206.72478419592946,-0.055655832518564784,SPY,4,0.179206674636449,1.0770265324920534,0.27567821627464373,0.8624937952086883,-0.19933181001385494
2017-03-20,205.87266540527344,206.38567007845458,205.48139087941647,206.0987318881352,-0.7793801320173903,SPY,0,0.1463650999195792,0.9835025563055981,0.1303382305420757,0.2659470989148582,-0.14204603504375485
2017-03-21,203.22940063476562,206.60308429201066,203.09898019135397,206.4813541222953,0.7939403795720676,SPY,1,0.04138306211771477,0.00018349596821984424,-0.39286425588457863,-1.2935714545791217,-1.1681287224606824
2017-03-22,203.7075958251953,203.9945340186917,202.6381085713206,203.26415312665975,0.11437574414614717,SPY,2,-0.03188865081467899,0.1254331625766886,-0.778876624415147,-1.016529854224464,0.15712430931553348
2017-03-23,203.490234375,204.629283691837,203.11635362966538,203.70761060394116,0.17076316958323942,SPY,3,-0.09887497760394807,0.05050632466702346,-0.7839947306152754,-1.3893815847907043,-0.13944913803088924
2017-03-24,203.34239196777344,204.36840125782555,202.55984295900794,203.79453817627297,0.41080517996353444,SPY,4,-0.15823511163080972,-0.0012968996152533051,-1.05799259419635,-1.0829578057813052,-0.10987703075689131
2017-03-27,203.13372802734375,203.39458214769667,201.38602797588516,201.664262641361,-0.08637111167327387,SPY,0,-0.21263969880516992,-0.07561006967423463,-1.5716277899956055,-0.4203607274274723,-0.1359002030026386
2017-03-28,204.61190795898438,205.03795688647148,202.71638029888368,202.82942018622143,0.03329463150028711,SPY,1,-0.21550823611277417,0.33043036394459435,-0.8469793460734337,-1.3630498637527615,0.582338369918333
2017-03-29,204.8031768798828,205.03794691617117,204.09888003860954,204.32495980229157,-0.5925520053729482,SPY,2,-0.21384919328811597,0.38046608598158765,-0.6046768906825216,-1.3630498637527608,0.034265595071544176
2017-03-30,205.45529174804688,205.65528741288264,204.56840636847858,204.74230468206505,-0.6960047015437424,SPY,3,-0.19581224873841538,0.5496921320137282,-0.26990630537595395,-1.000996884764314,0.22904408224932668
2017-03-31,204.97708129882812,205.64659049106066,204.92489986224118,205.11619199361942,-0.35870028677887306,SPY,4,-0.19666551286536524,0.3669420511848416,-0.3400332729456042,-1.0009968847643147,-0.24901554478488752
2017-04-03,204.62059020996094,205.22924098793237,203.3858948410498,205.0292585753686,-0.12423926405579193,SPY,0,-0.2089152284364141,0.2318199778585833,-0.9497070969727631,-0.8666266510189409,-0.19785532519425356
2017-04-04,204.75100708007812,204.8379628758166,203.95106417613255,204.33364844923514,-0.701397142320645,SPY,1,-0.21637795576086347,0.2685027420705569,-0.8728218810542714,-0.8666266510189411,0.008477082595833664
2017-04-05,204.1424102783203,206.4118191640658,203.93372427393624,205.4292741363675,0.3372857895701583,SPY,2,-0.24061073186472914,0.034146852997590335,-0.6439341198041687,-0.9758755683733233,-0.30511624961532663
2017-04-06,204.71629333496094,205.23798846108082,203.8380846477931,204.28154076272992,-0.44994308392150945,SPY,3,-0.2447357278022177,0.20234665904727422,-0.8227672872585784,-1.0378265521700254,0.19678186455551994
2017-04-07,204.50750732421875,205.20311375317107,204.02058680422888,204.4640294347363,-0.3452201771886182,SPY,4,-0.2548825635101952,0.12053890082835901,-0.8380816400468166,-1.037826552170026,-0.13535379161204672
2017-04-10,204.62925720214844,205.4292000289866,204.0988587414895,204.64665101313784,-0.48012050829133057,SPY,0,-0.26041554892941177,0.15747515621535876,-0.7160528816370108,-0.8933600849586171,0.004832493152317643
2017-04-11,204.38580322265625,204.49013955663008,202.8902538536075,204.2466792656306,-0.07464548042191556,SPY,1,-0.2724534541490476,0.0580582545656792,-1.2761073123161653,-1.0935101954254716,-0.15010865051499628
2017-04-12,203.490234375,204.29888084580904,203.26416787323433,204.10758870293344,-0.19731805016044063,SPY,2,-0.30763324589022906,-0.2967833009253774,-1.409469899707912,-1.0935101954254718,-0.42786363400285066
2017-04-13,202.16860961914062,203.8902391301026,202.16860961914062,203.1511545480397,0.02131694284051266,SPY,3,-0.3724227599011531,-0.7759100431928675,-2.0309690346237823,-0.4159084091046561,-0.6122194796528749
2017-04-17,203.95977783203125,203.95977783203125,202.49031237727522,202.69029479628222,-0.4644393619614419,SPY,0,-0.3728798358371321,-0.20145162255627766,-1.4091386103904562,-0.47118731913312,0.7185911870837062
2017-04-18,203.35110473632812,203.89020679103865,202.66420170976033,203.2206843096354,-0.1702982898598326,SPY,1,-0.38984248379133224,-0.4129042548876514,-1.466051082683538,-0.47118731913312034,-0.3061523587075256
2017-04-19,202.9772186279297,204.29016620304782,202.75113887085845,203.9162854780321,-0.45859440867179224,SPY,2,-0.41299708196603724,-0.5407203774804709,-1.3640513245684942,-0.8151897839544767,-0.2065001812364963
2017-04-20,204.62925720214844,205.07271314304106,203.2728318319624,203.5945443635195,0.015200085102414095,SPY,3,-0.38425111285608926,-0.04595779388605142,-0.603789926704077,-1.378786639623567,0.6565776460605282
2017-04-21,203.97715759277344,204.6032022014737,203.5771927562991,204.55103402868073,0.36882670559023045,SPY,4,-0.3794151368209626,-0.2701576939543626,-0.7898334406623269,-1.3787866396235664,-0.3237744868942802
2017-04-24,206.22047424316406,206.4291601941839,203.95106593774156,206.22916451577632,0.5438795833832323,SPY,0,-0.3126355921067908,0.3286633695891046,0.33618792970597866,-0.1459367844875902,0.9022969105377057
2017-04-25,207.42041015625,207.7682068320303,206.7769717117044,206.86392751444583,-0.2998498436737145,SPY,1,-0.2271778943355494,0.6108561424500262,1.523806920174061,0.5353955736380639,0.4566313345633682
2017-04-26,207.28993225097656,208.27247688855394,207.24646762646668,207.3855783065601,-0.14099016584344665,SPY,2,-0.16515551873985482,0.5649298463793245,1.4490203943008455,0.7622754667909443,-0.10141244281121949
2017-04-27,207.4638671875,207.76818593129622,206.92476514640168,207.61168142321668,-0.6826595518257104,SPY,3,-0.11371315286362449,0.6061840001217407,1.2311454440236034,0.4778984175300201,0.025968909492469407
2017-04-28,207.01170349121094,207.75077460749748,206.88126981121428,207.7246905250162,-0.5611460492250989,SPY,4,-0.0886034307627087,0.4409343315519727,1.0705909910720124,0.4383297949115666,-0.23613695485078304
2017-05-01,207.53341674804688,207.95947891220902,207.11605812387444,207.53341674804688,-0.49466441922734167,SPY,0,-0.05725667809351752,0.5703996902695423,1.1647256815393359,0.5484380002486181,0.17159997678144817
2017-05-02,207.61167907714844,207.7942676678446,207.2030107316592,207.6725375181834,-0.6833462594108441,SPY,1,-0.0337451323180804,0.589917916831572,1.035950853384651,0.5484380002486177,-0.01409429985240654
2017-05-03,207.35951232910156,207.7073222286767,206.68129960941886,207.61167616474242,-0.37051721441438207,SPY,2,-0.02585342353425543,0.4922555103044015,0.7310971371693914,0.013627318468681971,-0.15226978328843738
2017-05-04,207.60301208496094,207.74213607123485,206.75090088732193,207.66388380430337,-0.6022314067969283,SPY,3,-0.01646896816521965,0.5565982559205104,0.662117628269813,0.03645567405008889,0.055025711545574126
2017-05-05,208.42025756835938,208.43765137591822,207.5333591290864,207.97681498251677,-0.5915417910352804,SPY,4,0.009975564883133297,0.768090173849659,0.8649312609610226,0.4794158136780109,0.2941066416217694
2017-05-08,208.38555908203125,208.61162559224314,207.95949688105497,208.4638113431516,-0.8617711493054129,SPY,0,0.025730525642908224,0.7537081818156742,0.8019118117687654,0.5850501731053532,-0.06125820801312179
2017-05-09,208.19422912597656,208.84635771874457,207.84641924927953,208.64637533188764,-0.8026765876078513,SPY,1,0.02856363734329372,0.6726576773761515,0.6777167164623908,0.7291865623511385,-0.12651816263955373
2017-05-10,208.56814575195312,208.56814575195312,207.9421011336263,208.1507870955994,-0.7445128520878265,SPY,2,0.03700102146954017,0.7739911307862418,0.5957010653249053,0.7291865623511385,0.1088933444047671
2017-05-11,208.14210510253906,208.30731317055745,207.055223884095,208.11602101470385,-0.5844563977435828,SPY,3,0.02742821843567891,0.588714439648066,0.32621242716388965,-0.3177044641673247,-0.22424228714182423
2017-05-12,207.79429626464844,208.18557085186467,207.52475184384602,207.88994234308734,-0.7520765590443137,SPY,4,0.006035263843616056,0.4388524759041854,0.2690417649716199,-0.3177044641673251,-0.1919308641649103
2017-05-15,208.94207763671875,209.0638078196964,208.20299299661497,208.22038681349602,-0.5931771871339804,SPY,0,0.01732616549046168,0.7627175669467339,0.5112654769290296,0.3354599601204784,0.4311723762273618
2017-05-16,208.75076293945312,209.2637677075588,208.35948834119614,209.2376836188479,-0.8050860182678291,SPY,1,0.016757996617844505,0.6790010055535386,0.4630329384852823,0.471319723095945,-0.12629942152208018
2017-05-17,205.04664611816406,208.7507321116293,204.98577440843238,208.7507321116293,1.5950621810866719,SPY,2,-0.09104086244094056,-0.6902730971230849,-0.4184402543529054,-0.44192460783486187,-1.6003500697912143
2017-05-18,205.87266540527344,206.72477643654275,204.70751883220936,204.96837293864434,0.3024959130967223,SPY,3,-0.15531216032249795,-0.44399151016251454,-0.6056120232075113,-0.2807369698873424,0.30204662954204753
2017-05-19,207.21170043945312,207.88122289456138,206.30742122551788,206.3595893941461,0.4605517858056631,SPY,4,-0.17044404596296137,-0.07119538312953913,-0.13982901643648266,-1.1546413848633508,0.5157486822052857
2017-05-22,208.26380920410156,208.42901725144415,207.65515845146408,207.72470716525865,-0.6112042535957419,SPY,0,-0.15490418416537377,0.19989874672368152,0.18390027270658066,-1.2947387549810405,0.3926598623044821
2017-05-23,208.72467041015625,208.8898784770401,208.25513029716078,208.63771460624068,-0.8626444190668546,SPY,1,-0.13199633132236543,0.3144876627191096,0.3310858072164718,-0.9945162127082794,0.14499425393640067
2017-05-24,209.2115478515625,209.3158841806334,208.62027769578378,208.9593973004445,-0.8907081336731861,SPY,2,-0.10285149516836047,0.4343505432989712,0.4586369459906356,-0.724284632727583,0.15536241275846976
2017-05-25,210.21148681640625,210.48973473560142,209.5158935536004,209.72456622540574,-0.5504504793514411,SPY,3,-0.05484680644957804,0.672005566846961,0.8301524396169891,-0.05130640535363498,0.3669370865022085
2017-05-26,210.16806030273438,210.33325510867513,209.94198051049034,210.02023277660862,-0.896618582194944,SPY,4,-0.021704628984655073,0.6560599947271285,0.8846155330510056,-0.05130640535363498,-0.06473858662231541
2017-05-30,209.98545837402344,210.23760898733187,209.68982985701535,209.84633438922194,-1.1234305556893969,SPY,1,-0.004465122858015981,0.5874480358882637,0.8039555742387108,-0.2682351447322661,-0.12223505150375119
2017-05-31,209.93324279785156,210.31582703587898,209.23763629849174,210.28103941373627,-0.0002051873710190882,SPY,2,0.0037540673827759115,0.5673819493911714,0.7107744674237652,-0.6523658175411553,-0.06839064007102154
2017-06-01,211.6027374267578,211.62013124169187,210.10718776467147,210.39412600691293,-0.4533924994792042,SPY,3,0.052818058370892325,0.969854782367905,1.300682386932531,0.1191399326115774,0.6405209268932597
2017-06-02,212.30706787109375,212.46358569502274,211.35931045526385,211.6549390178464,-0.06232443796957425,SPY,4,0.10641259204373803,1.126261113443826,1.6250709697040189,0.5419173726079336,0.24153734282264344
2017-06-05,212.1505126953125,212.42005710085908,211.95051700870053,212.1331188817827,-0.9349452012022189,SPY,0,0.13894224847734868,1.0633120953671018,1.5067769882129742,0.5419173726079336,-0.11082064314170591
2017-06-06,211.47227478027344,212.14178394429635,211.39400926248635,211.58530138580454,-0.8222814937522178,SPY,1,0.14005153185742156,0.7925571485202267,1.07134912577604,0.03332106405160125,-0.32466491001224074
2017-06-07,211.86358642578125,212.0896529440501,211.1418957009011,211.81141824984175,-0.747479984572725,SPY,2,0.14635283837383975,0.8865198110068316,0.9190827756359747,-0.19164982991203697,0.11360665395636636
2017-06-08,211.9678955078125,212.44612583838824,211.43749700800873,211.95920523547161,-0.5131578911298733,SPY,3,0.1486477970461172,0.9117967828232529,0.8684547653927804,0.025456767132357196,-0.004099495169761632
2017-06-09,211.64617919921875,213.0373790017962,210.37669627762057,212.23743613010615,0.8028139911707175,SPY,4,0.13589905283120565,0.7779078244490515,0.6395728993321604,-0.8914341556224299,-0.1786111157944274
2017-06-12,211.6027374267578,211.65490560396657,210.75062624129717,211.40275499159318,-0.11309316637339038,SPY,0,0.11926821938955438,0.7595579185667135,0.41591617869149733,-0.8914341556224301,-0.06462330363138388
2017-06-13,212.63739013671875,212.68955829911803,211.79396946435796,212.1417660587463,-0.6299319205706603,SPY,1,0.12984540834064684,1.0240569747820427,0.7101521949687218,-0.20829460353659818,0.37643968774913233
2017-06-14,212.36788940429688,212.91566848958766,211.54184910468186,212.90697821659944,-0.2620610794513275,SPY,2,0.12525576647735842,0.9069240103407533,0.5815791596368889,-0.4306531106210307,-0.1568580875844991
2017-06-15,211.95916748046875,212.08089760951486,210.73316265162578,211.01139726047873,-0.5029525431450249,SPY,3,0.1049537421510248,0.7297634910016635,0.2770011249824476,-1.104565424462641,-0.21397413524067194
2017-06-16,212.00547790527344,212.1714915818924,211.12300028970273,212.11906901712646,-0.14395531362434194,SPY,4,0.08526026963196191,0.7424425272324424,0.29347495495809145,-1.0384006785898372,-0.027854076345074554
2017-06-19,213.77049255371094,213.8316477816918,212.7394663393128,212.83557883953387,-0.5295694085329677,SPY,0,0.1141898611239514,1.1952229612365552,0.8151927109378752,0.022608108839084328,0.6726106755098783
2017-06-20,212.3287811279297,213.42096244725582,212.31131582607034,213.41222979632616,-0.6926604752982213,SPY,1,0.09147307321172915,0.5929979604337885,0.47324117483687306,-0.33854524749855597,-0.6340065755249676
2017-06-21,212.27635192871094,212.83554821345143,211.80453547970438,212.72197042574658,-0.7110944060806547,SPY,2,0.06728820554524305,0.5720319826939647,0.2853865365983112,-0.7510485094562769,-0.06823977240148577
2017-06-22,212.1802978515625,212.78318422013322,212.00555146428127,212.28515634976702,-0.9458749661482633,SPY,3,0.041012371259480755,0.5326057722095205,0.24510144143819562,-0.7510485094562764,-0.08608397365540568
2017-06-23,212.4336395263672,212.76565358136818,211.85696459021437,212.24141454764958,-0.49259437295192415,SPY,4,0.023139798461137145,0.6030709145212751,0.21604932492753756,-0.8794039484479769,0.05673351356013545
2017-06-26,212.57347106933594,213.5258635022607,212.3637807468744,213.1064561927493,-0.6967469808409679,SPY,0,0.008889701992807225,0.6424446868394881,0.346252492704695,-0.34590162932554586,0.010287455821782579
2017-06-27,210.86093139648438,212.6521117287246,210.8434527593857,212.35502822722248,-0.18971067971588132,SPY,1,-0.05400870530062573,-0.057129695654416085,-0.18638818145629207,-1.2608323090273668,-0.7487032812361104
2017-06-28,212.7482147216797,212.94917237630065,211.64728728268415,211.88320220993936,-0.431945788019797,SPY,2,-0.05393286097388495,0.4737995650711815,0.1699176384917324,-1.34344565963628,0.7263830494269465
2017-06-29,210.8783721923828,212.94914368514193,209.66386711169204,212.8967211155467,0.3005509031735112,SPY,3,-0.1092773182303484,-0.18881496315639354,-0.3991984744751635,-0.24157017623495244,-0.812827728080973
2017-06-30,211.2715606689453,212.06667188268318,211.0793356868924,211.69095456965547,-0.09895016564604113,SPY,4,-0.14431246514214502,-0.08028027453774539,-0.3223425200973786,-0.24157017623495222,0.11482887335993515
2017-07-03,211.62982177734375,212.65210201808634,211.62982177734375,212.21522943662578,-1.044997038183908,SPY,0,-0.1640103622723049,0.01840391165777821,-0.07938144326356823,-0.6988315370818853,0.10020853401448314
2017-07-05,212.1190948486328,212.3287851332324,211.1841812221538,211.99677107185246,-0.7418573181314424,SPY,2,-0.16781447093465107,0.1521851887466306,-0.18446026956331382,-0.4306910204181123,0.15357026389189415
2017-07-06,210.1793670654297,211.47250596099136,209.99587474516312,211.3501821915773,-0.5240717784438914,SPY,3,-0.22684956015387844,-0.4951025513233777,-1.3247888803034567,0.21356201873644626,-0.8439571526817199
2017-07-07,211.54244995117188,211.6909850346267,210.18814223082148,210.7560846076361,-0.6715055153272957,SPY,4,-0.23639324673397114,-0.12248802751761607,-0.9410819645815078,0.031616472011994065,0.5141227999156052
2017-07-10,211.76959228515625,212.14530960503038,211.23660724925944,211.5424233623595,-1.0944260913855124,SPY,0,-0.23872577376835485,-0.0627606274758239,-0.4474158586504127,-0.34508392453680986,0.04631099113825933
2017-07-11,211.61231994628906,211.92686870375482,210.4415047560577,211.7695876588761,-0.8226943121848994,SPY,1,-0.24610041062331903,-0.11481296161811863,-0.9240243897516134,0.09850176570887875,-0.11127723784478172
2017-07-12,213.20252990722656,213.3685436038304,212.58217837309738,212.58217837309738,-0.6389940790496214,SPY,2,-0.20861711954220888,0.2971954812852074,0.917504187001982,-0.9945874295609127,0.6028259023875664
2017-07-13,213.5608367919922,213.67442795379756,212.98416166139,213.21134398500078,-1.0386896488614947,SPY,3,-0.17076448371336284,0.3849318463536278,1.2356380074447226,-1.2023342219235322,0.09889670104493695
2017-07-14,214.55682373046875,214.91506238633556,213.46464246181938,213.56075494675216,-0.6260478548362478,SPY,4,-0.11527370019170495,0.6219676295700173,1.917607210611143,-0.8442668683578465,0.3569322274728792
2017-07-17,214.5306396484375,214.86266706254005,214.35589328975448,214.47821707406186,-1.1565751125441166,SPY,0,-0.07509696025483636,0.6124834435522846,1.7853400178439205,-0.8442668683578465,-0.05740100833830757
2017-07-18,214.64422607421875,214.69664864744482,213.77921361911146,214.1199736773733,-0.9737719656183196,SPY,1,-0.04347909944050813,0.6399823674599838,1.320587444928915,-1.2519713610281422,-0.0008797820381219658
2017-07-19,215.8063201904297,215.81505284233629,214.95004034103505,214.95878632523463,-0.8092042790746281,SPY,2,0.010307834349637463,0.9136845182968231,1.8530907640120058,-0.5739546774662398,0.421714280137856
2017-07-20,215.9024200439453,216.1820115438022,215.35195636333438,216.05968776281,-0.8865898728663871,SPY,3,0.05112810826999562,0.935721812786328,1.6433841435072087,-0.3691498985710738,-0.008178921088345583
2017-07-21,215.71014404296875,215.73635532324766,215.0985119503567,215.325694155826,-0.18786292028883078,SPY,4,0.073283476553844,0.8587899901839355,1.1926135868390568,-0.565073590797152,-0.12412239980023147
2017-07-24,215.6577911376953,215.79758023357027,215.18596127570055,215.63156651665705,-0.896769419699193,SPY,0,0.08446427273965461,0.8373838797926179,1.0109503509967643,-0.527351149737089,-0.06787312366429998
2017-07-25,216.18202209472656,216.5140495160354,215.9548531567374,216.4091910327157,-0.7321719625954524,SPY,1,0.10299596763729157,0.9673677336779007,1.1357483154574375,-0.0945925477523814,0.16386466821541515
2017-07-26,216.19078063964844,216.50532946269527,215.92866773068812,216.47038551893203,-0.8778532058439634,SPY,2,0.11270304247576793,0.9695528505934884,0.9453282623005501,-0.11802183153019645,-0.04329527975430778
2017-07-27,215.98980712890625,216.68880594357,214.66171071427445,216.6538620023689,-0.41757653103607417,SPY,3,0.10953775535538719,0.8808270216904541,0.6373766886688614,-1.1643519920735534,-0.1275133444745875
2017-07-28,215.7364044189453,215.86746085016472,215.05488431202022,215.50922216177554,-0.8279775942416218,SPY,4,0.09486149639853439,0.7679665780612748,0.4608166514550209,-1.1643519920735532,-0.14867381857952444
2017-07-31,215.61412048339844,216.23447214886414,215.40441682240316,216.13835963744478,-0.5153807596135431,SPY,0,0.07498984597376648,0.7128029855363368,0.46309470010208553,-0.8979843148706782,-0.09600939017968556
2017-08-01,216.0946807861328,216.2519485310177,215.57042830526106,216.21700458736362,-0.7294965815990355,SPY,1,0.06808302253686493,0.8491158515310395,0.4627579730005882,-0.8850292791774622,0.14637310607118462
2017-08-02,216.1995086669922,216.33931109502183,215.26459492837407,216.22571995571107,-0.8850814978238969,SPY,2,0.06093616039170856,0.8788453804266491,0.3787827074957248,-1.1581835940732368,-0.00472734967309368
2017-08-03,215.7801055908203,216.1121196779846,215.5005007465843,216.08590839037407,-1.011213406640133,SPY,3,0.03906578513273666,0.6786907544914452,0.27590410083946576,-1.1581835940732372,-0.21530392323444345
2017-08-04,216.1732940673828,216.5053081635014,215.7888440623362,216.26940656864448,-0.627455009974571,SPY,4,0.02856625114359956,0.7963268336927259,0.3459582636923208,-0.8203851973219417,0.11116035292031407
2017-08-07,216.57521057128906,216.57521057128906,216.13833798719736,216.24319647333877,-1.1870780283704752,SPY,0,0.02733850836914157,0.9148335559966505,0.3859501506074109,-0.7602640990532902,0.11437032068966484
2017-08-08,216.04220581054688,217.48389320613168,215.66650182194394,216.26064208269986,-0.5971366716205172,SPY,1,0.0073209947076602,0.6540602962536503,0.3265527280169504,-0.035419871085383955,-0.260627195250891
2017-08-09,216.03346252441406,216.0858850939834,214.99370378698433,215.35194245542993,-0.579012354662595,SPY,2,-0.01257198437799545,0.6497803699555544,0.061834193219549305,-0.7382585099976808,-0.05032257217844379
2017-08-10,212.984130859375,215.3257749909131,212.9317082791373,215.1947052080248,0.5690773854088323,SPY,3,-0.11692004153857867,-0.6388882262437905,-0.6558778218396475,-0.45770488135952037,-1.2803433125531585
2017-08-11,213.29867553710938,213.8928292103017,212.97539407704951,213.21130901583865,-0.33613817166962434,SPY,4,-0.19245401513700872,-0.5297621487781863,-0.8344065087695318,-0.4577048813595206,0.08124474787069934
2017-08-14,215.41310119628906,215.63153746125874,214.54810211967575,214.5830460558626,-0.36745680084132953,SPY,0,-0.19436679987916572,0.1358812826116493,-0.16579525556812091,-1.0269596866028794,0.8091310673531992
2017-08-15,215.3868865966797,215.81502646905696,215.0810838298028,215.7975478350867,-0.7256799958007346,SPY,1,-0.19826387060453107,0.12584499866571294,-0.09982555777207985,-0.9056946148004327,-0.057371203720495596
2017-08-16,215.76263427734375,216.31309800043158,215.3344943446873,215.9111693562752,-0.6964492752404764,SPY,2,-0.19246343809327443,0.23662782206599087,0.0353429511291267,-0.5794835337370687,0.10443464220056432
2017-08-17,212.3987274169922,215.46558174531143,212.3987274169922,215.15103292528622,0.7280700384073197,SPY,3,-0.2834024420983182,-0.9188121495870774,-1.170830521834518,-0.3685618631478206,-1.4103233896241532
2017-08-18,212.06666564941406,213.35980458243137,211.6210471439841,212.23266600876988,0.8919589561818905,SPY,4,-0.36456254656627346,-1.0168092502354897,-1.7878058181330458,-7.628527971020796e-05,-0.18257658956273196
2017-08-21,212.232666015625,212.49479219548203,211.29776575062752,212.00549710363762,-0.5227043173856338,SPY,0,-0.42324897770634107,-0.9629678546495644,-1.9883492038689219,0.14822052305661537,0.021086197703771535
2017-08-22,214.4520263671875,214.60929410540695,212.80064845441382,212.81812709164726,-0.5689399818459662,SPY,1,-0.4064061324008401,-0.29833786369345827,-1.05456776173729,-1.2144146710329269,0.8558787576151091
2017-08-23,213.68309020996094,214.11123008992666,213.33359751810963,213.482132578761,-0.8256872458218405,SPY,2,-0.4139011873008978,-0.5362994941870114,-1.2313309488426945,-1.2144146710329269,-0.35850132864701634
2017-08-24,213.1851043701172,214.2248499990932,212.97540071440326,214.0675822565284,-0.8150115229882156,SPY,3,-0.43282419893065915,-0.6867021553722282,-1.3838248331652168,-1.0144417768137022,-0.24926979954481432
2017-08-25,213.68309020996094,214.60052519143514,213.53455514930954,213.9801603312637,-0.54302371697118,SPY,4,-0.4327148638434206,-0.540862972949915,-1.0781705712946599,-1.2511963205613374,0.15564823641039088
2017-08-28,213.6918487548828,214.24229911029164,213.27244150125694,214.21608782347658,-1.0169769870656484,SPY,0,-0.4313362950503374,-0.5382714885807098,-1.1589978554047886,-1.092814670421968,-0.043254168314339037
2017-08-29,213.93649291992188,214.19860578390683,212.25889059666528,212.3724817259202,-0.8071917892153057,SPY,1,-0.42240193067096166,-0.46431312271281205,-1.2691216012951627,-0.5140141043136901,0.052473880225503526
2017-08-30,214.95001220703125,215.22088436819834,213.7355071363261,213.91899946069202,-0.5909563033543138,SPY,2,-0.3862114027812135,-0.16634445818902288,-0.6012965151888511,-1.1919049174450809,0.3633028237854177
2017-08-31,216.2431640625,216.4878116063398,214.98496907572905,215.57037665079503,0.23811608463843506,SPY,3,-0.3212818902566286,0.18528532536560957,0.10527110225452814,-0.900166831965721,0.47365559985578665
2017-09-01,216.54898071289062,216.97712060821138,216.40044564691212,216.6188819202262,-0.5914286629070936,SPY,4,-0.26210543699720884,0.2649506772251799,0.47068878881210185,-0.6435857654334465,0.0758188891684859
2017-09-05,214.99366760253906,216.26934102062032,214.0238102318638,216.0421588143339,-0.008088431672033852,SPY,1,-0.2600037799971513,-0.2623586513773161,-0.36019599398609675,-0.8542838484217038,-0.6722854466189299
2017-09-06,215.72764587402344,216.05967325683554,215.1422382948435,215.67522330458812,-0.672605041345111,SPY,2,-0.2388115195692547,-0.06364385151551206,-0.04374635342119608,-0.8542838484217049,0.24892303873116775
2017-09-07,215.70144653320312,216.0509525692771,215.29078527349876,216.03347393440038,-0.6702670600292511,SPY,3,-0.22409942894179397,-0.07241366088843863,-0.007399463918489411,-0.8542838484217056,-0.05734966667777001
2017-09-08,215.44805908203125,215.9111428985104,215.20341153114762,215.4131018134527,-0.5551919372152689,SPY,4,-0.22096663675288025,-0.1589771508242914,-0.09051457584122137,-0.8060812464113674,-0.1488039287458749
2017-09-11,217.74598693847656,217.82462078497912,216.70622830486474,216.72369360478308,-0.4057040316884734,SPY,0,-0.15580447672753803,0.4400341850593202,0.8932248779854672,-0.8804296586040383,0.8737908006171677
2017-09-12,218.47998046875,218.51492440902808,217.92951675024486,218.11300910051094,-0.6928668845145621,SPY,1,-0.08639287027916351,0.6117856011468684,1.2274675228207192,-0.5341422121317507,0.2451972923385088
2017-09-13,218.58480834960938,218.6197656194183,218.07803459571625,218.1916257241572,-0.6465835871581511,SPY,2,-0.03198568174137689,0.6362086114328713,1.1599238028045744,-0.4816646508651408,-0.005186693931323401
2017-09-14,218.51495361328125,218.71592462669247,218.08682695926365,218.26157334859502,0.07224246286058765,SPY,3,0.0051752874862578385,0.6103348214595297,1.0419017655980443,-0.43115237601598083,-0.07454583608084861
2017-09-15,218.80906677246094,218.89686685756087,218.26466069008939,218.3700261515919,0.07196658900413219,SPY,4,0.03854912666798559,0.6824010904304965,1.004163684177572,-0.3322633097332744,0.06990374748679638
2017-09-18,219.27447509765625,219.6257022771578,218.88811716112968,219.1778856135246,-0.9044522088958767,SPY,0,0.07335165804304146,0.7960406969773036,1.117734972707031,0.056089374135070875,0.13755957930144183
2017-09-19,219.49400329589844,219.581816793148,219.1691174733004,219.5203446653816,-0.8871277276512751,SPY,1,0.10202116090254627,0.8496318201126546,1.0457125702455823,0.05608937413507042,0.04001899066069
2017-09-20,219.5729522705078,219.68710709817884,218.57194037729994,219.58174165630032,-0.6397145266028107,SPY,2,0.1216391596431019,0.8692697391266553,0.8758245877427724,-0.4440555781988692,-0.015605401406845486
2017-09-21,218.9846954345703,219.50276018727368,218.8090818538099,219.41496009612214,-0.8652304883831241,SPY,3,0.11533855976478248,0.6247103077431219,0.6889088537766522,-0.44405557819886887,-0.27959540345156075
2017-09-22,219.0286102294922,219.19544782680657,218.65981767680356,218.6861590449629,-0.8056377659807401,SPY,4,0.10642972247213454,0.6365452473080061,0.5463040674717935,-0.5756042359290134,-0.029411260691941908
2017-09-25,218.5807342529297,219.12515367691572,217.83437331445256,218.77391317781908,-0.6895246429730443,SPY,0,0.08186654021749201,0.4481769306478632,0.3310038285628631,-1.2676862011268089,-0.22442800020717646
2017-09-26,218.71250915527344,219.2569153169374,218.47542343390498,219.01105360531767,-0.7487164551667663,SPY,1,0.06148062298392563,0.48628112436808285,0.3559743487616544,-1.166894909053718,0.00548584574163973
2017-09-27,219.56423950195312,219.9505974313564,218.52809656414811,219.41496728349418,-0.21444604570871792,SPY,2,0.06467400142677997,0.7274316670176373,0.43995725284648274,-0.6542297513073374,0.29045165178513155
2017-09-28,219.82766723632812,219.9066913407259,219.1954476042302,219.28324769851957,-0.9333574379995976,SPY,3,0.06990141998283575,0.7999181142245022,0.4493498298367107,-0.654229751307337,0.057234700769908234
2017-09-29,220.60037231445312,220.67940981824583,219.63449087507146,219.81888045418575,-0.12361408229475979,SPY,4,0.09086283748420157,1.0074086644256683,0.563883943579283,-0.11140504462868026,0.2576651613804559
2017-10-02,221.55751037597656,221.55751037597656,220.65307418658873,220.82870118939593,-0.6506522303648682,SPY,0,0.12905504691975392,1.2487734969326452,0.751486634381769,0.4245741679920213,0.32886363926720796
2017-10-03,222.03163146972656,222.05797283606884,221.4784359796249,221.55747347710866,-0.4960993602217107,SPY,1,0.1668441823850155,1.363020477426913,0.8535673147798309,0.7003464424229104,0.13867997321395886
2017-10-04,222.29510498046875,222.5409667166744,221.76825074662244,221.8824056235964,-0.711570735041441,SPY,2,0.1980134825943048,1.4260632133822395,0.869633439051602,0.9527729490260569,0.056097018688325666
2017-10-05,223.61219787597656,223.6297498559352,222.33019322072374,222.62873766151617,-0.5613445196254265,SPY,3,0.25301868855152365,1.7246913432337063,1.0636913607160736,1.4567045269540626,0.46579891547540325
2017-10-06,223.35757446289062,223.647342949613,222.90098175513987,223.16439547174235,-0.22149968373636306,SPY,4,0.28224845557168654,1.6013419896707357,1.037752068986523,1.4643376742267697,-0.1456738216381063
2017-10-09,222.98873901367188,223.64729997555423,222.72531194922752,223.58584125297622,-1.1114985152216978,SPY,0,0.28776616514770503,1.4227831655249341,0.9319356836127213,1.2593894179135283,-0.19021916295260918
2017-10-10,223.57705688476562,223.95463881191978,223.01508538728058,223.55950490561045,-0.9675221327120015,SPY,1,0.3013310445403652,1.5609026583795131,0.9684034413859582,1.410329656217407,0.1818230890992807
2017-10-11,223.92828369140625,223.92828369140625,223.31362949729203,223.4804536797643,-0.8758903335847228,SPY,2,0.3144353983314607,1.6418031100952217,0.9407590265119532,1.410329656217408,0.08939741853754424
2017-10-12,223.59461975097656,223.9634122859535,223.35753405047097,223.61218512839181,-0.8879811503726841,SPY,3,0.3079331056258638,1.4746557001357068,0.800457710750844,1.4291743710944864,-0.17620289918390114
2017-10-13,223.86683654785156,224.1478290099128,223.59463347426603,224.03367414739319,-0.7344583416072271,SPY,4,0.30303707855755924,1.540803988323197,0.7407262877826396,1.531464494105109,0.058767131618136376
2017-10-16,224.16539001464844,224.35856899047826,223.75270409187593,224.0951552947636,-1.0634964641984492,SPY,0,0.30018965033622164,1.6133712758740706,0.6856333460109486,1.6489551633952444,0.06883416550772559
2017-10-17,224.32342529296875,224.36733203658568,223.89316064305405,224.11268096268168,-1.1956916437446956,SPY,1,0.2950616940253005,1.652037490746404,0.6215935148206263,1.6539987824729343,0.014341994824367762
2017-10-18,224.5429229736328,224.7448778957607,224.3497440399607,224.70097115657055,-1.0105723472470747,SPY,2,0.28991916575598436,1.7063200100258904,0.6246069920430141,1.8713557568290573,0.03805383537539544
2017-10-19,224.60443115234375,224.63956191081465,223.3400052150218,223.76148052746242,-0.5934768774384751,SPY,3,0.2804186753002854,1.7217824573599798,0.4613266016586039,0.3775448060567771,-0.02304469049636516
2017-10-20,225.76345825195312,225.78982641459802,224.58684598620817,225.4034685192586,-0.05219649344085362,SPY,4,0.29821371764713905,2.0007934462069326,0.7111963915027493,1.1183389835031692,0.3998119910106456
2017-10-23,224.8853759765625,226.114711163555,224.80635187972666,226.08836979794305,-0.5535545564125658,SPY,0,0.2803915584546985,1.519833753465471,0.6045796650391732,1.2984737237530175,-0.3849622212840979
2017-10-24,225.2805633544922,225.5176356871953,224.92054676244217,225.31569411386528,-0.49360458728959195,SPY,1,0.2703692869184551,1.6188127598084863,0.529924637630002,1.2984737237530175,0.10553985629014945
2017-10-25,224.16539001464844,225.06103677545406,223.03267092769963,224.94688190833867,0.23635763689153197,SPY,2,0.22445954862889975,1.0471527415862907,0.1724963761991033,-0.8293047457098063,-0.4774162366906184
2017-10-26,224.4551544189453,225.05224331637783,224.33222356368222,224.78005363521498,-0.4368003740118116,SPY,3,0.19012927985316405,1.1266435063218492,0.2803235786146934,-0.8293047457098066,0.06528252203226363
2017-10-27,226.2903289794922,226.4484039824023,224.4639316285266,225.20151672008473,-0.12392171141526766,SPY,4,0.2083524445447808,1.586645181867257,0.5518998436463669,0.13920239744951785,0.6597705010945817
2017-10-30,225.44735717773438,226.1937315871698,225.14881277334277,225.20149550371113,-0.7446736131120919,SPY,0,0.19286873836697746,1.184986779260907,0.4641476320873278,0.1392023974495174,-0.370658588762549
2017-10-31,225.79859924316406,226.05325032139146,225.50005481903153,225.82494061009004,-0.6252122944508685,SPY,1,0.18445069195047295,1.272001701390014,0.47970586574415114,0.13920239744951715,0.08827418484901181
2017-11-01,226.09716796875,226.92256661703226,225.72838879214913,226.58012881018857,-0.7463209174348114,SPY,2,0.1801956841279926,1.3457740327983816,0.5898288418228762,0.6876611033159047,0.0678513039296847
2017-11-02,226.1849822998047,226.3254785379996,224.9556737117461,226.02693408067947,-0.7017285878891922,SPY,3,0.17337443702702784,1.3677312203779006,0.43490058175662394,-0.13008449000013428,-0.013115453670638785
2017-11-03,226.9401397705078,226.98403312004288,225.93032476203422,226.34302407594734,-0.6394049127782996,SPY,4,0.18322756509206653,1.5536681850991807,0.6802658840783091,0.2868670316990673,0.2424126780565845
2017-11-06,227.2913360595703,227.42304288718802,226.73814058666298,226.80837529575473,-0.8366269342879014,SPY,0,0.19476890929357313,1.6375110131490178,0.8521616974927205,0.5456682220809337,0.08736882433031157
2017-11-07,227.13323974609375,227.7303284360704,226.62393772465506,227.39665334552245,-0.6808356088466991,SPY,1,0.19330102971588775,1.5548095552058427,0.8241032871025239,0.7218445492192218,-0.10718808080476512
2017-11-08,227.51962280273438,227.61622567589356,226.67667229483763,226.95766472977436,-0.8204119025811313,SPY,2,0.19683893796944746,1.6502995991647418,0.8107863909524775,0.7218445492192227,0.10067562044700722
2017-11-09,226.6942901611328,226.8874691438493,225.10493815060445,226.30793219569978,0.06508165081676558,SPY,3,0.17047272176330786,1.2203943598808056,0.3231619994360689,-0.8707298977392813,-0.3621534941421277
2017-11-10,226.62399291992188,226.7996198935873,225.99177333040575,226.30789652362077,-0.6315653319653569,SPY,4,0.1420301279883896,1.1845172457588742,0.38195239100633666,-0.8707298977392807,-0.0737229555812952
2017-11-13,226.83473205566406,227.06304177030458,225.903968014781,225.93909877016756,-0.8251950392290279,SPY,0,0.12012088479521552,1.2432625675763898,0.3916448694032325,-0.6670745910409901,0.03384234277407952
2017-11-14,226.30792236328125,226.4132878407455,225.2454246060438,226.02692989209862,-0.6051588452017613,SPY,1,0.08301530165559905,0.9678620120147563,0.05032745486640479,-1.2728629662759774,-0.2485696996403321
2017-11-15,225.1751708984375,225.86007324111657,224.46392718861364,225.3332191013062,-0.21821499861094024,SPY,2,0.01753140984237543,0.4156042902641871,-0.43077577112939963,-0.9100602251083147,-0.48223019083829555
2017-11-16,227.08935546875,227.45816136308622,226.07956744896717,226.1234607901662,-0.47691124191803225,SPY,3,0.015516392924385874,0.9732403430059292,0.49953690105943555,-0.6955605006509914,0.6877159605942208
2017-11-17,226.42201232910156,227.0630212716927,226.34298823430197,226.7381355052124,-0.3185358318645639,SPY,4,-0.008728902170825524,0.6733019418139422,0.29846179079843305,-0.695560500650992,-0.30218383452504727
2017-11-20,226.80833435058594,227.00151326185545,226.42197652804694,226.66786495776105,-0.867927701123577,SPY,0,-0.02073591379490046,0.7812246093020849,0.3351907642599981,-0.6955605006509908,0.1011151529203628
2017-11-21,228.29232788085938,228.47674423089117,226.77326451983026,227.5810842362003,-0.449129355280166,SPY,1,0.007588182835685438,1.1676444668995738,0.9394249350125116,0.2519647233758241,0.519089371969964
2017-11-22,228.0903778076172,228.43281553629973,227.923540238263,228.3011087175757,-0.9283043816072553,SPY,2,0.02017954253837603,1.0759616560973053,1.0305849172471675,0.2519647233758241,-0.1236050127731498
2017-11-24,228.6172332763672,228.72262554125498,228.44163309538325,228.58212931831912,-1.2692150035460783,SPY,4,0.040622147381975775,1.2084653877122313,1.1749517530498088,0.4236586796364618,0.1533906451854153
2017-11-27,228.50306701660156,228.9596595671249,228.3010987054745,228.66111519213925,-0.7845820412099783,SPY,0,0.04910973000440833,1.154683404700345,1.051600366961065,0.5641245245561077,-0.09015398500867292
2017-11-28,230.82125854492188,230.84759991564025,228.87191672100803,228.9685196115876,0.14221121779210186,SPY,1,0.11595444809096409,1.691507922498514,1.7560635350276383,1.4883450125976139,0.8290746204845514
2017-11-29,230.68077087402344,231.48861760093604,230.23296755517129,230.95297398053415,-0.2836983224950493,SPY,2,0.15920456699983193,1.6259936064637606,1.8145151756718383,1.7372192427154596,-0.0996405057377678
2017-11-30,232.70028686523438,233.61347193892445,231.52366137663006,231.60268546203156,0.716241202547791,SPY,3,0.24370241370769302,2.026777499843462,2.235770950795729,2.3976500154367164,0.709543904464429
2017-12-01,232.21739196777344,232.96376649281618,228.96850697187693,232.48083245733275,1.4405886991036454,SPY,4,0.2897803285191861,1.8068528426425376,1.3899728165823224,0.3207887870817042,-0.22706707815782717
2017-12-04,231.9364013671875,234.27207398270193,231.88369183740713,233.84182273198832,0.04434347868652809,SPY,0,0.3108616587007386,1.679473006639037,1.5742595557199095,0.7956449830090846,-0.15187230015095318
2017-12-05,231.10218811035156,232.82321972152377,230.97048129261842,231.10218811035156,-0.2741241103832428,SPY,1,0.2966932703375715,1.3099415847751474,0.9713824948257727,0.1945674017485582,-0.3594720625806105
2017-12-06,231.14613342285156,231.5764115200741,230.68075136428126,231.19881616179032,-0.31572152158791766,SPY,2,0.27955434185691824,1.3198474712256438,0.6724378389497324,0.009091422590691135,-0.030312035134495725
2017-12-07,231.87496948242188,232.19106593447063,230.8827331797378,231.87496948242188,-0.2895234287446662,SPY,3,0.2793798810297087,1.483052060848556,0.716831831664469,0.2601692542446033,0.2263656058300756
2017-12-08,233.13937377929688,233.1481363703664,231.83980381263683,232.8320399659141,-0.30251728585411825,SPY,4,0.3074316645179096,1.7471648324843396,0.8942510682291938,0.627418950158878,0.4250723109481504
2017-12-11,233.84188842773438,233.9033605656532,233.11309255372458,233.84188842773438,-0.17324160589669185,SPY,0,0.34161143388542914,1.8844108916795068,0.9852932212782093,0.8965499058663727,0.2142670456357754
2017-12-12,234.2545166015625,234.72868798333855,233.87694809242296,234.63208511070204,-0.13119962099528307,SPY,1,0.3721200454839813,1.9632086900978765,0.989610781176309,1.172698913914222,0.10617019077184321
2017-12-13,234.2281494140625,234.93939300986128,234.1403359386864,234.50035242989114,0.22028351916899455,SPY,2,0.3871644085735564,1.9506663833927373,0.8724601225275698,1.2418842695690115,-0.05657829492585587
2017-12-14,233.27102661132812,234.64083097400206,233.21834388944902,234.5266761442945,0.1758519506476407,SPY,3,0.3639696244854345,1.5034190012756248,0.5940368621622403,0.5452581545490646,-0.40211564528036736
2017-12-15,235.21359252929685,235.68135326002584,234.2251190555965,234.27807106783888,1.0480023390315087,SPY,4,0.39193042979394566,1.8925605880213077,0.7914482289821252,0.9283977248901937,0.6727983225012081
2017-12-18,236.7052001953125,237.0582226823926,236.51103378733504,236.61693784007014,-0.1618077261338152,SPY,0,0.44707789425335676,2.1534268094199467,1.032341794992269,1.3721680211335068,0.5017219066655193
2017-12-19,235.7960968017578,236.9963783509173,235.72547616128801,236.95226065103572,-0.18702735990345132,SPY,1,0.4559590476006749,1.764639181175402,0.7968808287801327,0.8066784816792326,-0.3807170270127694
2017-12-20,235.6725311279297,236.81986069765932,235.37246073175245,236.76690868268003,-0.2987939811439713,SPY,2,0.45039324930107855,1.712560359306205,0.6638288051025069,0.5587860491778961,-0.09229479557102468
2017-12-21,236.15792846679685,236.87283452131612,235.91081009094583,236.29914281498074,-0.4916913326304333,SPY,3,0.4505514819913511,1.8041864221063881,0.6590175844339262,0.5794062292647695,0.13172501385265845
2017-12-22,236.0962371826172,236.21097555698415,235.55785564148545,236.17566522628107,-0.2597072205034414,SPY,4,0.4399383268552743,1.776968468169845,0.5281354211404659,0.3133939454356822,-0.06948131547226084
2017-12-26,235.8137664794922,236.0344088728497,235.5490063810175,235.69019381094674,-0.9241166561603416,SPY,1,0.4148511053046568,1.6502596945365522,0.44345991553584835,0.306493199830894,-0.1506898416810522
2017-12-27,235.928466796875,236.2903234957088,235.65487242793168,235.98141880803297,-0.6758976652865469,SPY,2,0.38978383715625375,1.6740468336061123,0.4219900555849766,0.42766343462053114,-0.004614556329538702
2017-12-28,236.4139404296875,236.458085074872,236.0432762399199,236.43160906131718,-0.9266630313965455,SPY,3,0.3753559732988296,1.774966091004199,0.4419518833047823,0.5089933097235156,0.1315595395176464
2017-12-29,235.52252197265625,237.01406682384695,235.32838250775353,236.9964251271889,0.0833786370229728,SPY,4,0.3310369866856299,1.3657649793362343,0.33034691318268433,-0.10977301605532573,-0.3746133394668501
2018-01-02,237.20823669433594,237.24354702205687,235.99912057530614,236.3874533785711,-0.10222492725144756,SPY,1,0.33566112602240644,1.7195242564138942,0.4767510530430373,0.018329408828903198,0.5720397834683209
2018-01-03,238.7085723876953,238.8586210527526,237.37588383141548,237.37588383141548,-0.03445323965156057,SPY,2,0.37340948308593086,1.997420161353342,0.7558896216661003,0.8119020465830155,0.5002965925674786
2018-01-04,239.71469116210938,240.20012055188528,238.77036225821254,239.35286136561325,-0.22169021532067762,SPY,3,0.4228996553853447,2.1682931440753515,0.9818708584735021,1.3343779102776863,0.31815431818123907
2018-01-05,241.3121795654297,241.43572529750236,240.01480124229727,240.50903803835863,-0.16437990252206172,SPY,4,0.4975141565068505,2.416885680886899,1.1952910082414687,1.737954815455116,0.5295357791802606
2018-01-08,241.7534637451172,241.91231980048295,240.92384621080444,241.21508231230837,-0.6844676171726954,SPY,0,0.5587247344738037,2.4815656218326136,1.2266657026842043,1.880294825057727,0.11172454829675355
2018-01-09,242.30072021484375,242.9273372307883,241.89471871480728,242.17714751468668,-0.6857616441828317,SPY,1,0.6116908841638689,2.5608695775876655,1.2962682382926274,2.163452705308158,0.14939456770124057
2018-01-10,241.9299774169922,242.19476446057965,240.87091004430349,241.54164463350688,-0.4412401568671414,SPY,2,0.6319979633405107,2.3942328409122315,1.038638717302853,1.2916667324950748,-0.17968301112317825
2018-01-11,243.695068359375,243.695068359375,242.31826219392283,242.4859525414737,-0.584392887215478,SPY,3,0.6860385166931271,2.6491223412202416,1.2886846936433856,1.746691735750314,0.5839746495879813
2018-01-12,245.28370666503906,245.4513700767673,243.65975521977927,243.95985252636174,-0.01965330189912676,SPY,4,0.7609726344489718,2.8531759436568267,1.4263723734724945,2.1831417645577447,0.5170219480308477
2018-01-16,244.44529724121094,247.19891001678477,243.7480597326887,246.54581714752038,0.29271926117658165,SPY,1,0.783750131390259,2.4968356146782718,1.2406330571676218,2.53811608005518,-0.34391887487570316
2018-01-17,246.7752990722656,247.16363189211833,244.44532908703877,245.3808508074414,0.4257678634442369,SPY,2,0.8537479822290245,2.791179957256308,1.190293561989332,2.538116080055179,0.776372769640782
2018-01-18,246.36048889160156,247.0841754874419,245.86622514080076,246.66055932087906,0.1770685742016493,SPY,3,0.8834117904846615,2.6239376674435353,1.0414071216465377,2.538116080055179,-0.19279191125255976
2018-01-19,247.4813690185547,247.4813690185547,246.3605152129224,246.94298750417806,0.9747627919025946,SPY,4,0.9239557612766381,2.7605357781586775,0.984144440636266,2.621892412999632,0.3470890087067607
2018-01-22,249.49359130859375,249.49359130859375,247.21654675865042,247.26952571147552,-0.009604745530537195,SPY,0,0.9974149261772981,2.984196007485859,1.0647189147383824,2.994978778150974,0.6558691550840039
2018-01-23,250.02308654785156,250.31432259158277,249.21111086946777,249.537657229793,0.10475985325027191,SPY,1,1.0544830003436447,3.039243769411089,1.06462042405861,3.1247640864586104,0.13715030315359
2018-01-24,249.92613220214844,251.26765565769844,248.7434917947893,250.66748766942305,0.8536164595425894,SPY,2,1.0805916934081288,2.999773449838388,0.9375847644501892,3.2653138380703903,-0.08046621001229269
2018-01-25,250.03196716308594,250.88806078755948,249.23765987727975,250.7909910558432,-0.14327654485522134,SPY,3,1.0878012085265782,3.011383872373829,0.8264198635515857,3.265313838070391,-0.010073308191069353
2018-01-26,252.9268035888672,252.97094823259775,250.6144753682726,250.8704281134656,0.316297544735508,SPY,4,1.157885980228967,3.3026238822923526,0.9720515237292073,3.542381799819392,0.9520619810883274
2018-01-29,251.24993896484375,252.7944359597177,251.09108288093321,252.35315110403943,-0.03350256643399107,SPY,0,1.148962636396391,2.657713420177041,0.8023914287104102,3.542381799819392,-0.6240163717131952
2018-01-30,248.67276000976562,251.30279955496465,248.19616499755548,249.41411506549235,0.793684352755645,SPY,1,1.0531369811822977,1.781438436490097,0.4417904831189025,1.3325735540076604,-0.9414734164123987
2018-01-31,248.79629516601562,250.0318868731522,247.71955947825106,249.52884281180746,0.32863644952387877,SPY,2,0.965620287992488,1.7985645641483505,0.3167478742762083,1.0288794642839583,-0.0037146548658439416
2018-02-01,248.5138702392578,249.82008259719692,247.71956319659571,248.06377817761438,-0.033816149666508775,SPY,3,0.8742916054550848,1.7061679296652723,0.24623265738055414,1.0288794642839594,-0.14536823358323103
2018-02-02,243.103759765625,247.32244055496827,243.068449447011,247.19003359363614,1.6149231140474611,SPY,4,0.6380441707974699,0.2015682634456032,-0.3033095420687423,-1.3696623761539177,-1.9567077944366882
2018-02-05,232.93658447265625,243.4568257933746,232.3893956385142,241.33866417280788,4.026477407308793,SPY,0,0.15830959812432369,-1.6246915557930408,-1.3716200128822271,1.1510844425384634,-3.7539281104259197
2018-02-06,237.52593994140625,238.0290110334515,228.32074628425286,229.41512387350136,5.224147038086073,SPY,1,-0.09527452694791913,-0.8676143383322474,-1.5634710726664123,1.7015067104746773,1.6461783553312925
2018-02-07,236.2374267578125,240.37665357916381,236.15797178860365,236.96994770614245,1.4998360830094593,SPY,2,-0.3326753545396053,-1.0517972192090623,-1.1988266839953658,0.9407567224996722,-0.5188109932380709
2018-02-08,227.37640380859375,236.67869466616017,227.34109348412244,236.537480302161,3.0692090183364,SPY,3,-0.7658323977014129,-2.104542143411035,-2.039543410407094,1.9444761414559726,-3.3641822257752088
2018-02-09,230.79193115234375,232.6541399247731,223.21948299983993,230.17412171031333,3.8058477867845464,SPY,4,-1.0051219415480495,-1.6047574233279784,-2.124162268160314,2.2843877812137143,1.2469514636341754
2018-02-12,234.18099975585938,235.65490274640032,230.93315029553423,232.84831112453494,1.0306500719308613,SPY,0,-1.0905317851789127,-1.1544502451144052,-1.5344805569167492,1.496563482850955,1.2181414133527222
2018-02-13,234.76345825195312,235.31064696552554,232.38934443296543,232.97184346370133,-0.21003603341343724,SPY,1,-1.1326627169246084,-1.080164589903058,-1.4496948371170564,1.4965634828509546,0.1687439361964636
2018-02-14,237.93185424804688,238.29371089294963,233.26305511165856,233.27188942349542,0.5741621970652271,SPY,2,-1.0683030206987887,-0.6905611312656894,-1.1765246096839752,0.7371984815871461,1.1164535094863939
2018-02-15,240.96798706054688,240.9768213757664,237.2082317857768,239.67944293122517,0.3849127315367875,SPY,3,-0.9249317745604656,-0.34634380062308984,-0.813938712700267,0.11416123365915187,1.0534499756095517
2018-02-16,241.03854370117188,242.9890416924882,240.29718855174795,240.34133318716687,1.361780072541537,SPY,4,-0.8039785699298985,-0.33852681875285,-0.6228189944092892,-0.3241479867154329,-0.02140698023637492
2018-02-20,239.5293731689453,241.53282330759552,238.73506595181618,240.08539630110135,-0.10790118070081872,SPY,1,-0.7460145592453615,-0.5292281473647403,-0.7944072302100625,-0.08906368132792986,-0.5918135435077245
2018-02-21,238.33792114257812,242.459533223255,238.24085141018608,239.9706803676999,0.14046467826921843,SPY,2,-0.7292028139782081,-0.677240851969734,-0.8124176474159477,-0.29842702328679344,-0.47950778196567656
2018-02-22,238.646728515625,240.98553172663568,237.97599417620197,239.2645377867042,0.37123812095421155,SPY,3,-0.7029934056593435,-0.639491486860883,-0.8471792975967163,-0.2546643423705082,0.06554542069439681
2018-02-23,242.45066833496094,242.45066833496094,239.39698529899417,239.87358038725222,0.019054380276777305,SPY,4,-0.5722666437761789,-0.1950102628023432,-0.5935568112940603,-0.6051441961148196,1.325408171434167
2018-02-26,245.26605224609375,245.36314889417284,242.9360828326745,243.5273892992287,-0.10548579592883107,SPY,0,-0.388706286706479,0.10513124896106087,-0.25055629592957745,-1.2530182753478512,0.9550065388543767
2018-02-27,242.20355224609375,246.166307793249,242.14176591420014,245.45140168712348,0.14474171539627956,SPY,1,-0.32973431784524987,-0.2905988193757639,-0.35932494015432753,-1.397210067361697,-1.1371157787015305
2018-02-28,239.75001525878906,243.75688859718798,239.43230314588934,243.30676950336124,0.5974249126876324,SPY,2,-0.352066939427416,-0.5873155570667246,-0.6299165595910003,-0.8743105420141197,-0.9303074054612456
2018-03-01,236.263916015625,241.0915732815279,234.76353677396497,239.5382420133518,1.6879661754800508,SPY,3,-0.46663570157198075,-0.9796963560006897,-1.0032338808843566,-0.07293423962374652,-1.317799162189156
2018-03-02,237.48179626464844,238.04665368969444,233.72206839798824,234.58696929599878,0.9383057640664063,SPY,4,-0.521004689805514,-0.8393061198135605,-1.0723972375521709,0.0874456019091237,0.3993321165822245
2018-03-05,240.2266387939453,240.84444833177375,236.18445465329583,236.29038563735196,0.10917978906556895,SPY,0,-0.4850134257857409,-0.5339331608420981,-0.7484171349265125,-0.5668494434774173,0.9503680169344961
2018-03-06,240.83558654785153,241.2857056436137,239.33520751790135,241.2062506811617,-0.24993652269531058,SPY,1,-0.4381914357470597,-0.46784991696986544,-0.5601019677116359,-0.6667812943175443,0.17287034211221494
2018-03-07,240.74732971191406,241.1003521582467,238.4703120392654,238.66447842483126,-0.09413130432608548,SPY,2,-0.4028572578626329,-0.47852432514991616,-0.573800571537354,-0.507052222140559,-0.07861546071056147
2018-03-08,241.91233825683594,242.03588399802885,240.42962775919693,241.42690880544725,-0.49429327957872893,SPY,3,-0.341981940359854,-0.34750377497619167,-0.3565267773889439,-0.7370186194368346,0.37208180727766677
2018-03-09,246.12216186523438,246.12216186523438,243.0066924846827,243.32443152283722,0.4330418036162458,SPY,4,-0.1768922950487233,0.09645825508610428,0.19269109514577779,-1.1738982067848978,1.4502446443031867
2018-03-12,245.813232421875,247.04001688016896,245.42489971089577,246.41340011494967,-0.3945896892701243,SPY,0,-0.058028955632738355,0.056028368373760934,0.41078762486203485,-0.9888420156225228,-0.15579535297063715
2018-03-13,244.22463989257812,247.481323592635,243.6156647659734,246.9782524995468,0.0032263658506462007,SPY,1,-0.012417641609565277,-0.15168721778959485,0.33937504821262493,-1.3943871718702605,-0.6094087039972294
2018-03-14,242.9713134765625,245.37190301000297,242.4153174512642,245.1865710015702,0.2796202147549559,SPY,2,-0.015369229450838408,-0.312557633547625,0.15685424016174154,-1.165470101064303,-0.4932632323031595
2018-03-15,242.7065887451172,244.12751257278026,242.20351771522314,243.48325413852254,-0.16618598316504343,SPY,3,-0.028770305571939735,-0.3467298382336499,0.121082224553025,-1.118725169610768,-0.14140398816231653
2018-03-16,242.9698486328125,244.02431508135098,242.91668452967286,243.23566914851065,0.1694413567170572,SPY,4,-0.035484027912235705,-0.3160087510314484,0.2345904161606122,-1.1187251696107678,0.04725928090964739
2018-03-19,239.6822967529297,243.1469671358696,238.02528636146974,242.21656861885523,0.3453794124955204,SPY,0,-0.1358875370065562,-0.7396578101337349,-0.2951250847817015,-0.09548130684537381,-1.2289233178391639
2018-03-20,240.0900115966797,240.7280078824896,239.40769386330302,240.081141898814,-0.636078548868808,SPY,1,-0.2055170773867877,-0.6891739160985356,-0.3563111641262622,-0.09548130684537312,0.10066991579943918
2018-03-21,239.62916564941406,242.1456984724284,239.4165092829428,240.04563572825745,-0.2599314920558117,SPY,2,-0.2744601465983054,-0.748244471494936,-0.3226022347017084,-0.4997383943832139,-0.21352880717803935
2018-03-22,233.63912963867188,238.2468557136502,233.36441243083055,237.39620316841305,1.1308756393923276,SPY,3,-0.4962476083296051,-1.4492291454159176,-1.4005847182476114,0.5694090283423732,-2.2434510765396745
2018-03-23,228.65919494628906,234.41003001905378,228.46425092616556,234.08217576742703,1.8205384487869196,SPY,4,-0.8070932602706715,-1.9400520383371511,-2.340728573479533,1.21232838393088,-1.9163382884506839
2018-03-26,234.91510009765625,235.19865996621851,229.86432176745862,232.2745265667229,0.9953243253765406,SPY,0,-0.8708876139495613,-1.1757116664819038,-1.8753517717021229,0.9949150880406215,2.2953187338805257
2018-03-27,230.9187774658203,236.38602565165627,229.35922530201648,235.85438472468334,0.7568680934948636,SPY,1,-1.0262544804510154,-1.5482999980880316,-2.0757008948001667,0.6659157859088475,-1.5356707747685896
2018-03-28,230.23651123046875,232.7264896554091,229.128880649277,231.0517392366013,1.0845605867718642,SPY,2,-1.1591912972190275,-1.609335403997163,-2.290069493870266,0.6996298376387168,-0.30356686046170045
2018-03-29,233.17840576171875,235.04810041461576,230.24540187918137,231.37961461585655,0.39287734870193664,SPY,3,-1.1719889306508917,-1.2726249856121021,-1.761781181968319,0.047575255825671466,1.0549229752040699
2018-04-02,228.14523315429688,233.16058581295172,225.66413886739997,232.6466302702924,1.875147579437076,SPY,0,-1.3128797659872562,-1.718268577674104,-2.1995248427709297,0.7435146299023364,-1.9403185033170312
2018-04-03,231.06939697265625,231.54790084231985,227.58701373854828,229.38580429555046,0.5587053222877087,SPY,1,-1.3306521222435086,-1.396880413309239,-1.8217953005856915,0.7435146299023373,1.0582994143340907
2018-04-04,233.54165649414065,234.2505291458164,227.37437789093514,227.50728813290456,0.6332984375468574,SPY,2,-1.2643618404846035,-1.1378765504237696,-1.4532057931538311,0.007897419519704381,0.8766582835273723
2018-04-05,235.38475036621094,236.27085463283558,234.21508624424493,235.30497718546928,-0.18167461320661424,SPY,3,-1.1505087031702315,-0.95074157220478,-0.8991472434752401,-0.49592620439044516,0.6353059994983332
2018-04-06,230.13900756835938,234.91509563572035,228.61490710598252,233.41760426216345,1.740880368911409,SPY,4,-1.1983435139202956,-1.4158000777514765,-1.3902804102461417,0.39146860734370464,-2.0024883679717815
2018-04-09,231.27325439453125,234.67589213371534,230.33398586952651,231.6011087043475,0.270645383252139,SPY,0,-1.1944214295796032,-1.299086458056392,-1.2118110729049902,0.3914686073437042,0.37980119962373715
2018-04-10,234.95050048828125,235.73914613001537,233.02766970371306,234.17072454105025,0.2326601333334276,SPY,1,-1.079088470714708,-0.9342588055851156,-0.8496965619308393,0.11517551728796623,1.3220240125143043
2018-04-11,233.71888732910156,235.38476780042342,233.3910330528483,233.46190950105515,-0.013220876224507211,SPY,2,-1.014653624408915,-1.045205739579151,-0.8714607838484877,0.11517551728796692,-0.50287128787513
2018-04-12,235.6417236328125,236.58986177865168,234.87081717392303,235.0480488608727,-0.454811562841547,SPY,3,-0.9028764314143227,-0.857402512339328,-0.6381559736412511,-0.21651282377470085,0.6641601334649816
2018-04-13,234.95050048828125,237.06830230140872,233.9403558597331,236.95310443987438,-0.1335137858631036,SPY,4,-0.8281681059621879,-0.9222984072416156,-0.6804862433486976,-0.041229037665527435,-0.3017211902915005
2018-04-16,236.8822479248047,237.65318137210718,235.76577490790555,236.58984540750555,-0.5636765468292766,SPY,0,-0.7102186168579516,-0.7317960467595312,-0.47953562750057177,-0.21189379592675803,0.6637126800009859
2018-04-17,239.41651916503906,240.01906358941528,238.14052683003248,238.65445541746945,-0.5383378308194439,SPY,1,-0.5429349786029758,-0.49020701717572474,-0.14003268080628575,-0.8721252569421067,0.8765926168660424
2018-04-18,239.5936737060547,240.40000454987512,239.13288231901666,239.85949408953965,-0.6847712768851967,SPY,2,-0.40462801269161647,-0.4734419657906199,-0.06140007379049862,-0.9745340193133291,0.017372406667673066
2018-04-19,238.2646484375,239.14188322607453,237.22789428956048,238.93806945907434,-0.2808443181383375,SPY,3,-0.3325958450035877,-0.6117964349488698,-0.2607227009836543,-0.5365616808614168,-0.5294792590795243
2018-04-20,236.2442626953125,238.4152291228504,235.3581583643596,238.19370304011218,0.1616891028802587,SPY,4,-0.33258614711243506,-0.8181596953299957,-0.4587520635677659,-0.14007160971143232,-0.7857458523065395
2018-04-23,236.2088623046875,237.37852663195872,235.12781382798426,236.82027651931742,-0.5209518237507406,SPY,0,-0.3336579732443465,-0.8217802564269779,-0.481600730352971,-0.09196829879633367,-0.05981436539009107
2018-04-24,233.0277862548828,237.4583090421641,231.52139769050115,237.23678290280003,0.4183589634000053,SPY,1,-0.4232743822663287,-1.1412001886845546,-0.8039327571503205,0.5996643069824714,-1.2233394479056812
2018-04-25,233.6036834716797,234.04673562648946,231.14031457260768,232.9656872870833,0.2388504251196474,SPY,2,-0.47648807427390755,-1.0775373919721407,-0.9586139827905108,0.666398047376114,0.16737217448832767
2018-04-26,235.97848510742188,236.81142549326495,234.18856376856922,234.63161601458094,-0.47780634342351,SPY,3,-0.4504166581189341,-0.8188185268908633,-0.3873217451333149,-0.21846467404725498,0.830863105466509
2018-04-27,236.19992065429688,236.89108081136385,235.26065241627643,236.58980864461697,-0.6897389910053981,SPY,4,-0.42256572115925634,-0.7949082949028796,-0.22733526895521738,-0.24283463983568324,0.034576207476066205
2018-04-30,234.38343811035156,237.3784747290615,234.3125346286959,236.82022473848178,-0.19100867613402422,SPY,0,-0.450460309376585,-0.9879747683503262,-0.3272561362006726,-0.0359230994669938,-0.7167116688161769
2018-05-01,234.79989624023438,234.90622441555632,232.25675451893468,233.8163065349993,-0.34936622385146304,SPY,1,-0.45945220617802984,-0.9404362999953513,-0.6234747602108992,0.3872071205926833,0.10723244747441485
2018-05-02,233.22267150878906,235.42019295022632,232.83278343851634,234.60499210638935,-0.10791705833284494,SPY,2,-0.509120786425557,-1.109743057203234,-0.6225583654805548,0.2083622255025126,-0.6316576378915765
2018-05-03,232.70867919921875,233.36438764969256,229.5452807352908,232.38969466928685,0.883295723207588,SPY,3,-0.5604469113772591,-1.1647615581281052,-1.1298764575720943,0.8366378605948667,-0.2382577952013252
2018-05-04,235.72145080566406,236.4037684079162,231.40612728920104,231.73398154608535,-0.011595403645823654,SPY,4,-0.51415160855923,-0.807707337182195,-0.3376012014605237,-0.14903081219542366,1.069386881468013
2018-05-07,236.51895141601562,237.49364442920773,235.8011821160168,236.4923693709605,-0.7244455099106965,SPY,0,-0.4536672606971004,-0.7163498315763107,0.2440873302191298,-0.4705141639512296,0.24626641540932911
2018-05-08,236.51895141601562,236.8822303511844,234.9505296324971,236.14677574348863,-0.48242474963913473,SPY,1,-0.4049917682553633,-0.7163498315763107,0.06127792900109707,-0.28455546252765956,-0.046810781567215416
2018-05-09,238.80511474609375,239.1329690185073,236.66960008535708,237.19239839025408,-0.6378885989197962,SPY,2,-0.3023788779319551,-0.45150152938551863,0.6148001429781909,-0.9430683131970743,0.7878971342229971
2018-05-10,241.0380401611328,241.36592141036263,239.44306351436387,239.5493916852481,-0.3918289660015665,SPY,3,-0.1601611288826705,-0.20531944027297222,1.199286639431453,-1.2920351397172283,0.7607807945913883
2018-05-11,241.77359008789062,242.0394105902405,240.6482201971692,241.1621758907258,-0.633812016897066,SPY,4,-0.030285289696758547,-0.1258914872665265,1.2825589946841118,-1.1238119421084247,0.21758133518989176
2018-05-14,241.88873291015625,242.86342589134986,241.33932559412833,242.20771744034602,-0.7346528425995482,SPY,0,0.07114236516862857,-0.11323076620397089,1.3107088418095665,-0.916695791893177,-0.005495724838476969
2018-05-15,240.22291564941406,240.6748105189396,239.27477742218028,240.65709816542758,-0.09467511322298328,SPY,1,0.09946798252674645,-0.33639703703524604,0.6807811549291559,-1.330125966346531,-0.6464571304476282
2018-05-16,241.2330780029297,241.69386964502854,240.2317756013078,240.25838469613322,-0.751483132547334,SPY,2,0.14481025219970303,-0.21943641611780204,0.8394697078089784,-1.2169795691839123,0.3173129219957178
2018-05-17,241.0292510986328,242.11029947923785,240.24947494976902,240.96721730457352,-0.7000038801103449,SPY,3,0.16911882326364816,-0.24754310502613192,0.7297198697775249,-1.1047709720107772,-0.12015939821950293
2018-05-18,240.42669677734372,241.0469806787529,240.07226042300726,240.68367462698586,-0.5445698013897324,SPY,4,0.16555344411572748,-0.33210224423454326,0.4905336949931943,-1.1593936740586366,-0.264007674483534
2018-05-21,242.2343292236328,242.7748669107104,241.52545659723572,241.9153446542813,-0.6704417139815395,SPY,0,0.2073922770196831,-0.11265509483235024,0.7856660364102055,-0.6767024544454934,0.6031447725039016
2018-05-22,241.5608673095703,243.01409126380685,241.23301306280507,242.75711345887365,-0.7708578130273205,SPY,1,0.21514818449495615,-0.21061692493024098,0.621007148817618,-0.7763482004344414,-0.2883932982346151
2018-05-23,242.22555541992188,242.2521645196592,240.12549171504224,240.28501110462614,-0.5380956969310441,SPY,2,0.23342358986423686,-0.1283542787384039,0.4519605206319868,-1.1532404402796663,0.19162873912352746
2018-05-24,241.729248046875,242.10142376021437,239.93932705278604,241.8267335839373,-0.31283973137516,SPY,3,0.22736098917646344,-0.2035484128499046,0.3281870267165079,-1.2167920434563857,-0.22478611157932119
2018-05-25,241.1532440185547,241.78237040641957,240.64815815255253,241.1532440185547,-0.7032111617796398,SPY,4,0.20007709385152744,-0.2917290761944162,0.2653827875498858,-1.2167920434563857,-0.25382396295355036
2018-05-29,238.3798065185547,240.28495269640374,237.26333331346677,239.5228888169118,0.478358550123061,SPY,1,0.09520771351673173,-0.6996365308055029,-0.32727832103736265,-0.5084210872162718,-1.0505442677645944
2018-05-30,241.5608673095703,242.0039194358489,239.62032387488537,239.6912003167174,-0.43917407999973046,SPY,2,0.0967736559022435,-0.2804733070314867,0.20122076162725283,-1.1119687469739055,1.1034716953378598
2018-05-31,240.08106994628906,241.45452061576006,239.4785255907633,241.15324843799718,0.03400912494146669,SPY,3,0.05175465389669852,-0.49171935955888446,0.03033953495359202,-1.0676681948006264,-0.5800143577399398
2018-06-01,242.43814086914062,242.7394130848632,241.31277110614707,241.38367459323302,-0.4078157567479597,SPY,4,0.0777321736349774,-0.19507494559531477,0.3739582347655334,-1.3094917895324583,0.8009537219891372
2018-06-04,243.590087890625,243.84706573171275,243.0229951509164,243.26223359773354,-0.9213221929237281,SPY,0,0.1254357848861245,-0.05571490768751488,0.5785374031068465,-0.9492503179714685,0.3645146459270712
2018-06-05,243.76736450195312,244.14838296434783,242.95213642630986,243.723043049869,-0.8072056821433286,SPY,1,0.16244133824636262,-0.03413778903687022,0.5382491484211387,-0.8519611578012419,0.016316571777584672
2018-06-06,245.80532836914062,245.91165655887366,243.75842959150788,244.37871342062695,-0.5770355894753315,SPY,2,0.24252420655631207,0.21052979533505997,0.7851916417878744,-0.3078029173407422,0.675618823091451
2018-06-07,245.7787322998047,246.58509041495313,244.86604600098937,246.29268790986913,-0.3738574712518966,SPY,3,0.29787929311180333,0.2062626267511059,0.8613158650605889,-0.11317464275478664,-0.05620008548195986
2018-06-08,246.50535583496094,246.55851992928706,245.14961734613055,245.31797932541565,-0.3903245603670828,SPY,4,0.3542316153429639,0.29419131257408976,0.8706681379154039,-0.11317464275478664,0.20934709219385525
2018-06-11,246.83316040039062,247.5509025710418,246.61163437138094,246.72683223314624,-0.6532422690891442,SPY,0,0.39960296718471183,0.3342651251561659,1.0027259523057965,0.18475864861201502,0.06850367875919058
2018-06-12,247.15220642089844,247.51548536240927,246.5053405909237,247.24966490721712,-0.38656751568888015,SPY,1,0.43560973166383726,0.37401385760968914,0.9582487546134516,0.1321048314793727,0.06527564939129492
2018-06-13,246.3636474609375,247.64850987778294,246.15983367898346,247.3915319860609,-0.25276671060398304,SPY,2,0.432986387249931,0.2331393232766954,0.8488743134083737,-0.045654243085964705,-0.3241090540949231
2018-06-14,246.98390197753906,247.51554301174895,246.3902001003225,247.23201014075755,-0.2919249205886309,SPY,3,0.4394084917042959,0.3145888615430431,0.8312560063915523,-0.04565424308596401,0.17137724854677014
2018-06-15,246.66876220703125,247.00699817002496,245.0844151934163,246.19701919632521,0.560386366578484,SPY,4,0.4267631247072664,0.2561711471116399,0.5997088503391541,-0.7311226616995328,-0.15759949540584314
2018-06-18,246.1614532470703,246.28607795649867,244.72843206777574,245.20905752737158,-0.7718263485809195,SPY,0,0.3939647958570528,0.1608883781299872,0.39096395807195855,-0.9090073902430822,-0.225455052050523
2018-06-19,245.2178955078125,245.44041628413538,243.46443070386098,243.88277084987524,0.11362751073691188,SPY,1,0.33358715244737636,-0.015720944196598422,0.07750710476617549,-1.3088571019459854,-0.3800574734869225
2018-06-20,245.63624572753906,246.30380808388492,245.2980097875481,245.9032598048047,-0.7546011025364816,SPY,2,0.29026331100354336,0.04647885490454388,0.28629706965880747,-1.1209158925910827,0.10110052710265542
2018-06-21,244.09643554687497,245.6451989601407,243.59799107183375,245.62737990969782,-0.4117256236344147,SPY,3,0.20619592992377975,-0.2417993160442181,-0.10360165319217106,-0.9477194380492336,-0.592472219982998
2018-06-22,244.5414581298828,245.47606182010338,244.31893732219,245.3603466539936,-0.7325113469800127,SPY,4,0.14650719794613237,-0.17195593706122303,-0.04346176873100653,-0.9477194380492332,0.11124440775067322
2018-06-25,241.21255493164062,243.54456864427982,239.52140223007044,243.38436018230868,0.9139137518661365,SPY,0,0.0013720975082170948,-0.7575012165414307,-0.9939594285557712,0.6419459846853794,-1.2361487965970537
2018-06-26,241.7466278076172,242.6011001631915,241.0256625133535,241.78223874502882,-0.4616210822767891,SPY,1,-0.1013445900272923,-0.6693715139148465,-0.886657973481484,0.6419459846853799,0.14510204566660237
2018-06-27,239.74391174316406,243.76707796784706,239.5925856496416,242.33405707575008,0.264052196553254,SPY,2,-0.2403890547102656,-0.9972778593216712,-1.1193296210592243,1.009250685217265,-0.7686622761039417
2018-06-28,241.11465454101562,241.88011306565497,238.978433099861,239.69051596797388,-0.3007985321872807,SPY,3,-0.3122502753232034,-0.7671015238675096,-1.219018720046097,1.1580779335577294,0.4479024478432439
2018-06-29,241.46185302734375,243.5802561230529,241.3461378251624,242.20951991467763,0.11483818017891062,SPY,4,-0.3591951422803574,-0.7093940829848581,-0.8144727606073661,0.2766789351917648,0.07804982902176505
2018-07-02,241.9779815673828,242.1382171714129,239.64596816219714,239.88630798665181,-0.560709414344378,SPY,0,-0.3813734651271468,-0.6226429205463779,-1.081978059175551,0.7306874375702068,0.13846955860020443
2018-07-03,241.12359619140625,242.9749849405487,240.6963735286739,242.87706163821207,-0.9847950116525179,SPY,1,-0.42210847474063773,-0.7714660860624765,-0.9709405443266697,0.3228329528396047,-0.3537338529308574
2018-07-05,243.09060668945312,243.15291903184198,241.17693326589728,242.25395348199058,-0.6922734580175823,SPY,3,-0.39825027923701994,-0.44029791109224153,-0.7245060269237228,0.2354255484349412,0.6581829819515251
2018-07-06,245.14666748046875,245.5204871224846,242.7345230355995,243.11727936285172,-0.5023809483920813,SPY,4,-0.32157381103195143,-0.11850933935850999,-0.16568495140398365,-0.833596262105724,0.6840275518597727
2018-07-09,247.35409545898435,247.4074982735279,246.10798451433288,246.15247780539204,-0.8188082617464838,SPY,0,-0.20016880841938012,0.20134265316760178,0.5025491222734347,-1.27418350702718,0.7310399702554166
2018-07-10,248.24427795410156,248.34220126208288,247.51440297894,247.80814573969167,-0.7906969142440736,SPY,1,-0.08183177422054995,0.32455984810669253,0.7255992101794375,-0.9520779839905903,0.2649082921301436
2018-07-11,246.42843627929688,247.47875516139752,246.12581123299168,246.68656802824566,-0.29277635860603657,SPY,2,-0.04269783538811551,-0.015274158359145366,0.3014349796192779,-1.350203789529457,-0.6838639889913867
2018-07-12,248.66253662109375,248.7159394394771,247.08709915241894,247.69234920288554,-0.6287867463607696,SPY,3,0.04685912423801494,0.2952110346108126,0.6875053253834605,-1.0355159609749212,0.73632009525355
2018-07-13,248.85836791992188,249.1609929596388,248.03059703217986,248.48454817334755,-0.8651391919989734,SPY,4,0.11806857497472963,0.32169605567486637,0.7853040355129581,-0.8834356131895519,0.02149925624923882
2018-07-16,248.63583374023438,249.04526439981092,248.19079214755195,248.90287499375373,-0.8654368975994648,SPY,0,0.16242659796117262,0.2785901590326822,0.6853146454337592,-0.8834356131895523,-0.12443950831706108
2018-07-17,249.64167785644534,250.03331670286568,247.80810833147197,247.86151115933035,-0.783776251384648,SPY,1,0.2194919886410453,0.41996870299747746,0.7519512778260647,-0.5294049453870298,0.30351630325151413
2018-07-18,250.16680908203125,250.27361473147613,249.27672578574192,249.72176743388658,-0.9370350945176692,SPY,2,0.2724594765505174,0.49328330395317954,0.8621048572008487,-0.4441122870214662,0.1355276056424205
2018-07-19,249.22323608398438,249.88188880141823,248.7425836658471,249.4991596365946,-0.6032356670225864,SPY,3,0.28066152417165574,0.299576010665312,0.5969180278848862,-0.7038039193494338,-0.3747171660378146
2018-07-20,248.9385223388672,249.65060536692434,248.7783138437506,249.01862658642546,-0.18792444611293235,SPY,4,0.2720681368771388,0.2411034592357759,0.48555506227956674,-0.7038039193494339,-0.14599711313367322
2018-07-23,249.4013671875,249.60606897491567,248.3866591234475,248.73380467057754,-0.8883284735732575,SPY,0,0.2712577010510345,0.31170997782595455,0.43093099897107934,-0.9079087540021354,0.114373853452167
2018-07-24,250.65631103515625,251.5019009205985,249.78404690405054,250.81654665141787,-0.47195146661384396,SPY,1,0.29863999256390783,0.5002938726858014,0.7366775032637144,-0.14053685101930516,0.38871998314428985
2018-07-25,252.7925567626953,253.11297369973812,250.36261967071164,250.40711296868352,-0.25649200001813327,SPY,2,0.37237149543648457,0.8019879326269194,0.9628886097116597,0.4045136666245946,0.6895865015407594
2018-07-26,252.1962127685547,252.8815671683263,251.9736919313731,252.07161522459083,-0.6725534390410258,SPY,3,0.40538467647949533,0.6699790550586073,0.8938804821909622,0.4045136666245946,-0.2517518821393334
2018-07-27,250.48730468749997,252.62349960510556,249.56161026336713,252.52557629752616,-0.29845261205540774,SPY,4,0.37509869934528717,0.3031601115817324,0.508050608626192,-0.8524462261886755,-0.6367937349777221
2018-07-30,249.1787109375,250.72744644291146,248.65353813930957,250.56723804507723,-0.5569841249302278,SPY,0,0.3067262871733377,0.03610489358115458,0.17915403201958008,-1.257414842855476,-0.5013169218002501
2018-07-31,250.40713500976562,251.02129468967553,249.56157213157385,249.94430145001397,-0.4611626156520322,SPY,1,0.280031767038909,0.22523334863590833,0.2903533405321704,-1.1338316256049539,0.3799188495850709
2018-08-01,249.98875427246094,251.1191773198077,249.3390109215254,250.6118233771332,-0.75325547322226,SPY,2,0.2403779645030798,0.13887299980781842,0.21399997379385022,-1.2389729486482037,-0.1919122411992907
2018-08-02,251.35052490234378,251.51961566438914,248.47554733677848,248.68027618393285,-0.5632577742845852,SPY,3,0.24065792746077738,0.34832438871024674,0.22905653115175553,-1.1775063427918826,0.4245864541473664
2018-08-03,252.42767333984375,252.4810761741031,251.29724996724136,251.47527752356672,-0.7516260312355699,SPY,4,0.26428584649579,0.5082622009550768,0.4796487127217415,-1.1902474768252704,0.32425472160077706
2018-08-06,253.35325622558594,253.66476356725832,252.0715344411289,252.46317316211187,-1.0400928345918112,SPY,0,0.30171102604934197,0.6425708147689173,0.5950959357032006,-0.6800233952100606,0.27077941109087067
2018-08-07,254.18997192382812,254.57272837941383,253.8873468672899,254.02088109024493,-0.9647594247394404,SPY,1,0.3470416837886696,0.7619948207242934,0.7781585683282596,-0.3194832356747396,0.23928997443356795
2018-08-08,254.08314514160156,254.48369345077717,253.6203116518387,254.0208599610143,-0.9862339220548935,SPY,2,0.3717411359516776,0.7372079847515982,0.71878961992717,-0.4656102653558403,-0.08328590293621899
2018-08-09,253.73609924316406,254.53716892699396,253.602592156391,254.14553003033194,-1.113207345368519,SPY,3,0.3732971421148425,0.6550314618857126,0.6796590842733964,-0.44278709840563846,-0.16541265826235113
2018-08-10,252.0360107421875,252.83708034392725,251.3239277470497,252.29414252562424,-0.29235361665333864,SPY,4,0.3189768125094345,0.2635631262183189,0.2541254644955401,-1.2004800840636145,-0.6301645675539662
2018-08-13,251.09246826171875,252.9260374230417,250.7987256035672,252.3118778612878,-0.5174805764490098,SPY,0,0.24259219206281113,0.05603331719700848,0.11420769167192243,-0.9652495485558985,-0.37227016597434304
2018-08-14,252.6946258544922,252.9349657132084,251.43072286782095,251.82236166562507,-0.951950145102293,SPY,1,0.22077181611915897,0.31871123916663996,0.2693239438378874,-0.9699641379668611,0.5051057353401036
2018-08-15,250.8075256347656,251.4839972424043,249.36559587167963,251.3415807374714,0.22068045996964988,SPY,2,0.14466047453524092,-0.08481342891556025,-0.29051987838235516,-0.09825434154272691,-0.697254015601384
2018-08-16,252.8370819091797,253.7093733974278,252.21401267997547,252.24962362075001,-0.4334283619102446,SPY,3,0.13608720077891812,0.24096874020465905,0.42221835291771165,-1.2083549688514337,0.6525366633880678
2018-08-17,253.7271270751953,254.17216869669298,252.2228842214784,252.63231490756448,-0.5197510778287583,SPY,4,0.1487535966668534,0.376903107996728,0.5250429044241984,-1.4062094875221496,0.2581132993089625
2018-08-20,254.27008056640625,254.53709466204705,253.7271156876917,254.18106681346475,-1.0320230281144886,SPY,0,0.16823861302697304,0.4592366133390791,0.7223955862712745,-1.2426357875027765,0.13867695541922384
2018-08-21,254.8664093017578,255.72979105527017,254.30565256368928,254.78630507677408,-0.4869339971345792,SPY,1,0.19433203969098878,0.5497268441742745,0.8825162588307918,-0.7304246786884983,0.15645554756655491
2018-08-22,254.7151184082031,255.24026423066772,254.1899454225552,254.45698667743804,-0.9291002479125692,SPY,2,0.2044600953339192,0.5147334319732303,0.7201523519835176,-0.7901248758180134,-0.09833517130093014
2018-08-23,254.37677001953125,255.40035980288047,254.05632608793954,254.53697840374147,-0.8455124541105707,SPY,3,0.19674861056259677,0.434980060931133,0.6154729473352866,-0.7186389830836476,-0.16215125550535708
2018-08-24,255.90785217285156,256.0502687570379,254.90205372172593,254.95545654539757,-0.6811293450391841,SPY,4,0.2272726430889022,0.6777321188565139,0.8801515022208094,-0.4274950820497607,0.4739053704570641
2018-08-27,257.9282531738281,258.0350587887634,256.94915643162534,257.10936485402823,-0.6893658666527821,SPY,0,0.3010488810532121,0.9749220007869731,1.4239849632847255,0.3488768552348266,0.6355733645947926
2018-08-28,258.0528869628906,258.49792848298426,257.59002639755886,258.3910957010917,-0.8903945504406684,SPY,1,0.355012601241271,0.9926902282817949,1.3545520271447693,0.5096629136241254,-0.004891318480480602
2018-08-29,259.4414367675781,259.67283990707574,258.0262078708807,258.26652053376785,-0.6017788942841813,SPY,2,0.4280799201367723,1.1881685004993605,1.4306206581374628,0.895815082038433,0.41885105413262363
2018-08-30,258.3911437988281,259.3346298239958,257.79480326227804,258.96081008891326,-0.6068597365325694,SPY,3,0.4472806216352375,0.9237017313674872,1.1109148158944608,0.7425454149129337,-0.39880490622251674
2018-08-31,258.40008544921875,258.84512710748453,257.49221024510393,257.98174520392143,-0.5093849688196445,SPY,4,0.45359348055084814,0.9250250405666266,0.9102528537924522,0.537012570195581,-0.043808051564113416
2018-09-04,257.95501708984375,258.3110449469662,256.94921870016407,257.9817185000483,-0.6790057117556781,SPY,1,0.4370781300337956,0.810549857132923,0.6763324119770809,0.16883815400481877,-0.19639717371780507
2018-09-05,257.26080322265625,257.8037682198416,256.2461222746419,257.59903925972424,-0.3841183909488368,SPY,2,0.39591882802649947,0.6325175419155624,0.43516983011136834,-0.29093796611505485,-0.28065039788376583
2018-09-06,256.4864501953125,257.67024923193327,255.45395013379505,257.3676241185354,-0.5139676503632101,SPY,3,0.33368615478903285,0.4367199656566661,0.23111038969256045,-0.7798217911552935,-0.30839018728813966
2018-09-07,255.98797607421875,256.9670731887261,255.19578885692113,255.43612874509316,-0.36283442521769826,SPY,4,0.26334441635189565,0.31170058567740244,0.0626943460426814,-0.9357552413081098,-0.2156153856776307
2018-09-10,256.4329528808594,257.26963318859396,256.2371335074921,257.00259195408523,-0.825546331837608,SPY,0,0.2137568518330705,0.39188266747851985,0.17767681083421327,-0.7749676606529131,0.10389307184272417
2018-09-11,257.278564453125,257.72360609871987,255.43611268438386,255.78323104309095,-0.8192032178431358,SPY,1,0.192165498135557,0.5427130255656067,0.17804712704673012,-1.2757965264170426,0.23885994521991
2018-09-12,257.34088134765625,257.9461314771901,256.5487213293637,257.2874785222966,-0.6350167322270549,SPY,2,0.1709143022573575,0.5538586936369742,0.25942530073415,-1.14576137349011,-0.02579559042065873
2018-09-13,258.8628845214844,259.04982155055575,258.12412741894815,258.408960561471,-0.8092062637786315,SPY,3,0.19087156201518313,0.8202167517615433,0.5912244017166883,-0.5361839513774231,0.4648821060305878
2018-09-14,258.9074401855469,259.2545585551112,258.1241625186905,259.06764866380735,-0.728911093918069,SPY,4,0.2016922159829279,0.8278509629814785,0.549911890176592,-0.4291548320990391,-0.031876666320146026
2018-09-17,257.5367431640625,258.88966023457033,257.2608194665457,258.8540764539298,-0.46764267422273037,SPY,0,0.1657703986914095,0.446628297293717,0.24836608942176194,-1.0196244646146466,-0.507420217784939
2018-09-18,258.9341125488281,259.53045309429,257.7235852458988,257.7502866559466,-0.5929489461736035,SPY,1,0.17081709434025244,0.6968340013051099,0.44086145845166,-0.6592884655469371,0.4227374364125171
2018-09-19,259.2100524902344,259.62839271610574,258.8629069745772,258.9875316714344,-0.8479794411866436,SPY,2,0.1766358063510073,0.7450252948775954,0.5230773378983173,-0.6044042589454321,0.04561172215865188
2018-09-20,261.3105773925781,261.63102142465954,259.22778625517816,260.4739242916084,0.16977677169361094,SPY,3,0.23386714038612655,1.094187991046458,0.8609286377816365,0.37927355234812804,0.6535244547983868
2018-09-21,261.0718688964844,262.17163696286957,260.9109352144216,262.0553979859982,0.2713757543253448,SPY,4,0.2655030245291197,1.0259331532088312,0.9471110738052733,0.6031456964870698,-0.12611441111412133
2018-09-24,260.2046813964844,260.6338653373801,259.6235135690867,260.4908040237482,-0.7620616048847985,SPY,0,0.2592013752257929,0.7792121206629816,0.5619886636792152,-0.31430716274769166,-0.3355188715863732
2018-09-25,259.9631652832031,260.7678609394908,259.7217647721598,260.66057182347157,-0.9414709079649924,SPY,1,0.2406937127238757,0.7108653280901504,0.5231547935214943,-0.25018872172807594,-0.1273887606716297
2018-09-26,259.1853332519531,261.29542563332217,258.76509928974514,260.10626802621977,-0.23948705611805912,SPY,2,0.1978799941877633,0.49140984077445815,0.36566082474362077,-0.8856817593123318,-0.3068316943845897
2018-09-27,259.9095458984375,261.00036416052205,259.38202283615465,259.6591955080974,-0.6461568757974466,SPY,3,0.17839180637020538,0.6267910644515802,0.4551289600547554,-0.8856817593123327,0.19531072853977707
2018-09-28,259.9364318847656,260.43713278815665,259.2479749641412,259.28371982427427,-0.430977252466198,SPY,4,0.15795745121113047,0.6318492799239541,0.3447755168676314,-0.9777919139687945,-0.03783514998172538
2018-10-01,260.8395080566406,261.9124269260284,260.16892353096546,261.17924796261315,-0.5900016607287377,SPY,0,0.16144508106491978,0.8015175195233947,0.7078655720837481,-0.16614527599380674,0.25413457004605494
2018-10-02,260.68743896484375,261.4027180521618,260.3119269941536,260.68743896484375,-0.8841486869423569,SPY,1,0.15421512434705076,0.7550660194919743,0.587256608138324,-0.1661452759938072,-0.09741397720613
2018-10-03,260.83050537109375,262.16272429404654,260.47286582039857,261.7424903182888,-0.538087758115031,SPY,2,0.14689972017070332,0.7828058173879138,0.6658232263408249,0.21780153839990507,0.0007974615633058661
2018-10-04,258.79193115234375,260.4013227812266,257.2004119509289,260.34767821267377,0.39177186857211155,SPY,3,0.07877103905003893,0.1725200768531524,-0.350323721505774,-0.9933766859264397,-0.7276657218653663
2018-10-05,257.343505859375,259.53406544943476,255.91292018222546,259.0154921256211,0.28074355722081046,SPY,4,-0.01977212145788062,-0.21944827494578348,-0.9710599437590304,-0.41081412657930344,-0.5338313401402756
2018-10-08,257.343505859375,257.7011454571243,255.26915799181577,256.6550216654015,-0.08066111825584701,SPY,0,-0.10063550468202265,-0.2194482749457853,-1.4177794958626915,-0.1428315721354233,-0.046810781567215416
2018-10-09,256.9678649902344,258.27326128488613,256.40456988547504,256.9589424219697,-0.34667496522301994,SPY,1,-0.1771995147156881,-0.3209145402036103,-1.181329468683761,-0.4860948443968819,-0.17356444499824997
2018-10-10,248.83154296875,256.52986717887353,248.45603093088235,256.45832288565384,2.4396906790571027,SPY,2,-0.4659101029616804,-2.0084638398629995,-3.436394429884033,1.7279156243952063,-2.838718172240346
2018-10-11,243.35060119628906,249.36796061249984,241.7322325341016,247.74066938025734,3.632686331906667,SPY,3,-0.8435034839179483,-2.76434610093314,-4.601066817557603,2.6190099376103193,-1.979495532837747
2018-10-12,246.73036193847656,247.7496360271475,243.52942382197313,247.4635134707614,1.8136257247435073,SPY,4,-1.0393723673523034,-2.0426869806994157,-3.4373719032069823,2.6190099376103193,1.1500365106673838
2018-10-15,245.34446716308594,247.7049372856472,245.25505045490135,246.3726910918379,0.20754767357996845,SPY,0,-1.223510997849544,-2.2219708635980813,-2.864293252200822,2.6190099376103193,-0.535591412833231
2018-10-16,250.70912170410156,251.08466093328602,246.83762686047461,247.31150536031086,0.5249435224879699,SPY,1,-1.2081383044188494,-1.2513122933591176,-1.8951882544577612,1.1500548517527749,1.8301008647196277
2018-10-17,250.7538604736328,251.37972284928375,248.169862262265,250.74491061710347,0.37351457644596986,SPY,2,-1.1849613093183085,-1.243976254568099,-1.6309934540539914,1.0335698129095756,-0.03132764694763187
2018-10-18,247.13270568847656,250.4141107837629,245.85413127862012,249.8150433637194,0.8484840149901159,SPY,3,-1.2581484076488796,-1.7263708059304166,-1.8258730981165594,1.4296555707238037,-1.309039539894765
2018-10-19,246.9985809326172,249.72561317415597,246.30117426613575,247.78540430734466,0.9545485816292222,SPY,4,-1.3087731197377555,-1.7432945720934332,-1.6746759594305123,1.4296555707238041,-0.09391722704169103
2018-10-22,245.88986206054688,247.99100439047254,245.35338915850716,247.66913702093586,-0.18637439228637329,SPY,0,-1.3683179950867972,-1.8838228170895073,-1.684159966894891,1.5896265510518148,-0.4371905208525439
2018-10-23,244.6381072998047,245.76469777802023,240.16754481310545,242.25979206869093,1.0825838215846006,SPY,1,-1.438161233151612,-2.0389928070838717,-1.8546711553348887,2.303181546223771,-0.489674550258479
2018-10-24,237.22593688964844,244.77224863110285,236.6715915011302,244.3877595156465,1.706852618775231,SPY,2,-1.6870451338308252,-2.820737154227218,-2.0688764656034127,2.6608962376612437,-2.716550136922316
2018-10-25,241.48190307617188,243.028727595172,238.03959162211592,239.0678155870735,0.918028043264929,SPY,3,-1.7480294065872368,-2.115064734042046,-1.7682629477743115,2.660896237661243,1.496142597674594
2018-10-26,237.2349090576172,242.30454003774642,234.51682611429473,237.76245955881376,2.178575081570017,SPY,4,-1.8981880816042196,-2.5138168779597434,-1.874706514194778,2.974291763093183,-1.5864823710983047
2018-10-29,235.9205322265625,241.63392470926993,232.33515933587503,240.33745055400144,1.368309748712317,SPY,0,-2.034732694634705,-2.628489045956504,-1.844460385589601,3.141080508993175,-0.528903870537603
2018-10-30,239.41647338867188,239.7294181935654,235.25885608407432,235.75063428780575,1.296203467569274,SPY,1,-2.024931038077923,-2.100951526227902,-1.6098045840289814,3.141080508993174,1.2295811544310267
2018-10-31,241.97364807128906,244.29834581553112,241.51764200650072,241.9915204966383,0.7242177279369598,SPY,2,-1.9267575236148717,-1.7443081028208605,-1.188800925167337,1.397664177871878,0.8750833268559539
2018-11-01,244.5487518310547,244.74545769922514,241.75017496005526,242.84099344970022,0.15259717384124846,SPY,3,-1.759965676694077,-1.4060118938562012,-1.0598794698437446,1.2464995877831857,0.8717537680262302
2018-11-02,243.1002655029297,246.0865980373183,241.04379034080017,245.65741420586508,0.6118398178634306,SPY,4,-1.6535017296889283,-1.5548790657099545,-1.0464271787189445,0.7932120008958924,-0.5623029321138489
2018-11-05,244.44140625,244.99575158155255,242.61740928316135,243.5919885412369,-0.5196716896686272,SPY,0,-1.5177345875302262,-1.3802292348562348,-0.9620746920549039,0.7932120008958933,0.4305837536556374
2018-11-06,245.9882049560547,246.14913864319658,244.3162190941852,244.3788135123445,-0.629556811514041,SPY,1,-1.3548220377731786,-1.1825915507995375,-0.8031503765931952,0.38936845711509643,0.5005482499034495
2018-11-07,251.25454711914062,251.3350139649229,247.74066446976883,248.16984826675412,0.2172409679319715,SPY,2,-1.0687879263817708,-0.5668259240606858,-0.34213255506488977,-1.1248219000719648,1.7912953453826614
2018-11-08,250.7985076904297,251.44226965723053,249.6540450034663,250.44979078559714,-0.5204179383738592,SPY,3,-0.8491052749549445,-0.619492390444303,-0.24964538913131526,-1.1520954770373981,-0.2044508558527489
2018-11-09,248.34873962402347,249.67200888943128,246.93602634978998,249.4842528721253,0.13905355372288875,SPY,4,-0.7395011241408642,-0.8974869360306313,-0.4473656633733137,-0.5388165130004972,-0.8985634605373397
2018-11-12,243.708251953125,248.0804479122817,243.18965142015946,247.83904735902766,0.15614185519110052,SPY,0,-0.7784727054219136,-1.3789867356647652,-0.7802249748181622,0.1735006722976309,-1.6835324211301255
2018-11-13,243.25221252441406,246.17595019126784,242.52798367770583,244.1731471866569,0.1264308362620494,SPY,1,-0.8167325792622239,-1.4238236725006344,-0.863671928917985,0.28829085538008664,-0.20933667021519506
2018-11-14,241.58917236328125,245.5321838880745,240.02447572177334,245.12984969480172,0.6654625506239585,SPY,2,-0.8876530923031339,-1.586886583398856,-1.041182219694036,0.7027854363819526,-0.6420869412602144
2018-11-15,244.11061096191406,244.5755669746374,238.73701281838885,240.31958228916,0.8592788200639375,SPY,3,-0.8666802883828395,-1.277241560036533,-0.9979754326366613,0.9016574896119992,0.8541338897088186
2018-11-16,244.74545288085938,245.65743791379424,242.49227165596548,243.01087224645588,0.6919007926516064,SPY,4,-0.8265534229467104,-1.200882389268577,-0.6683640865665914,0.557615936877905,0.17856049550813827
2018-11-19,240.60562133789062,244.43242082604078,239.68468677583542,244.13734849176728,0.22338561152611594,SPY,0,-0.9050071577940265,-1.6123623835269532,-1.1013024338495845,1.0015820415470225,-1.5271148711779143
2018-11-20,236.1529998779297,238.72804836086445,235.28570962202662,237.26169069680185,0.8775361121900792,SPY,1,-1.0841932412724258,-2.0081764287437878,-1.9637001853341778,1.5784188058735547,-1.6676635972404938
2018-11-21,236.9576873779297,238.86215138841197,236.9487648074181,237.70873861136033,-0.3223682952948911,SPY,2,-1.1936715094667636,-1.9071394886235318,-1.713192770826298,1.535110548884971,0.24836359024892313
2018-11-23,235.3751220703125,236.7788852824275,235.21418836458116,235.31252764492294,-0.9724739692001766,SPY,4,-1.3138504655888779,-2.0441467632714576,-1.9001558192225978,1.7468963107125985,-0.628282886088793
2018-11-26,239.17506408691406,239.39859218419156,237.2437780520992,237.63718968619915,-0.23469002654213952,SPY,0,-1.2909655771343833,-1.574933029150865,-1.3085503311501128,0.902119111013626,1.342878911699256
2018-11-27,239.9798126220703,239.9798126220703,237.5299528680302,238.13794287782616,-0.32358491884889967,SPY,1,-1.23976805056441,-1.4796605633222533,-1.1540480078323034,0.7229675456686037,0.24466228014781033
2018-11-28,245.50543212890625,245.50543212890625,239.9172282326189,241.05276872748166,0.7109857063471144,SPY,2,-1.0353417983053965,-0.868899845181639,-0.32230705030072987,-0.7558786176034971,1.928509067083324
2018-11-29,244.9689483642578,246.372684227668,243.58305764137964,244.72752053027097,-0.18775177686464728,SPY,3,-0.8822210736879922,-0.9224354616792833,-0.022639876405603478,-0.955851747289029,-0.23663611086475508
2018-11-30,246.46212768554688,247.02542297779553,244.4950963775198,244.81696380957584,0.12697861456695375,SPY,4,-0.7144497765822501,-0.7648276258723994,0.19926367383809138,-1.1088260026960846,0.480497290685134
2018-12-03,249.7256317138672,250.70916100529405,248.12518984788434,250.60187186189302,0.22566008231387094,SPY,0,-0.4877508724050258,-0.4348433665538293,0.8633257066399571,-0.9139459182092672,1.0946423966371408
2018-12-04,241.63394165039062,249.323315833591,241.32099676826604,248.8941319421499,1.710411193053106,SPY,1,-0.5340788118604051,-1.2168458210698168,-0.1738054867366791,-0.5906014302306236,-2.9050120914407915
2018-12-06,241.26730346679688,241.383542452638,234.6508767053619,237.76239789607098,2.2303917336875627,SPY,3,-0.5783945953582614,-1.2490631302138848,-1.12003553493922,0.3454253037026353,-0.17857369326354913
2018-12-07,235.66123962402344,242.50119483388949,234.82077168595902,240.92754809263727,1.3736644801131574,SPY,4,-0.7667174126415462,-1.7158811638503169,-1.3676736702913879,0.108992350264581,-2.086849734755102
2018-12-10,236.1083221435547,237.0829016086357,231.2353975319984,235.482432405614,1.183668765879486,SPY,0,-0.8969429863641296,-1.668085998320365,-1.7774863511578651,0.5552298982341979,0.11765351621216079
2018-12-11,236.1619415283203,239.50591358268358,234.6866613446982,239.31815759578762,0.5894186167384146,SPY,1,-0.9911374789131089,-1.662199288886681,-1.4067632882606533,0.04138426609174747,-0.027107209823748854
2018-12-12,237.3511199951172,240.51628619708956,237.27065313652687,239.1482950287529,0.12246341295949943,SPY,2,-1.0243667708738684,-1.5296888404984588,-1.1516776463912408,-0.16813438612798484,0.3890318607084626
2018-12-13,237.27064514160156,239.16615939870508,236.1530044441443,238.29886912603226,0.09638440235644453,SPY,3,-1.0448537915820386,-1.5368055760408312,-1.293791264212759,-0.009038151626437509,-0.0762364462185013
2018-12-14,232.88951110839844,236.07254979647172,232.33516565957632,235.1158427612974,0.4992475597575475,SPY,4,-1.1750374129128038,-1.9105022718503801,-1.7913037893350197,0.4985260709703761,-1.6640230264091707
2018-12-17,228.320556640625,233.0504055160485,226.68432921377234,231.93276494932454,1.4624482289957341,SPY,0,-1.394919002431402,-2.2616928177779303,-2.2472967808598203,1.1238519900041999,-1.7660883266816407
2018-12-18,228.07025146484375,230.6363639921175,226.46084600104814,229.96577951912568,0.8476425004927267,SPY,1,-1.5621560627026532,-2.2801943516958856,-2.1540029239908547,1.1465730185158156,-0.14199100434368986
2018-12-19,224.65472412109375,231.93280004725392,222.94697944544566,228.15070761718408,2.444886634137681,SPY,2,-1.7744960297338594,-2.527206875845769,-2.187149607592341,1.4930811835672517,-1.3561292228626707
2018-12-20,220.9977264404297,224.9765232827397,218.74455971728486,223.402890611138,3.1804298459760187,SPY,3,-2.0264860113204177,-2.7731665864899697,-2.5366994863827155,1.8566923394279393,-1.4709480992205892
2018-12-21,216.46963500976562,224.5726410343925,215.8221135995942,221.90161864812129,3.245770271171892,SPY,4,-2.330957450887634,-3.052498162976218,-2.610758215719333,2.0829099148523698,-1.8431931075071506
2018-12-24,210.7498779296875,216.5955475889452,210.6869316999535,214.97674401567878,1.1016151482720202,SPY,0,-2.706303755399397,-3.3680205355825525,-2.9109986258458087,2.4325957777502154,-2.3704365665402984
2018-12-26,221.3979949951172,221.3979949951172,210.22827050792478,212.21580430406206,2.5142044061561206,SPY,2,-2.676523328619792,-2.203651521215904,-2.1617639529917385,1.359708045861428,4.23021712427891
2018-12-27,223.0977325439453,223.29557334632165,214.90480143725537,218.1513968614216,1.8747704856764535,SPY,3,-2.5791789095549253,-2.0396415770695078,-1.7441899445110196,0.9704862974548377,0.6168255085443468
2018-12-28,222.8099365234375,226.0924992212644,221.64079990409365,224.45571893237823,1.2165017242056912,SPY,4,-2.4854265750567377,-2.0582616760988044,-1.3836446293323628,0.419312844929292,-0.15881996609312138
2018-12-31,224.761474609375,225.00429854853064,222.55810980899943,224.4377139314152,1.0418318942853217,SPY,0,-2.333118615931365,-1.8660872785722373,-1.2566224060285212,0.4193128449292913,0.7099021889132828
2019-01-02,224.9953155517578,225.92164195797136,221.19113755446438,221.2181164696921,0.6970054513480339,SPY,2,-2.1845632175743273,-1.842930018177134,-1.1948807956943337,0.5761107613415439,0.04342038979167231
2019-01-03,219.6262664794922,223.5473615598497,219.14061864636642,223.24157770380162,1.0386821690321217,SPY,3,-2.196863643132516,-2.2047217643860164,-1.3625090249617844,0.8067661528997822,-2.142571408036364
2019-01-04,226.98287963867188,227.63040113640858,222.2883556414537,222.6660742280091,1.0086754292065825,SPY,4,-1.9802266597378928,-1.5122524956429897,-0.9533972174045076,-0.04688866593057374,2.812117910362646
2019-01-07,228.7725372314453,230.18448416653186,226.3533271053869,227.25266090851673,0.22492177242465206,SPY,0,-1.7419124584995982,-1.356754640735464,-0.7209747569631956,-0.530341661239664,0.634670721778456
2019-01-08,230.92190551757812,231.407553402941,228.43076103547978,230.9668886701133,0.21248760184412396,SPY,1,-1.479300863051061,-1.1726984866858072,-0.5670271626218059,-0.7555690939589073,0.7646330818313493
2019-01-09,232.00112915039062,232.84650507308868,230.40031616931114,231.63239901853396,0.06351571935818032,SPY,2,-1.2304839310115288,-1.0808496421449476,-0.441733072902598,-1.0200776596365677,0.35778110987722406
2019-01-10,232.8195037841797,233.0713161127741,229.7797516026208,230.46325397115652,0.09958374520972646,SPY,3,-1.0025834387738035,-1.0105072448659709,-0.41215398664213554,-0.9176291415932712,0.2587382721199901
2019-01-11,232.9095001220703,232.93647904088223,231.1557880628197,231.74034960073917,-0.35621940677477726,SPY,4,-0.8139766693050802,-1.0025977569383357,-0.3554846914635861,-0.9176291415932711,-0.013275242612903776
2019-01-14,231.4885711669922,232.29796629557157,230.59823927010444,231.00292311164606,-0.4147661901674345,SPY,0,-0.7004333905235566,-1.119450209405961,-0.390689193102878,-0.8159527032840769,-0.5778138668953658
2019-01-15,234.14154052734375,234.45631281983424,231.8572251836976,231.8662273034933,-0.13095153299487347,SPY,1,-0.5334038179859719,-0.8794693518654948,-0.16563963732813666,-1.2801304506442714,0.9419918381206389
2019-01-16,234.70814514160156,235.59847682156547,234.36639390612345,234.5732231151311,-0.2812253813069666,SPY,2,-0.3845456636382286,-0.8287193348596122,0.022284378460292263,-1.303057627273874,0.16291915311997412
2019-01-17,236.4888153076172,237.35219554172227,233.79081382839195,233.83579698700657,0.08558165846660985,SPY,3,-0.21776952475582353,-0.6690300068785467,0.2049707214597929,-0.9490603524197945,0.6090275587907634
2019-01-18,239.63644409179688,240.10411516934417,236.52475725147548,238.30544781381963,0.7163583000839844,SPY,4,-0.0007413737032446541,-0.39644749028022574,0.5494930652950534,-0.4355868158200756,1.100503356300548
2019-01-22,236.39886474609375,238.37741004455046,234.78007491680293,238.16157871944208,0.470868277214695,SPY,1,0.07514889060712455,-0.692472311173188,0.32994315910044925,-0.8426289695607935,-1.2271359905953592
2019-01-23,236.89353942871094,238.13462456812618,234.42037127119247,237.43314524308607,-0.1146372660879396,SPY,2,0.1436609407310872,-0.6487749052151809,0.33488383261325266,-0.9264609297617032,0.13457533374765515
2019-01-24,237.01939392089844,237.60398280267032,235.6973722379844,236.7136237456956,-0.6470579314149343,SPY,3,0.19532792830039322,-0.637373729768513,0.35152767979461547,-0.9264609297617039,-0.0007232016965076994
2019-01-25,239.0249481201172,239.85234733316568,237.11836476084255,238.87204929051913,0.10076464409167606,SPY,4,0.28561923521733806,-0.4551850781938455,0.5391554298389942,-0.4562056999812432,0.684333852744739
2019-01-28,237.2083282470703,237.27126076414916,235.43663929155764,236.8755790813207,-0.12290554296559003,SPY,0,0.29857085185429966,-0.6319372040620957,0.33596623478306714,-0.8944329914105099,-0.708814092738771
2019-01-29,236.89353942871094,237.91876577508106,236.05716551145,237.35220848775356,-0.5094742804997918,SPY,1,0.29265597231875046,-0.662641170375942,0.3745409982344939,-0.7529428254849728,-0.16203968457832552
2019-01-30,240.64370727539062,241.48908317680105,237.64893803202327,238.41337719123322,0.013245151659186617,SPY,2,0.3853684013914855,-0.3158032914423327,0.6380817662604127,-0.037935472942970554,1.31609588342049
2019-01-31,242.7571563720703,243.242804289452,240.3649252659532,240.58078403228308,0.242248238373257,SPY,3,0.5086604989056132,-0.13059179899323115,0.751456622881825,0.2718667700683155,0.7119430019627438
2019-02-01,242.8740997314453,243.8993535043957,242.08268154435896,242.95503648528486,-0.11955536260805909,SPY,4,0.5988383228184118,-0.1203364065545596,0.7307852156956431,0.38564566718179893,-0.005019790038237221
2019-02-04,244.58273315429688,244.64569308677306,242.2444605443687,242.91896067537795,-0.6164795968364513,SPY,0,0.7064246208422138,0.030367278411063243,0.7231616294541556,0.5169021596783039,0.5615038268767678
2019-02-05,245.60812377929688,245.91389404943556,244.51093518856587,245.01456003885264,-0.24319646790018315,SPY,1,0.8073734326274691,0.12004161149197669,0.7941020130606529,0.7375578362193953,0.316215863206924
2019-02-06,245.28431701660156,245.8239228411092,244.54688408344987,245.3293001785144,-0.664052951794992,SPY,2,0.8643524612384034,0.08240728835673204,0.7161321169082823,0.7375578362193957,-0.16128649679854543
2019-02-07,242.94601440429688,244.2140507458465,241.28224160093168,243.665470372813,0.0729510021897574,SPY,3,0.8300636205719429,-0.1868807285876867,0.45936033407349625,-0.3356460015529006,-0.877986813554372
2019-02-08,243.24282836914062,243.3417419191554,240.86857382289284,241.6959730438404,-0.3178987418795121,SPY,4,0.7981331324644034,-0.1584339599103001,0.3904026589000423,-0.4609108423845094,0.05913730759090719
2019-02-11,243.37765502929688,244.1600708719117,242.84705149747168,243.89928388802906,-0.47206062533402415,SPY,0,0.7638976180385731,-0.14516178214220898,0.4577621133154373,-0.2731468352404904,0.0012730574269314951
2019-02-12,246.50741577148438,246.88512062206982,244.92457940010192,244.99654147816,-0.3877345216428068,SPY,1,0.8117527100599402,0.15633474921295232,0.702151612763685,0.3035130744707232,1.061946730824102
2019-02-13,247.30772399902344,248.15309973120762,246.92101715964694,247.343705025739,-0.5265248725919414,SPY,2,0.8584273777834999,0.23092913331142187,0.7959309543212459,0.5466567278914336,0.23444858449097197
2019-02-14,246.75926208496094,247.89243168351922,245.40125899116464,246.2196562072906,-0.17012760531555082,SPY,3,0.8660381596857929,0.1606871867780187,0.6281010542852299,0.030693310257512197,-0.23946323794305702
2019-02-15,249.44825744628906,249.48423848962256,248.33309211240146,248.53992135920637,0.10483924141040298,SPY,4,0.9332251552646778,0.41393881110424946,0.8425877122947132,0.3547623085936451,0.8936586746302884
2019-02-19,249.8798828125,250.53637887145172,248.63879787162224,248.64779999149417,-0.6487111898496637,SPY,1,0.9833817826789799,0.45375372366782074,0.8254703667799739,0.5598783343081665,0.10320424334292999
2019-02-20,250.38351440429688,250.84218340260153,249.34028395344964,249.84390866137753,-0.30158645967658154,SPY,2,1.0216316605274145,0.5010163101803966,0.796478800110608,0.6200512113372413,0.12790338297296117
2019-02-21,249.49317932128906,250.10471968025473,248.53088562835066,249.74499167177422,-0.5476123526267556,SPY,3,1.0112496509995168,0.37609334348702417,0.6212197931763709,0.31167235308219104,-0.35591489872776205
2019-02-22,251.04005432128906,251.23788141294105,249.47519482007914,250.11371414406406,-0.2717404808753076,SPY,4,1.0308396737014724,0.5267688733637733,0.6940940509209379,0.5574023577093249,0.4895257970789712
2019-02-25,251.38183593749997,252.9916515215449,251.30089916898325,252.47004986482725,-0.45202900782895317,SPY,0,1.0400877367494668,0.5600117214776833,0.7843656636361944,0.9129911593420057,0.07124681713280438
2019-02-26,251.2019500732422,252.08327972499873,250.8242177614234,251.03107443759706,-0.6938969458922627,SPY,1,1.0265823157576386,0.5329285488096761,0.6618786895644945,0.7167582318607452,-0.10892661467462945
2019-02-27,251.093994140625,251.44472003169815,249.54713899180484,250.48242633165853,-0.6923588002897233,SPY,2,0.9974095886652534,0.5162098931645338,0.5227647718411843,0.20008163141311758,-0.08411007295783741
2019-02-28,250.62632751464844,251.31883208011348,250.30258053247402,250.8781398715025,-0.4473133511171679,SPY,3,0.9462647090514578,0.44217084627050574,0.4718435310971001,0.2000816314131178,-0.20857726500144855
2019-03-01,252.1910858154297,252.6047714975034,250.7521468765693,252.20906260317986,-0.2565396329142119,SPY,4,0.9351572112904765,0.6109958259946477,0.5492578288500476,0.5159330285736223,0.4932617494485691
2019-03-04,251.27389526367188,253.49525117487508,248.97160259199893,253.2524408934659,0.29151851525459926,SPY,0,0.8863415581748321,0.46169082631725034,0.4161601685189682,-0.21834012411741838,-0.36296903003424136
2019-03-05,250.93209838867188,251.59762404077725,250.3835179633231,251.39976951374408,-0.6488342414978668,SPY,1,0.824582223499386,0.40565357297672,0.33172306249342254,-0.21834012411741816,-0.16492440576442763
2019-03-06,249.41226196289062,251.0580583928044,249.08851492811652,251.0490562711186,-0.33276615956805733,SPY,2,0.7205388946604872,0.15815064397057343,0.1389110663661902,-0.737979691435739,-0.5739713385095283
2019-03-07,247.32583618164062,249.1064998217541,246.4804600804881,248.96260309756923,0.061104303994199215,SPY,3,0.5687548049686603,-0.16674616673580092,-0.2155491188031061,-1.1707855293687062,-0.775750738332939
2019-03-08,246.83120727539062,247.0020829347133,244.99658563660455,245.4642294463056,-0.11929139697562328,SPY,4,0.42568006973102857,-0.24206824882395084,-0.47441933759080857,-0.7214692576849175,-0.22052220561039795
2019-03-11,250.41049194335938,250.57236543169935,247.52363828601088,247.55061720073422,-0.5300635998297836,SPY,0,0.40465047099669743,0.19888226698560696,0.028925735227645962,-0.978220585994061,1.2024408686432486
2019-03-12,251.35491943359375,251.8765486653438,250.77935978826963,250.9682122950397,-0.24092001240842484,SPY,1,0.4060134055386934,0.3080406664181119,0.31967091092144645,-0.629918085032375,0.2798388290298181
2019-03-13,253.01852416992188,253.95383884464096,252.0832094952028,252.24511040972988,-0.22163464360858587,SPY,2,0.4449573090128181,0.49614241975261236,0.6084678784321117,-0.12044313175195753,0.5256071678382797
2019-03-14,252.8566131591797,253.46815335953383,252.4159485214952,253.0454655116901,-0.4820436864705056,SPY,3,0.46200115770018385,0.46918578383277193,0.5470856884779652,-0.12044313175195753,-0.1023560149458673
2019-03-15,254.1059112548828,254.9188712320424,253.22067224140326,253.41038403696166,-0.208341096194639,SPY,4,0.5010407162105196,0.6112979275191984,0.7467258473695885,0.22553055484365997,0.3808553249311013
2019-03-18,255.02728271484375,255.32538552246305,254.09688990367684,254.32271366916763,-0.5876021535887763,SPY,0,0.5477250556058497,0.714603415185176,0.8614369230677338,0.3204281363106596,0.26725277856710444
2019-03-19,255.09051513671875,256.86096570593054,254.19626186361276,256.0931869709568,-0.03052947983708268,SPY,1,0.5759397783312468,0.7217773707361077,0.9355608174157364,0.6688388772135332,-0.02529866836752745
2019-03-20,254.32275390625,256.0841905823107,253.21171844673714,254.87377831574292,-0.14284189467850375,SPY,2,0.5661922487593972,0.5809575833014475,0.681227623308752,0.26048372712011325,-0.3083699728595839
2019-03-21,257.1951599121094,257.60162606639886,253.4555058944144,253.50068717802785,-0.24324410079626177,SPY,3,0.6283104309986958,0.9099667495709172,0.9563313739871003,0.6123759273793473,0.9277373109825957
2019-03-22,252.24520874023438,256.35519126701297,252.18197145425083,255.83129213008306,0.6123399632722563,SPY,4,0.5279185165901339,0.07569372075430714,0.3414113444248516,0.09025599856442743,-1.733111243700349
2019-03-25,252.05555725097656,253.0943414522999,250.79094919865304,251.9019849030857,-0.12366965400685154,SPY,0,0.4340772241314129,0.04616644699043239,-0.10751938336743759,-0.4439722136528246,-0.11207578759309209
2019-03-26,253.93429565429688,254.89178618542957,252.52515760597416,253.8168628892072,-0.4699866096506001,SPY,1,0.4041095802600575,0.2718259674290289,0.35792387124671743,0.023975172581452035,0.5975665194494211
2019-03-27,252.60653686523438,254.51250437128624,251.05286777441142,253.9253403459047,-0.38863756196429766,SPY,2,0.33512159605784253,0.059943223847214185,-0.0015657114976410534,-0.5224960523959199,-0.5017144636831755
2019-03-28,253.5640106201172,254.01565826063356,252.0826206937433,253.23883755080985,-0.7059163133361059,SPY,3,0.3000664119101096,0.17673048725107177,0.11234412758156498,-0.5224960523959199,0.281469092042219
2019-03-29,255.1627655029297,255.48793845065262,253.9523535868932,255.08147226599894,-0.19091936445387678,SPY,4,0.30987679536643287,0.36740284260608463,0.5914185706226691,-0.1124980933363884,0.49858584742444917
2019-04-01,258.1888122558594,258.48691505981185,256.8971069490714,257.1681120041534,-0.2815985056595826,SPY,0,0.3945229980244917,0.704840239060421,1.3797806848852514,0.602004513792515,0.9761983143406402
2019-04-02,258.3153381347656,258.55020371590723,257.52043392140894,258.37857541682416,-1.0268052412898743,SPY,1,0.455990596499197,0.7184691605346046,1.2557173289068677,0.6158747053371473,-0.004298022819408039
2019-04-03,258.7218017578125,259.9322139170012,258.11658189502833,259.5347618568044,-0.46765855185475663,SPY,2,0.5064032117690819,0.7632289382991208,1.2852705099464266,0.9170149684051799,0.08962043924532617
2019-04-04,259.4082336425781,259.66115512252776,258.3513940024355,259.0469211807035,-0.8496287302133665,SPY,3,0.5553862409012885,0.8395131632736054,1.1795999729758109,0.9170149684051786,0.18310705602150934
2019-04-05,260.66387939453125,260.71807489642094,259.7876820254754,260.0767430798067,-0.6586168475300174,SPY,4,0.6185621451858614,0.9775592264908334,1.2847755855994842,1.1489607057792521,0.37219319147100416
2019-04-08,260.8625183105469,260.9709092781299,259.5798275392837,260.23924268057414,-0.758951573711664,SPY,0,0.6626658272963981,0.9994026619655441,1.1069236556630317,1.2042100458582252,0.019289269392807472
2019-04-09,259.52569580078125,260.22122305785626,258.974699058107,259.8960500752374,-0.5093551982595953,SPY,1,0.6485117036943099,0.7431653505456064,0.7767498019687896,0.8894703084649046,-0.49263225765497426
2019-04-10,260.4109802246094,260.50131525764226,259.5257410070982,259.94124907939124,-0.7780999979352768,SPY,2,0.6508333017840596,0.8468853796753016,0.7771771093342855,0.9602173131673097,0.24868175884571808
2019-04-11,260.3387145996094,260.907795014049,259.7696341851698,260.8987532403648,-0.7286491129896364,SPY,3,0.639337837593132,0.8326706824709256,0.7083692468578011,1.0653934956860172,-0.07089410810501423
2019-04-12,262.1001281738281,262.3801474694427,260.3838728749829,261.9555976395785,-0.43819363622211177,SPY,4,0.6682756886828584,1.0398442476837582,0.830664840225265,1.4268403828974432,0.5383042537694313
2019-04-15,261.928466796875,262.2717233265553,261.12452097037357,262.1723465365218,-0.8377363838257329,SPY,0,0.674663233794619,1.0045765030652063,0.7380076137945788,1.4268403828974427,-0.10366089737659
2019-04-16,262.1001281738281,262.8679345767375,261.50395005744133,262.81373907219154,-0.786997425981966,SPY,1,0.6728830805627714,1.0252337474491215,0.6976332420565287,1.5730925356409207,0.010039334242156663
2019-04-17,261.4588317871094,263.247338812462,261.0432961073904,263.2202410565137,-0.665630791477597,SPY,2,0.6420566870283145,0.8874693922423711,0.5717999463837616,1.271313073939863,-0.25938331390123764
2019-04-18,261.9736328125,262.244637880087,260.74516471851695,262.04591185707466,-0.4584237241275105,SPY,3,0.6210595060280838,0.9533651372526297,0.4627999790839384,1.0735104571729104,0.1238731431581457
2019-04-22,262.1993713378906,262.35294358289747,261.11543411909406,261.2057691122528,-1.025024961798935,SPY,0,0.5999427603781893,0.9826614147263131,0.4515990481538033,1.106927383915486,0.027927789923865222
2019-04-23,264.55706787109375,264.7919334135166,262.3349696892673,262.56980766531194,-0.7851437124429056,SPY,1,0.6384174048429834,1.277437613066445,0.7461306514653872,1.772120537608436,0.7299632250161677
2019-04-24,263.9700012207031,264.81005925215806,263.82547066157343,264.4758443944643,-0.8219341705516444,SPY,2,0.6410345048801888,1.1428817235771724,0.7351108992027646,1.7765209784404805,-0.23957840181453885
2019-04-25,263.807373046875,264.46678851904784,262.61504423880285,263.87061033181976,-0.6755027091898949,SPY,3,0.6273626884915404,1.1051094571358473,0.5658896345709976,0.9415834897372048,-0.10028676293203061
2019-04-26,265.0357971191406,265.1080485920783,263.0756347817953,263.8524828393526,-0.8115442450944913,SPY,4,0.6398707844116152,1.2617455941249773,0.6460554469692096,1.1352020646259344,0.35631069105807434
2019-04-29,265.4512939453125,265.97522047598136,265.0357859690539,265.12612098120803,-0.6868790325366765,SPY,0,0.6500811830530797,1.3140430198945376,0.7756419627403144,1.3852932149832993,0.0891165251232319
2019-04-30,265.5868835449219,265.8759446670446,263.6899854011578,265.1081381216999,-0.2122569171931038,SPY,1,0.650570507287194,1.331418656510052,0.627024762794802,0.5048255728758309,-0.0024994933993431404
2019-05-01,263.5906066894531,266.4269672429644,263.58156491495606,266.2191993942316,-0.3996090056944109,SPY,2,0.5839961620644156,0.8448693398617021,0.47676890059028526,0.6877611976217235,-0.7015000197416321
2019-05-02,263.0214538574219,264.39448001669587,261.52198072190737,263.4731013958403,-0.5314270914800346,SPY,3,0.5054295905888181,0.7118371924398582,0.1510889427585381,-0.49269069038139746,-0.2343758679981413
2019-05-03,265.5958557128906,265.87587498706483,263.12985017934074,264.5028763663921,-0.6998589967181056,SPY,4,0.5060130572570102,1.0694352113082901,0.4725711863221983,0.0411495443275867,0.7983748896487136
2019-05-06,264.50286865234375,264.94547441479875,260.9619398535701,261.27809864091415,0.30548090791765037,SPY,0,0.46634586890056245,0.8166595139428997,0.16619294895120545,-0.9928667810808125,-0.40463737114402015
2019-05-07,260.0857849121094,262.68727954466215,258.1708034649198,262.09110139417027,1.0503760450194277,SPY,1,0.3029110327443469,-0.09109177954695263,-0.5609036332679593,-0.7761735289053395,-1.5081153301957044
2019-05-08,259.72442626953125,261.4406813621305,259.1282482247884,259.72442626953125,-0.004724358386479969,SPY,2,0.15745369284668007,-0.15852380665666682,-0.6782100305957023,-0.7761735289053401,-0.16745525770140357
2019-05-09,258.9385070800781,259.54369919725093,255.90342202528907,257.64680205017555,0.23151098971553044,SPY,3,0.015901089996998692,-0.30563476067660506,-1.283338901244896,0.20482179736196648,-0.30978110817580545
2019-05-10,260.2394104003906,260.99817522885303,255.00028053759618,257.9992278832246,0.4093047437370573,SPY,4,-0.06279318405895283,-0.09818058869643502,-1.2309982242792732,-0.4002125782849274,0.38804320051496244
2019-05-13,253.69947814941406,256.0751489501682,252.85942022434816,255.1086440308686,0.7042555750720034,SPY,0,-0.30996514555033755,-1.178525828015881,-2.5531873359763786,0.17705510678507458,-2.2553186149397813
2019-05-14,255.99391174316406,257.52952495509663,254.59381489481635,254.72026191673743,-0.29379848116772406,SPY,1,-0.43999389944586637,-0.8183949455022184,-1.951254394227421,-0.39611218257220976,0.7344268547371723
2019-05-15,257.4932556152344,258.1345873095893,254.15105328181593,254.35882104370518,-0.3542684427395563,SPY,2,-0.4989311043989552,-0.5956693938604608,-1.746130114280034,-0.6257679030775531,0.4599308916779285
2019-05-16,259.8780212402344,261.24197814828574,258.1256264738724,258.1978779554303,-0.29883169052003355,SPY,3,-0.4768103396068951,-0.26070661282220287,-0.8778139520783976,-1.1470267814262742,0.7531343451507828
2019-05-17,258.19781494140625,260.69091772559085,257.54744150059173,257.5655250413527,0.16962593418936192,SPY,4,-0.5047764778472309,-0.5195410420331059,-1.1361875047559522,-1.3350688328751021,-0.609650227587049
2019-05-20,256.49066162109375,258.3062660761495,255.74091123060737,256.5900108529238,-0.5741498298545673,SPY,0,-0.5724171408469537,-0.7714569289309097,-1.592605592151539,-0.9259353782896091,-0.6224407648035032
2019-05-21,258.80316162109375,259.1825302339536,257.935978230355,258.1888998277238,-0.8923078050998271,SPY,1,-0.5582928266468163,-0.44642210847824004,-1.0806951008232608,-1.2207463247090198,0.7320206186540382
2019-05-22,258.0081481933594,258.9656386618221,257.529402959128,257.84556171374305,-0.8400029157974749,SPY,2,-0.5669139830577236,-0.5648190135906966,-1.176400454952445,-1.0912825156253476,-0.3137771352403633
2019-05-23,254.85574340820312,255.82224840688514,253.43756320335456,255.7770946694606,0.13748960696830678,SPY,3,-0.6589874935033789,-1.0097317371143764,-1.8984048805783893,0.026994679652666633,-1.113551951275157
2019-05-24,255.43380737304688,256.71649864517656,254.8105314996968,256.3009630186892,-0.7251758809839023,SPY,4,-0.7113796612177644,-0.9253604760441106,-1.5685305937173495,-0.2946665064948577,0.14978452258630107
2019-05-28,253.0580596923828,256.6712392776858,253.04000371835042,255.71374889289032,-0.4322077689482295,SPY,1,-0.8144451882703998,-1.2432102640649234,-1.741881816664764,0.13129261203712966,-0.8576471042032725
2019-05-29,251.35995483398438,252.34454333104983,249.95081647429592,251.93807701559138,0.26131727443673886,SPY,2,-0.9371431214403942,-1.4581505447157526,-2.1587297915528296,0.7693401454810497,-0.6310480931760039
2019-05-30,252.04652404785156,252.95886125816534,250.94450251483502,252.11877555341817,-0.58117171261816,SPY,3,-1.0073335153259848,-1.351501405704193,-1.8600923066864892,0.5386285978079667,0.18987900963837465
2019-05-31,248.6500244140625,250.32112580965443,248.62292666457193,249.4901097810255,-0.09811460526066168,SPY,4,-1.1494319924315062,-1.7647512808471149,-2.1527257030800033,0.9809817382665951,-1.2240842823174773
2019-06-03,248.01771545410156,249.80622191658364,246.68082892649687,248.68614493471603,0.0917263020607543,SPY,0,-1.2691766790105625,-1.8376761069833338,-2.132717624286766,1.3098127228333645,-0.267752308354863
2019-06-04,253.4013671875,253.53685593595583,249.86948012373486,250.3211276628397,-0.2892594631122304,SPY,1,-1.202302793184235,-1.0392212059578385,-1.4113066405540238,0.011149682435755799,1.816591064526148
2019-06-05,255.59640502929688,255.623502782955,253.2117200082374,255.02732463609456,-0.4095761891988661,SPY,2,-1.0788865475334666,-0.7511944203801666,-0.9839053670694358,-0.6044493961381292,0.7016043419884318
2019-06-06,257.25836181640625,257.93583295275533,255.24403194680585,255.8944053403558,-0.4440961459278565,SPY,3,-0.9274408427470561,-0.5423098679377765,-0.6428469223636181,-1.220562803581645,0.5155830952186037
2019-06-07,259.8327941894531,260.91675918660377,258.1074974782821,258.2791257289372,-0.3480007474972087,SPY,4,-0.7303184690303635,-0.23452265693071514,-0.16181433263440773,-0.9024781858490208,0.8172249420490605
2019-06-10,261.025146484375,262.69624767871085,260.9348114748265,261.38645895619436,-0.615401902562672,SPY,0,-0.5381918529508047,-0.09761393127777204,0.18924813562642476,-0.528756547071451,0.35047204620221256
2019-06-11,260.9620361328125,263.22027463788424,260.31166234069633,262.8499202150859,-0.6582278455453751,SPY,1,-0.38717426540871436,-0.10657222161526225,0.22520424204915862,-0.6970505143034469,-0.0677931493393007
2019-06-12,260.50128173828125,261.2871440484228,259.9863969259891,260.7271055086152,-0.8873619227236618,SPY,2,-0.2811729330913231,-0.17350297529762124,0.11403094108875372,-0.7876681024513078,-0.20015223237532
2019-06-13,261.5760803222656,261.9374202736285,260.7089250850043,261.4134938839731,-0.8506667304070802,SPY,3,-0.1688336108346678,-0.042739223996635024,0.30317867682556715,-0.6338785146578964,0.31046746101359785
2019-06-14,261.2872009277344,261.8923933268012,260.5193944281804,261.2872009277344,-0.7835936586163466,SPY,4,-0.09083166252984765,-0.08676483619307454,0.29337679112407433,-0.6926772815992793,-0.1426939104824706
2019-06-17,261.38653564453125,262.15434210139864,261.2149073459474,261.5220244154178,-1.0439669768062072,SPY,0,-0.029796728054059193,-0.07413021570621142,0.408011645304728,-0.6244016815093728,-0.013828240075402926
2019-06-18,264.1235656738281,265.18043340594187,262.8499158700551,263.2112560780039,-0.1264561784274519,SPY,1,0.09079507079785296,0.26405090883571497,0.8823430412471721,0.10309589921798645,0.8570804081218112
2019-06-19,264.7196044921875,265.2525451818735,263.2833688912291,264.25891526619915,-0.26063010786496504,SPY,2,0.1969776769549689,0.3348102297547643,0.8750007323604694,0.11922445107748064,0.14878593557114916
2019-06-20,267.2489318847656,267.65542579275825,264.7829533798564,267.4115459877935,0.4914853824007326,SPY,3,0.344565981006316,0.6247063835638096,1.1427770102543242,0.6329213200825884,0.7783453023898551
2019-06-21,266.86053466796875,268.240211813812,266.64269819769527,266.97853865618913,-0.16863709260909007,SPY,4,0.4415591349791014,0.5580619160143392,1.0878019106576997,0.7496779394674581,-0.17301086517459063
2019-06-24,266.5336608886719,267.3868625828975,266.3793416575258,267.0691937724894,-0.8777083224517243,SPY,0,0.4995223091563726,0.5009623268243826,0.8781568536216534,0.6420577934276825,-0.15316276303786022
2019-06-25,263.9195251464844,266.61536118144767,263.8106069552464,266.58813163363817,-0.19405718148305712,SPY,1,0.46247120105911294,0.05910524479307002,0.5016455515283147,-0.33925992195618493,-0.9020710972389618
2019-06-26,263.6562805175781,265.32642403868346,263.54736232931435,264.8181206931494,-0.798276498832587,SPY,2,0.4169497706264043,0.01598936045833476,0.35282144026943174,-0.43327483870428013,-0.13340490422708565
2019-06-27,264.5911560058594,265.09945926962877,264.03747940443037,264.4186930020322,-1.0211528042885425,SPY,3,0.3987174510371828,0.1373391181310613,0.3536052240480595,-0.43327483870428013,0.2603251029948507
2019-06-28,265.95269775390625,266.45191528725695,265.0540951136945,265.57145644264745,-0.6441443859381242,SPY,4,0.4139698067281658,0.31063533934229404,0.4654919604524619,-0.057537797491534384,0.39856270593498977
2019-07-01,268.3671875,269.51088388380225,267.1599462725521,269.2930198056535,-0.2600108802159427,SPY,0,0.4846416506896629,0.6018481483472663,0.7108836261950799,0.6700773406749708,0.7374142793905811
2019-07-02,269.0660705566406,269.12052964557455,267.47761582834625,268.32175940727416,-0.6014018005235587,SPY,1,0.5500924602772314,0.6829872296501821,0.6513344514221178,0.6700773406749702,0.17886967437782894
2019-07-03,271.2173156738281,271.23548717231705,269.6016312342488,269.7468647198852,-1.0103619686227274,SPY,2,0.6512023911740544,0.9248820220688212,0.8133507092127803,1.1145353307354122,0.6441991859826622
2019-07-05,270.90869140625,271.0720963822335,268.68487128810557,269.98285914446024,-0.7964426323335594,SPY,4,0.710510706309616,0.8670745835479986,0.6724484917326253,0.7135958717509097,-0.14560774798089096
2019-07-08,269.42010498046875,270.72717862564934,268.8754863449011,269.59256801007274,-0.912260034444767,SPY,0,0.7034922391649352,0.5905638375569575,0.5547787497444743,0.7135958717509101,-0.5249240233128816
2019-07-09,269.755859375,270.0553842939154,268.20372030336534,268.2581793795318,-1.0063449277200955,SPY,1,0.6954555955856397,0.631048481489859,0.4573109144009479,0.40424816473265807,0.061259173379529096
2019-07-10,271.0447998046875,271.9978891745502,270.2914306765405,270.8269634689244,-0.6620543548636925,SPY,2,0.7132900755750629,0.7856488313200957,0.5965646205955512,0.872963748022623,0.3668174647514763
2019-07-11,271.6802062988281,271.9252721888121,270.67268549510976,271.68929204675567,-0.8133364328094501,SPY,3,0.732968521732069,0.8608925156954059,0.5837783908999464,0.8729637480226234,0.15637146025521587
2019-07-12,272.896484375,272.96911495192194,271.86173410767776,272.1703448084738,-1.0217323378574992,SPY,4,0.7700635941426563,1.0032484295811226,0.6803106315341765,1.1171694599045607,0.3407932490812731
2019-07-15,272.9873046875,273.3322307348053,272.47900136529853,273.3322307348053,-1.1492694171080553,SPY,0,0.7890008065434841,1.0138948177411968,0.7040883714957139,1.2009485688911696,-0.017937474411630582
2019-07-16,272.10687255859375,273.1053355042266,271.7982617754811,272.8965571654491,-1.0946880723139447,SPY,1,0.7664149747696802,0.8309957007820565,0.5828385667789311,0.8324828103454375,-0.32712069012439876
2019-07-17,270.255126953125,272.242966703385,270.255126953125,272.0795894445706,-1.1068701854860568,SPY,2,0.6844715381206188,0.460016493202463,0.33650012106175015,0.051978649133160304,-0.6393368873085092
2019-07-18,271.2445373535156,271.62577870480993,269.31118415191804,269.75594264471624,-0.802093084630888,SPY,3,0.6361753498166681,0.5903120536088607,0.2667998609682107,-0.38733499764985435,0.2702864826992385
2019-07-19,269.73773193359375,272.37002234283176,269.5652689484641,272.342792803098,-0.6574875509521529,SPY,4,0.5451904946426918,0.2964114458090423,0.19989847678579217,-0.14363632616948502,-0.5301911382478229
2019-07-22,270.4003601074219,270.9449786699642,269.6197614047901,270.1371227237771,-0.9559969565649741,SPY,0,0.48228630142971995,0.3875047087224437,0.11932642613424937,-0.14363632616948524,0.16609087548880044
2019-07-23,272.3336486816406,272.3336486816406,270.6907355021512,271.52582070906516,-0.9376106586786194,SPY,1,0.47752873214045743,0.6446220680264468,0.3393682946574,0.31003975554214636,0.5713838330009432
2019-07-24,273.6136169433594,273.6136169433594,271.4805434806,271.57131786846395,-0.8850418037438313,SPY,2,0.5001656175521656,0.8067410177156118,0.49743105751586947,0.6864130766967568,0.36006611838562846
2019-07-25,272.3065185546875,273.21420694986983,271.49866258675854,273.159747862195,-0.7226751539397738,SPY,3,0.4718734170345719,0.544080105047458,0.35819961404382183,0.6864130766967563,-0.46233250025399
2019-07-26,274.13092041015625,274.33061292090946,272.8692205239323,272.9963101673414,-0.9272981366775941,SPY,4,0.4913161321312144,0.7769175379873223,0.6055662678295566,1.007056041597688,0.5326117831705484
2019-07-29,273.63177490234375,274.1310202112064,273.07809819849047,274.0130162709215,-1.0653859024095687,SPY,0,0.4831500095699082,0.6761346759249066,0.5405669994269082,1.0070560415976875,-0.204953269771769
2019-07-30,272.9600524902344,273.36852334403153,271.8435858035198,272.2248271137605,-0.9121171357565311,SPY,1,0.4486342088667258,0.5400173228907411,0.32027229129089974,0.2571754003516853,-0.2600861279657295
2019-07-31,269.97381591796875,273.3958196970103,267.9496880512568,273.2051851450792,0.24687458340489482,SPY,2,0.32933286594107336,-0.029604058532653087,-0.2659147168274314,-1.271637580938545,-1.0013535413887753
2019-08-01,267.62286376953125,273.0962241069558,266.82409348804083,270.1280927977596,1.0090287065191657,SPY,3,0.16267701119238975,-0.4347846963122913,-0.6511858305663611,-0.8645288726908078,-0.805744262788494
2019-08-02,265.60784912109375,266.96938210014423,264.0466235304308,266.7243161360805,0.4950518954946207,SPY,4,-0.029813951640501872,-0.7573776632651392,-1.6499469294199536,-0.004002232090199665,-0.7026220149867429
2019-08-05,257.6200866699219,261.6048236972155,255.71393579812286,261.4959055389037,1.725483035253989,SPY,0,-0.4068878884052107,-1.8098185354427667,-3.1442185145296206,1.6117960203104056,-2.696419182868936
2019-08-06,261.2327575683594,261.450621659971,258.03770379610796,259.51724058710084,0.5736858681044407,SPY,1,-0.6008313478081343,-1.2758145695917056,-2.4245874044178035,1.6117960203104051,1.1615731725363698
2019-08-07,261.3870849609375,262.15862580427233,256.00449825818504,258.1466300392057,0.9678599913791985,SPY,2,-0.7455137566039121,-1.2539702353452782,-2.331885757054437,1.8950082622858113,0.0044365042400660235
2019-08-08,266.5155029296875,266.5155029296875,262.33107208403,262.88474879356926,-0.0812227894887743,SPY,3,-0.7112622083108043,-0.578447577623299,-1.286802551508691,0.35794691600805795,1.639187071945731
2019-08-09,264.7000732421875,266.1705239429332,262.91192607759484,265.57144630550897,0.038178988052350885,SPY,4,-0.7308227277720009,-0.8055529729962929,-1.3948149377477856,0.357946916008057,-0.6399054984330242
2019-08-12,261.47784423828125,264.6910417239846,260.5247546514729,263.1933611738068,-0.5215551737677367,SPY,0,-0.8315459353956289,-1.184171293678987,-1.7821850224205935,0.7818630494467359,-1.1095897368815497
2019-08-13,265.54425048828125,266.996557578567,260.83334511879997,261.1782711690439,0.04948783146302111,SPY,1,-0.7914845855423819,-0.6896554402699243,-1.2789267297069364,0.047174714834875994,1.2922623387624999
2019-08-14,257.6927185058594,262.0859268210529,257.5656565403632,261.4777911353101,0.8696131738089989,SPY,2,-0.9738809572485237,-1.5048942948810022,-2.004870254341307,0.6207506427737669,-2.65117857010582
2019-08-15,258.37353515625,259.2721656394574,256.32217790974335,258.5823134908246,0.15381975150726687,SPY,3,-1.0905853633647267,-1.4247356688593487,-1.9540742668432116,0.8185208751486615,0.18213818736748125
2019-08-16,262.185791015625,262.6214637046059,258.42794787046034,260.03457401242963,-0.17441655066663161,SPY,4,-1.067179239470961,-0.9935093592717588,-1.4003847678975003,-0.16627229742523342,1.2241533831282712
2019-08-19,265.34454345703125,266.0253097715865,264.53671516799426,265.2174814825495,-0.7588424149914837,SPY,0,-0.9524879845538444,-0.6635496563733697,-0.7900562882279861,-1.0122328751965206,0.9923603552465836
2019-08-20,263.3113098144531,265.37175239434185,263.18424784983824,264.8362195925325,-0.7980482578722102,SPY,1,-0.9123498591739733,-0.8709863327098046,-0.9395951501762505,-0.7414248268767468,-0.7142782687845958
2019-08-21,265.4534606933594,265.8255885287657,264.79083824652633,265.48069023498545,-0.8391653707080922,SPY,2,-0.8146593645568999,-0.6510827438348082,-0.7277238211329189,-0.8537017881957195,0.6562674515345853
2019-08-22,265.3717346191406,266.7968118795998,263.592673330547,266.1614466981833,-0.7966589650699166,SPY,3,-0.7349986181158706,-0.65971066920785,-0.7174049352290375,-0.6019267663937544,-0.07352994431763066
2019-08-23,258.55499267578125,265.7348097552967,257.3023785114043,264.06466676960935,1.1383301876286347,SPY,4,-0.858160954339123,-1.3268892872420357,-1.3060890322479137,0.49214875583592105,-2.3049179011458794
2019-08-26,261.414306640625,261.414306640625,259.217688125791,260.7516840162118,-0.3846860162937739,SPY,0,-0.8690336207138634,-1.0286553194521926,-1.2392303109696128,0.4921487558359222,0.9075272978688204
2019-08-27,260.3885803222656,263.1842762508869,259.626125350947,262.8121206636148,-0.49890374697834056,SPY,1,-0.9001309634612608,-1.1241610659304042,-1.1490084818491892,0.0035460572528006776,-0.3879560193379356
2019-08-28,262.2220764160156,262.3854536557602,258.91807783212704,259.7259336849434,-0.6372812794947935,SPY,2,-0.8669970612886576,-0.9340090439442247,-1.1007924159380738,0.12715881167971105,0.5620489360732636
2019-08-29,265.5714416503906,266.0979163984972,263.7832945171419,264.7908429762012,-0.6729523645456844,SPY,3,-0.7416508358798324,-0.6022770483270968,-0.5041374318396795,-0.8354190173388396,1.0545206100775655
2019-08-30,265.4534606933594,267.0782028444628,264.5185428302658,267.06005905019515,-0.573681439709794,SPY,4,-0.6421653785895414,-0.6142626650859165,-0.3963205720549533,-1.0668532043036685,-0.08536845018873003
2019-09-03,263.9012756347656,264.66373044849513,262.5669727856271,263.74698414294096,-0.4506258220986366,SPY,1,-0.6040642075993997,-0.7731359711102559,-0.6830839490219843,-0.6658799712191734,-0.555686434276072
2019-09-04,266.8966979980469,266.91484179341563,265.32638713444624,266.0797839992385,-0.8915099540905099,SPY,2,-0.48769146191309476,-0.4754709336216733,-0.20160528395826452,-1.2042265912311247,0.9325600249765255
2019-09-05,270.32781982421875,271.24456645465915,266.86044279691106,269.3929016938669,-0.16965723046677428,SPY,3,-0.29917260728287154,-0.15651618668406286,0.38009047714980343,-0.7263640662959496,1.0615979831089126
2019-09-06,270.53656005859375,271.18103887059044,269.96473954298955,270.6455059524983,-0.8379824871221393,SPY,4,-0.1461255927651127,-0.13754680678250314,0.6017274577490284,-0.726364066295948,0.020167120481817145
2019-09-09,270.6726989746094,271.61667499074713,269.7286952580193,271.5259283087568,-0.8047188480272229,SPY,0,-0.024638341166948567,-0.12481814650794054,0.6743076450789467,-0.6389681203914683,-0.003156101281691598
2019-09-10,270.60919189453125,270.67273674115273,268.6485813021073,269.9102539826076,-0.6720056607361214,SPY,1,0.06517149146959607,-0.13225399650533678,0.6032330279304963,-0.917286680519448,-0.0671724040955868
2019-09-11,272.533447265625,272.61513589911914,270.26422622261396,270.91776299101923,-0.45618894741982097,SPY,2,0.18456323964718377,0.05374073104117486,0.975922763253313,-0.5052331210373088,0.5680323964250134
2019-09-12,273.47747802734375,274.53945806826806,272.6787077091192,273.44116273093675,-0.37506218658188556,SPY,3,0.29843995377278837,0.14364559177366226,1.2485610846221815,-0.12614297956604678,0.25324291303180485
2019-09-13,273.2958679199219,274.27618679974927,272.92371239151043,273.9221750652425,-0.5894876223918891,SPY,4,0.37531229745350414,0.12044306430406962,1.1398427185240085,-0.12614297956604678,-0.1044537620353965
2019-09-16,272.4518127441406,273.3413575418374,271.8073615960568,272.16134574483664,-0.6671609982641232,SPY,0,0.4038459191207808,0.010915117060538345,0.8354721833206533,-0.46043119793376547,-0.31521727437364994
2019-09-17,273.1416320800781,273.2323787685422,272.0796243605958,272.25208738940455,-0.9989181653398345,SPY,1,0.4369504814409437,0.08196268896562617,0.7744899493967546,-0.4604311979337658,0.17261122574506754
2019-09-18,273.304931640625,273.4138497961725,270.7089288981413,272.75122741599654,-0.3657916341825804,SPY,2,0.45857829269407874,0.09909042850813243,0.6064222109811667,-0.8839037600644708,0.005051433528487283
2019-09-19,273.28680419921875,274.6937378030169,272.9509639319972,273.69527504881034,-0.3025847657902297,SPY,3,0.46590922971273907,0.09653531665002535,0.6768986438376297,-0.562886585611125,-0.05256633621036087
2019-09-20,271.9955749511719,274.17498158622584,271.202243775523,273.89227317408125,-0.044483933684120645,SPY,4,0.4264580475322813,-0.08691878821251328,0.41164007415867665,-1.097347810830801,-0.4577678316978247
2019-09-23,271.93182373046875,272.6522169786461,271.07465399931573,271.3299793769967,-0.9591982841222593,SPY,0,0.385029007823984,-0.09604006778599475,0.2679177539227426,-1.1357905879981507,-0.06715126655415647
2019-09-24,269.7980041503906,273.41816984308304,268.8314133151165,273.0260680157953,0.06079270546568478,SPY,1,0.2848037120339766,-0.39797815072647474,0.05725228244248857,-1.0343753732843053,-0.7303932651918786
2019-09-25,271.3936767578125,271.84048897965295,268.3935842565698,269.8799528659957,-0.39599485970444415,SPY,2,0.24364288342530038,-0.20382686493480426,0.005678565377422238,-0.914180334632468,0.46488008896358257
2019-09-26,270.8283996582031,271.6126032154192,269.414996582582,271.4028885948663,-0.7070833192900325,SPY,3,0.18897392192344784,-0.28447604540293847,-0.01961790448388625,-0.914180334632467,-0.22773557511207082
2019-09-27,269.369384765625,271.69469579353853,267.8100775356787,271.5852468021339,-0.14011491137800167,SPY,4,0.09942498747083119,-0.49092765007864764,-0.20586085685089706,-0.45795646679131957,-0.5155396636806497
2019-09-30,270.6186828613281,271.3299483197672,269.843606937057,269.889189816705,-0.7967383532300476,SPY,0,0.05908360386557148,-0.33136409515038046,-0.08161828940719217,-0.4579564667913198,0.3546992700678474
2019-10-01,267.3997497558594,272.1597656698746,267.1809074057269,271.5032107911009,-0.07073362883145733,SPY,1,-0.06683079108852363,-0.7724748084072267,-0.38303101540353646,0.24108458240324268,-1.0851367383389656
2019-10-02,262.67626953125,265.82226808731787,261.3814149287393,265.8131403781061,0.6099622878763309,SPY,2,-0.30030525210274434,-1.342902095844131,-1.3485025513349358,1.3423575025322616,-1.593308103197599
2019-10-03,264.8282470703125,264.8556023618493,259.72171263257434,262.4482253931142,-0.12955231667256345,SPY,3,-0.42368446798257575,-1.059751712780603,-1.3403352708686653,1.5861771678905705,0.6611801472846823
2019-10-04,268.4118957519531,268.6672210504105,265.43003020641595,265.4847686110008,-0.5302164220380359,SPY,4,-0.4194820564894321,-0.6221135381625996,-0.623087700744193,0.2815577852757423,1.119523020720398
2019-10-07,267.2538757324219,269.2417960077908,266.97119505548204,267.609522419889,-0.638992094345618,SPY,0,-0.4475802208888803,-0.7612602255809545,-0.6243056311570305,0.10407578426352969,-0.4219881044392371
2019-10-08,263.1047668457031,266.1322154876475,263.0682838493837,265.39359482532114,0.07743841794116585,SPY,1,-0.5840640733422537,-1.2291251613206509,-1.3860470173484365,0.7831202548181843,-1.4045231507492542
2019-10-09,265.6032409667969,266.54247612418294,264.4998741108459,265.12907345037655,-0.5844345659995468,SPY,2,-0.6185585701805525,-0.9286729184893766,-1.171965847542645,0.6523045014257367,0.7733064413037126
2019-10-10,267.3997497558594,268.2842746921465,265.35714694561955,265.5212787082189,-0.7246161944549783,SPY,3,-0.5923263584365216,-0.7216289886258116,-0.9448072359191367,0.10483120104206656,0.5381342781067773
2019-10-11,270.1717529296875,272.41496950302627,270.0441042251768,270.1626252263783,0.1372236566318677,SPY,4,-0.4916159156178328,-0.4167885112904439,-0.09869084077341116,-1.0136291394044759,0.848090369543942
2019-10-14,269.8709411621094,270.52749598236426,269.52442225303406,269.8526857489747,-1.0203668615032448,SPY,0,-0.4193791868707418,-0.4527124880665522,-0.34013074011713773,-0.9010973555640389,-0.14347828527923245
2019-10-15,272.542724609375,273.29047295885005,270.80103030537066,270.91957916911326,-0.8941456410068612,SPY,1,-0.28739060822832485,-0.16709699717932525,0.19792330132476552,-1.2541214380646764,0.8080352048143662
2019-10-16,272.1050720214844,272.7981099445487,271.6673872939725,272.0777167260149,-0.8510041300876372,SPY,2,-0.19679104205127884,-0.22196028211940946,0.16512746263870637,-1.2541214380646766,-0.18626368978374716
2019-10-17,272.9075622558594,273.7829596391139,272.2145242537431,273.27230884651703,-0.914347943056214,SPY,3,-0.10507289794863522,-0.1355942848154005,0.3342822645905701,-1.0180898598042885,0.208722358847073
2019-10-18,271.712890625,273.01687237456315,270.85572118008037,272.3694453524199,-0.5458400119518295,SPY,4,-0.06920955580620698,-0.29072106514685875,0.010294505705775694,-1.3765536443048394,-0.42749864626588474
2019-10-21,273.554931640625,273.75554639728165,272.5974685642582,273.0351810774295,-1.047084946795355,SPY,0,0.007155485777857127,-0.08797230204427108,0.3564747178896472,-1.1867823870359506,0.5394688565668009
2019-10-22,272.66131591796875,274.3847550783772,272.5701223294806,274.09294672656563,-0.8576231179385647,SPY,1,0.03810529347911419,-0.2067085521038074,0.28557446771882017,-1.0233938826997628,-0.3307336061032965
2019-10-23,273.45458984375,273.5093004196795,272.19619094063097,272.4059333672742,-1.1402945856052384,SPY,2,0.08015544085127739,-0.1175085231001287,0.22763028904557206,-1.1353951372780013,0.20527734563039707
2019-10-24,273.9014892578125,274.5398166178063,273.0716748211722,274.39391242613976,-1.118444979233166,SPY,3,0.12076542796755958,-0.06676219950744954,0.4241778273699535,-0.850634167050906,0.09488393874390005
2019-10-25,275.0230712890625,275.5702049695718,273.2722490771077,273.3269596623211,-0.9248906907216194,SPY,4,0.17859616233636616,0.06092425543483215,0.6044451920212597,-0.5736498034670728,0.3077843076658106
2019-10-28,276.5732421875,277.0747929739586,276.21762339483763,276.2449786865809,-0.9855908779578318,SPY,0,0.2612100446948003,0.23391741325541168,1.0211836642736165,-0.18927377372629164,0.44091206553706086
2019-10-29,276.4912414550781,277.42137725024213,276.172077757294,276.29975436775993,-0.9431598910717809,SPY,1,0.31679035231561253,0.22145491834643055,0.9480058399277368,-0.1024726585443147,-0.07254172422412986
2019-10-30,277.3392639160156,277.71311031784825,275.3786991771508,276.6918089223401,-0.8367996035361864,SPY,2,0.37648853041034486,0.3179256047031432,0.8749778237140525,-0.4041229454813397,0.2189216452325718
2019-10-31,276.6005859375,277.33010673416965,275.1416000009066,277.33010673416965,-0.45157054120419626,SPY,3,0.39449138953554413,0.20044723009282459,0.7171655799365804,-0.4956467923598073,-0.2782337888729574
2019-11-01,279.1630554199219,279.2086383047168,277.88640070511434,278.0505603128101,-0.4101358757277901,SPY,4,0.47166621455410973,0.49223799274094754,1.0797848442029425,0.027805365418011447,0.7533649589967909
2019-11-04,280.28460693359375,280.85909590047555,279.9107327197758,280.72231943892626,-0.6192165036569697,SPY,0,0.5541448936754865,0.6143531378329327,1.1969934454147946,0.437573231782655,0.30110495804290965
2019-11-05,279.9745788574219,280.7861655993166,279.6827705123558,280.48522954709983,-0.969987135084071,SPY,1,0.599923000817551,0.5622517302037414,0.9973176500820318,0.33913252863311394,-0.1428449579960962
2019-11-06,280.0383605957031,280.3119134712227,279.08999757995224,279.97452231529195,-0.899452739511623,SPY,2,0.6268481804803729,0.5695234923965489,0.8166805153282105,0.07728492462438404,-0.0270450895676401
2019-11-07,281.02325439453125,282.3637195020132,280.54908667325026,281.378901056775,-0.744939563448531,SPY,3,0.6643786587220843,0.6829378107441485,0.9180205918876855,0.6050932887354016,0.2578334954839964
2019-11-08,281.7162780761719,281.77098866323445,279.97458351234354,280.67672126523075,-0.8489420226282328,SPY,4,0.7016523515460151,0.762371590204256,0.7824964087472854,0.34532560860794387,0.16691386219658016
2019-11-11,281.1782531738281,281.35151263066575,280.19340701618546,280.33021130301705,-1.111613628053888,SPY,0,0.7039753177292372,0.6622682560810389,0.6516329471600664,0.34532560860794387,-0.21268894284365142
2019-11-12,281.7710266113281,282.67377924781687,280.9959227523848,281.543056525073,-0.8995023571117049,SPY,1,0.7104183013331898,0.7333336003524211,0.6781368237234505,0.6984372394600958,0.13592910857506751
2019-11-13,281.8621826171875,282.26341214175153,280.54907286922804,280.7770429250769,-0.7519773238441498,SPY,2,0.7060294228635221,0.7444531880940113,0.5713666136232507,0.4734534325693418,-0.018743364373558134
2019-11-14,282.2724914550781,282.3545851581734,280.94115421786375,281.5794814590841,-0.8055206684445467,SPY,3,0.7021028523315717,0.795577219333318,0.5480574767104872,0.49967201840731384,0.0794132032502335
2019-11-15,284.315185546875,284.36076843357273,282.9200097076864,283.6130198587448,-0.5910992020425497,SPY,4,0.744098294751442,1.0429117625283213,0.7403608062706493,1.0408957610476592,0.57886856915621
2019-11-18,284.5248107910156,284.76190851543424,283.62205842245453,284.07799845964644,-0.8450539874858138,SPY,0,0.7704833133278772,1.0677025938626532,0.7219204202911598,1.1404970483594488,0.01714314420288334
2019-11-19,284.4427490234375,285.1357867950369,283.79532195323753,285.12665908908264,-0.4763614789091246,SPY,1,0.7762042820544935,1.0498817560151128,0.6953227047502749,1.2349975494892376,-0.0718411416446274
2019-11-20,283.38494873046875,284.3697947531004,281.8256416610672,283.8500164538431,-0.2461060439689867,SPY,2,0.738464196573809,0.819415314841661,0.45309327851472536,0.15148887630928987,-0.3701075360498672
2019-11-21,282.92913818359375,283.60394864223224,282.12670676065505,283.49452744039434,-0.7371515849396735,SPY,3,0.6838885214569187,0.7207995405406783,0.35577780273584353,0.1514888763092901,-0.18649290594118767
2019-11-22,283.5581970214844,283.8135223083617,282.54602357905367,283.67674587402905,-0.9319403593412581,SPY,4,0.6469934362321931,0.8065757456201494,0.37037632622712746,0.22174955429905674,0.1459039765718097
2019-11-25,285.7558288574219,285.7558288574219,284.48833013833155,284.48833013833155,-0.8565811483368445,SPY,0,0.6681069322468695,1.09323475045964,0.6377275669734228,0.8234846741097568,0.6231030488738328
2019-11-26,286.4033508300781,286.58573802044276,285.4732429473262,285.7924066162752,-1.0764506272278358,SPY,1,0.6912071260692736,1.1740065784099225,0.705533411134667,1.0516608735269004,0.14959377438379048
2019-11-27,287.6799621582031,287.6799621582031,286.66776071244107,286.8866030452009,-0.9399903187785481,SPY,2,0.7331412129896407,1.3302094286661035,0.8362975722669835,1.3348853061689885,0.3391100472309085
2019-11-29,286.6130676269531,287.3608160806977,286.3850975736195,287.1145906129369,-1.0958272924118255,SPY,4,0.7240104053570067,1.082523533344208,0.6935577386167563,1.1597092779374105,-0.36921608395883004
2019-12-02,284.1784362792969,286.93230521507553,283.7498513554403,286.8684669048796,-0.3183175144242035,SPY,0,0.6368395581172088,0.5514472025270615,0.34883187754295286,-0.28148611910984495,-0.7870499744348436
2019-12-03,282.2724914550781,282.3545851581734,280.06575705912854,281.45180487949045,-0.354560194228038,SPY,1,0.5042607565334224,0.16902139934125587,-0.2984976827272626,-1.073315738704726,-0.6307442971966609
2019-12-04,284.01422119140625,284.61606550920044,282.9746921540362,283.32121110928534,-0.8479913494106632,SPY,2,0.4393232494125298,0.41527574430708025,0.11979901222788969,-0.9809783836975468,0.4869657765776255
2019-12-05,284.5248107910156,284.7345532263376,283.21170125763325,284.7163256430636,-1.0141309215249499,SPY,3,0.3937937642579042,0.4856549498687959,0.1488259382294226,-0.9431241109310814,0.10904593678147077
2019-12-06,287.1236572265625,287.524886661327,286.43061950681107,286.43974721208247,-0.8510279465356765,SPY,4,0.42221476831821686,0.8271730421756365,0.7387083715493417,-0.12423771423384812,0.7421734044667825
2019-12-09,286.220947265625,287.4063803347884,286.1479812693964,286.7315979257299,-1.1306429700373042,SPY,0,0.41061799281701844,0.6424113213856504,0.5773273140955696,-0.23692678681166512,-0.32005224084011763
2019-12-10,285.9017333984375,286.8318409740811,285.2451786896394,286.1661863886341,-0.7771413859016942,SPY,1,0.38406977039053325,0.5769407637606649,0.38547809254966536,-0.5983310357552305,-0.1436399856800352
2019-12-11,286.71331787109375,286.9686431544206,285.8196654652655,286.35767131840527,-0.7616745876041595,SPY,2,0.3776395331231966,0.6868708433830721,0.47008112261553503,-0.5552215214270877,0.1991608338308752
2019-12-12,289.1845397949219,289.9687433212135,286.4853824980588,286.72245240013393,0.09096417572349608,SPY,3,0.43331944840547026,1.0040921800629448,0.9353234779383799,0.29688131215981745,0.6978914980682429
2019-12-13,289.3577880859375,290.5888317358788,288.1723273077688,288.94743092650003,-0.20447290809225285,SPY,4,0.4729532772470165,1.0255342159304959,1.080808501206782,0.4516844473812927,0.005158602051185016
2019-12-16,291.3457336425781,291.93845022672343,289.2940031239684,291.09040829117504,-0.17974746561943264,SPY,0,0.550162100256545,1.265776207396121,1.3315721047920788,0.7759943758442002,0.5472972936120334
2019-12-17,291.4095153808594,292.0295871384412,291.3274495154474,291.72867896526407,-0.609475576408888,SPY,1,0.6022795604487221,1.2733244181307384,1.318766240652678,0.7976658324728926,-0.02781645540389491
2019-12-18,291.427734375,292.0295785319879,291.3730237996711,291.8016085253275,-0.8667864963216929,SPY,2,0.6328742089718294,1.2755499310139768,1.1553315308359464,0.7976658324728921,-0.04138589291585498
2019-12-19,292.6222839355469,292.69524991881053,291.36388509375365,291.6192103784386,-0.12892316550352476,SPY,3,0.6790566911535593,1.421413722157433,1.142917286529865,0.97042675839106,0.3081402714822327
2019-12-20,293.9053039550781,295.04158585652715,292.6773801016935,293.6578678883322,1.0982510749864665,SPY,4,0.7393923491650579,1.572526046558917,1.3144324305700523,1.513328076946646,0.33281824701375223
2019-12-23,294.3542785644531,294.74830814974234,294.20765705163046,294.6933285780831,-0.7703894228825472,SPY,0,0.7868737814668288,1.6246117817953518,1.2494678583664673,1.513328076946646,0.08564367879206591
2019-12-24,294.3634338378906,294.62915909688604,294.0610182463545,294.5833521115951,-1.4197845727546596,SPY,1,0.8114798569410654,1.6256962501014232,1.0684834111331627,1.4256999903221361,-0.04411193652410582
2019-12-26,295.930419921875,295.9395925053962,294.73915860225463,294.74830322058216,-1.2085882503579872,SPY,3,0.8613195240473341,1.8089571907850575,1.1032204950471525,1.7256819454306145,0.41388223693717924
2019-12-27,295.85711669921875,296.7185006570414,295.3256381550197,296.6635210823034,-0.9780132780733217,SPY,4,0.8846256819553057,1.789323386553584,0.9993221612166884,1.8921514645909134,-0.06830744160471638
2019-12-30,294.2260437011719,296.0771162679294,293.74037206008416,295.93966730633866,-0.8351086357253947,SPY,0,0.8434432916689526,1.3600068475166602,0.661775188359077,0.9426034733908877,-0.5265166325165654
2019-12-31,294.9407958984375,295.18823198580327,293.3738218609865,293.7220445282422,-0.6892686161566216,SPY,1,0.817612581914619,1.4516986991152774,0.5394903148020395,0.7355424634319159,0.1637275365973191
2020-01-02,297.698974609375,297.71731977517936,295.5546875996484,296.4802235866316,-0.6481078398326676,SPY,3,0.8610798450535109,1.7818894627128026,0.8117998396304981,1.3778992085331447,0.7608862329584543
2020-01-03,295.44476318359375,296.57190037053346,294.24432922039875,294.299308793889,-0.2797765473845747,SPY,4,0.8185868345832467,1.2266108245311094,0.48929666632143876,0.6778203901894816,-0.706365027376437
2020-01-06,296.5718688964844,296.6543382479676,293.5661700502953,293.68530176861276,-0.7175188929392611,SPY,0,0.8035100164198159,1.3648302171075328,0.44731057754457554,0.3339570621149024,0.2835929931087646
2020-01-07,295.73797607421875,296.4802282058735,295.28893898289255,296.00370133060426,-1.0183504022359158,SPY,1,0.7554073026862189,1.1665042988188732,0.42158806192535514,0.33395706211490284,-0.29113994260874704
2020-01-08,297.3141784667969,298.532929738881,295.68305239243307,295.9304604946824,-0.46661062814102655,SPY,2,0.7491773718275556,1.3623704860114714,0.5580965840188568,0.9137375676010242,0.41443653162173477
2020-01-09,299.330078125,299.40340285238955,298.2945830808425,298.8810690392002,-0.8600325485985426,SPY,3,0.788084628395017,1.5967472164404828,0.7500381681170809,1.1326049045981237,0.5395552882800015
2020-01-10,298.4686279296875,300.0722634108821,298.00130174863557,299.916497338926,-0.7696094342092594,SPY,4,0.7816845480537199,1.3909809752033773,0.650471638713852,1.2960000942952574,-0.2968966985680866
2020-01-13,300.5213928222656,300.5305374400755,298.66117621036113,299.0918681335702,-0.887550469603973,SPY,0,0.8211159411029831,1.625164789670358,0.7195582119089489,1.4074032405907613,0.5479400489098807
2020-01-14,300.06317138671875,301.13530077869376,299.50417523626254,300.0814885851053,-0.5750389772480352,SPY,1,0.825993128649986,1.51547566374639,0.6879341645178731,1.5539271284684726,-0.17921903354741858
2020-01-15,300.7413330078125,301.5019023922084,299.8891216822957,299.9715910397463,-0.3919738493938057,SPY,2,0.8354276065203737,1.593367194290496,0.6888692048410882,1.642836222882267,0.14907997569392398
2020-01-16,303.2429504394531,303.2429504394531,301.89589529250605,302.12498611365226,-0.749345606335805,SPY,3,0.8991676879999068,1.8655472084932647,0.9439031055523972,2.0333425478102796,0.6719948525720494
2020-01-17,304.1868591308594,304.3976048271327,303.17885374044386,303.9577682678192,0.08017532476168432,SPY,4,0.9612956248892361,1.9621721180491232,1.0600950310322572,2.260834866779037,0.22286873807069998
2020-01-21,303.5911865234375,304.39759079860585,303.1513499843944,303.22464675250427,-0.2791275491755032,SPY,1,0.9785250268635739,1.813315303087655,0.9642341808583033,2.2416828662872597,-0.2168998851313506
2020-01-22,303.6278381347656,305.10319771439003,303.4720720211028,304.4525595814496,-0.851268095720073,SPY,2,0.9780119773334229,1.8173150039643948,0.9260020583691386,2.3822571542167954,-0.03633560298835077
2020-01-23,303.97607421875,304.388448943037,301.85927695982,302.9772414486863,-0.7907723329961981,SPY,3,0.9722917621452691,1.8561903494823515,0.7363113606578974,1.2793944294221742,0.052653463053955255
2020-01-24,301.2727355957031,304.7182703641132,299.98066005754936,304.6358010274464,-0.08391206341321412,SPY,4,0.8774713710745904,1.1800349989183054,0.43993272237116215,0.19715398112887786,-0.8219560949865024
2020-01-27,296.443603515625,297.92810796760887,295.6738615021962,296.0129115356498,-0.15369227146441708,SPY,0,0.6546511880826934,0.16489977326131594,-0.4729119121604688,-1.1998919547850486,-1.4489693756654618
2020-01-28,299.5500183105469,300.42971926518106,296.5351751654202,297.8730577788498,-0.5551681207672297,SPY,1,0.5553487882355228,0.577235106834861,-0.14164397029796155,-0.7995785994025414,0.8577453026335738
2020-01-29,299.3025817871094,301.144481001066,299.1009807389888,300.91539017207396,-0.7525489185970935,SPY,2,0.4604373144291841,0.5297573155433164,-0.00420045511628863,-0.587447693122193,-0.11851713256949126
2020-01-30,300.27392578125,300.4846994121744,296.4801961809347,297.2315928492786,-0.323795297473247,SPY,3,0.4040303421974139,0.6546848155174602,-0.19080986115023033,-1.3268091515456322,0.23434211585381864
2020-01-31,294.8216552734375,299.80667522712497,293.9052917226155,299.6508811187989,0.43741410653546414,SPY,4,0.1993267954606247,-0.31211574675206505,-0.81499793382425,-0.588615932793287,-1.636881917576367
2020-02-03,297.01165771484375,298.88104661033793,296.1869363673335,296.3060680665093,-0.45099100763523947,SPY,0,0.09385531280618106,-0.019735641980185417,-0.6183659135986175,-0.5886159327932867,0.5953753266074157
2020-02-04,301.53857421875,302.40913073891045,300.3106504717624,300.63138329314756,-0.5801912688405414,SPY,1,0.1324908198078061,0.5186303123237406,0.23315725753839206,-1.113754848698529,1.2657635110884837
2020-02-05,305.020751953125,305.23152563303483,303.01394154526906,304.48010082486485,-0.5131499523138602,SPY,2,0.25446039486656147,0.8793177258362723,0.8264084889416581,-0.3969054987343742,0.9495030353623981
2020-02-06,306.047119140625,306.23954766256264,304.9657888604678,305.98296697824674,-0.8225930922807323,SPY,3,0.3718559744154121,0.9794543801002156,0.9945231421426953,-0.164949680880667,0.24468176228638128
2020-02-07,304.4159240722656,306.056194377022,303.86610045474913,304.98406488979606,-0.5491068347412228,SPY,4,0.4102304932653432,0.7089210354082681,0.6853583227122689,-0.5285135745227779,-0.5105366128512113
2020-02-10,306.68853759765625,306.7526897560034,303.49043784674745,303.5271002179738,-0.9871191000403549,SPY,0,0.49510473498412944,0.9356189455275951,0.7683972270430228,-0.35526963538047124,0.5985846204258323
2020-02-11,307.2200012207031,308.8327817820095,306.6884947902929,308.04472268441083,-0.7331861463411268,SPY,1,0.5668954616207601,0.987382336315337,1.0209215695019345,0.13292398703486633,0.10342857353291826
2020-02-12,309.1993408203125,309.41008649783373,308.292122067066,308.65866182227705,-0.9489591961693552,SPY,2,0.6679879131189904,1.17665638079263,1.1339985934729917,0.2614165763202351,0.5104510280323074
2020-02-13,308.8694763183594,309.8408193824816,307.4949310806172,307.7698289420879,-0.7403826830570078,SPY,3,0.7264990137354939,1.118939763559064,0.9591247205375573,-0.03929225790477658,-0.13943243348755235
2020-02-14,309.3642578125,309.4833895167541,308.0813547766656,309.2817884707523,-0.5403185654147139,SPY,4,0.7739750947196201,1.1672893755499882,0.8782491307923675,-0.039292257904776806,0.0920803685085073
2020-02-18,308.5670471191406,309.4284309226807,307.1741569014039,308.36544605947824,-0.6863133918957427,SPY,1,0.7762404341435206,1.0223352236536782,0.6877956890966372,-0.39880633271520904,-0.27070706847430653
2020-02-19,310.0423583984375,310.72045829777164,309.25429937652905,309.53836976490896,-0.8532567691313562,SPY,2,0.8064221373787016,1.1721566040208584,0.8703558862459614,-0.04148314745214169,0.36707613652804816
2020-02-20,308.7686462402344,310.31730256037446,305.77212014655726,309.4925531618124,-0.3501601054527737,SPY,3,0.7814819092681329,0.9388848050558046,0.5082029610224228,-1.2835243002854517,-0.4040240743839931
2020-02-21,305.5888977050781,307.7240122691576,304.7641482162331,307.4124520475645,0.4362748864375834,SPY,4,0.6604940529859791,0.3927990811572462,0.06840622190394118,-1.2276041418938903,-0.9450441628573172
2020-02-24,295.4538879394531,305.66216126608373,294.37255791706946,296.11367067972515,1.3750438493954347,SPY,0,0.2717035864997415,-0.9809885323604874,-1.3066548533451283,0.918323331425998,-2.973480288788693
2020-02-25,286.5010070800781,297.460705347923,285.6213060596482,296.8467575397239,2.522694969882138,SPY,1,-0.2895123144059399,-1.861685454740903,-2.6287452574747223,1.8975007702245736,-2.716873588934464
2020-02-26,285.44720458984375,291.5043533570455,284.71412504182155,287.9030518374297,2.0435993317151797,SPY,2,-0.7591773206021158,-1.9520712774795366,-2.7159609545480716,1.978558250515074,-0.36656533516226003
2020-02-27,272.6273193359375,285.50221558469656,272.6273193359375,279.91239252884566,3.8214912237383727,SPY,3,-1.4798304662540478,-2.8725640666402024,-3.488689867282945,2.806361227330756,-4.034139881364658
2020-02-28,271.4817810058594,272.9754575536468,261.6583660060292,264.55407718504784,5.818546040027391,SPY,4,-2.063403642339729,-2.9414888553090055,-3.5613919491327977,3.2765175151952,-0.41218509292820676
2020-03-02,283.23876953125,283.3029216830661,269.8323680613231,273.26873092756443,2.915475830946596,SPY,0,-2.1731722632742723,-1.686354762067647,-2.2717845862365045,1.3666931747396927,3.631942080671926
2020-03-03,275.12896728515625,287.59151643262715,272.6822924096113,283.614502212992,4.134788658879608,SPY,1,-2.464412292987218,-2.202152968883852,-2.0610361088771807,0.7128697695767926,-2.567586584407884
2020-03-04,286.6933898925781,286.9133360865431,277.9604493324788,280.5171106027722,1.6831691459041311,SPY,2,-2.345944302145532,-1.2417073556439033,-1.5166779879567533,0.7128697695767932,3.525917729970175
2020-03-05,277.1632995605469,282.67065320761304,274.9182257388986,279.4725535047731,1.8767452661597137,SPY,3,-2.4959988108772158,-1.7994409059730287,-1.7590562565537349,0.9500137396196158,-2.9802924034129856
2020-03-06,272.5815124511719,273.791119131795,265.95622142791865,268.6319875169598,2.7162829983617405,SPY,4,-2.716752875058857,-2.039443395506883,-2.0252786315342455,1.5539369426569152,-1.4932412278728864
2020-03-09,251.29437255859375,260.4213451842033,250.57961014752544,252.27486024960146,4.31893346571162,SPY,0,-3.456170397867624,-2.9462140880250347,-2.5910533242872607,2.301660348386461,-7.1025388407747805
2020-03-10,264.29754638671875,264.38916035534675,250.62539203743287,260.8336938237853,3.6645130453032113,SPY,1,-3.6374204843045623,-2.0793410717838317,-2.039575635725682,1.7407316074658197,4.3309205113143925
2020-03-11,251.4134521484375,258.3595024679103,248.2245253742344,257.22322078654526,3.245188752898932,SPY,2,-4.1010973428654465,-2.554446631426808,-2.1168561321780897,1.8561081539165063,-4.3834332151992585
2020-03-12,227.35894775390625,244.35749341633144,226.9649041793255,234.58905518446738,5.9623358603607794,SPY,3,-5.092224157906471,-3.2590191650610523,-2.5738440526044863,2.652614976879329,-8.773446839521172
2020-03-13,246.79507446289062,248.77442337917316,227.73470701010353,241.08611863539235,4.718827505923821,SPY,4,-5.272670780658326,-2.2469927175057194,-2.048197600460948,2.1069287434138437,7.071016365936332
2020-03-16,219.78976440429688,235.41374899779908,217.50801453237176,221.00851540675873,4.077250105120616,SPY,0,-6.110818278291753,-2.935447473415693,-2.3277134755918687,2.4467855769726365,-10.102641101402291
2020-03-17,231.6566925048828,234.7448469668352,217.24229875738123,224.54570289092214,3.379239630688242,SPY,1,-6.370849936560699,-2.4202663129920383,-2.0147297662042316,2.455130315811882,4.516140730782034
2020-03-18,219.92721557617188,227.5971727449602,208.94918598045479,216.4908528327942,4.679748684099304,SPY,2,-6.832906384196366,-2.693753054260639,-2.0691477901703395,2.7063929052497935,-4.5555136411888535
2020-03-19,220.39454650878906,226.6899722952671,212.79790041262768,219.23993370981958,3.9201012421411723,SPY,3,-7.107900692442314,-2.6739159244884267,-1.8820462949336538,2.7063929052497935,0.13738016221468893
2020-03-20,210.89682006835938,225.34066945746974,210.62029170829544,223.55246866918182,5.067990527108269,SPY,4,-7.511053687198628,-2.8870591197529736,-1.8247118859876523,2.772762522840713,-3.869181829358273
2020-03-23,205.50460815429688,211.7079952536431,201.18158896992057,210.3345937579703,4.648551121871799,SPY,0,-7.895549371234941,-3.0030578806805392,-1.8793591240421692,3.0378628898501367,-2.294274818858345
2020-03-24,224.12399291992188,224.99966857078434,215.50562016858646,216.07710190719624,2.8517846947774457,SPY,1,-7.591541312922603,-2.2366063397131835,-1.4502953647131955,1.4381676489975193,7.479081432598179
2020-03-25,227.47914123535156,236.29110105973476,220.99001416132398,225.70937930607133,4.120721076904384,SPY,2,-7.17717751585466,-2.108471597694376,-1.2411222957135397,0.34249922847249037,1.2425560644115627
2020-03-26,240.7616271972656,242.23640785401722,229.56233225861644,229.99555681218766,3.291164421134835,SPY,3,-6.404275305509979,-1.6243581211413916,-1.0027629279210213,-0.1684276259611697,4.8774427308932005
2020-03-27,233.59036254882812,240.40210846129074,231.40581506771846,233.4521053910937,2.6304247031799934,SPY,4,-5.929577596929171,-1.8103774158427155,-1.012014101428287,-0.1684276259611704,-2.670677951987749
2020-03-30,241.17637634277344,241.89534169163954,233.69175549826053,235.6919554113694,1.5790932526763082,SPY,0,-5.282455044092513,-1.5451439314220627,-0.8937219945048889,-0.30360989787086956,2.726407399338065
2020-03-31,237.58157348632812,242.72493717157138,236.17129407830672,240.17169430674883,2.0457289191106955,SPY,1,-4.819366063541009,-1.6411030513256726,-0.8606014489094299,-0.3816866346520531,-1.3499204704742152
2020-04-01,226.88922119140625,237.49859440441708,224.8152794471893,228.57602883114748,1.940013660376166,SPY,2,-4.703638053635069,-1.916822275912522,-1.0366272982031535,0.3338014489330356,-4.042625253755004
2020-04-02,232.12478637695312,232.90826706559199,225.45129745089525,226.00435422566696,1.7039489968184374,SPY,3,-4.417266881615645,-1.7296279212796526,-0.9890096085296668,0.3338014489330356,1.9327561915581897
2020-04-03,228.76959228515625,233.49818374298073,226.03198818481752,231.13848720921038,0.8684044890710034,SPY,4,-4.2399966632967505,-1.8170529398077235,-0.9728011592688721,0.2703814305934603,-1.310201382063842
2020-04-06,244.13519287109375,246.10775542428493,228.7511655917904,237.66450470907907,1.910374090791233,SPY,0,-3.6282411352855237,-1.2866464728464004,-0.6553513453698968,-0.9530533129417534,5.594012133416314
2020-04-07,244.38406372070312,253.5094010822831,244.16285228612495,252.75355784129687,2.175649627869187,SPY,1,-3.1045413898445062,-1.278398960075758,-0.3805435397194306,-1.269620992940672,0.041600179759231685
2020-04-08,252.58766174316406,254.4035140373844,244.49468151600078,246.99262118695424,1.2298845832997856,SPY,2,-2.4340012512918796,-1.0084103284412642,-0.22322438497374278,-1.1998747083784846,2.818197452259528
2020-04-09,256.4313049316406,259.19655971610996,253.91491295110805,255.85979531396418,1.9488376543747339,SPY,3,-1.7776233495280227,-0.8849615902511023,0.030764141803247345,-0.8278784282723415,1.2636712982082232
2020-04-13,254.09011840820312,255.79536495704366,250.17267304475266,255.45432127320237,0.45713214080801745,SPY,0,-1.3122701127768412,-0.9572328722659126,-0.05128666821535212,-1.1609401806669102,-0.8426747094886777
2020-04-14,261.583984375,262.6071155005401,253.9518796282053,258.99386373886557,0.8402653557125475,SPY,1,-0.7276569321618098,-0.7138606686607184,0.23152553988546806,-0.6365704035109825,2.4753624188763945
2020-04-15,256.02581787109375,261.72223788702536,253.90577161399165,255.8506827589529,0.594789225771281,SPY,2,-0.4201926414406717,-0.890572805168559,0.20922314798626115,-0.6409805450284675,-1.91043989422897
2020-04-16,257.26092529296875,258.1181476901565,254.1822777488258,257.3070016297343,0.7937220621317073,SPY,3,-0.14395788111265342,-0.8495026725408408,0.2678154380199106,-0.640980545028467,0.37078803025763724
2020-04-17,264.2109680175781,264.8192994942426,260.30272098283615,263.04955166649506,1.0891750235794824,SPY,4,0.264008276377066,-0.6202809838126382,0.6290424366543258,-0.11616976309993025,2.2662977885473303
2020-04-20,259.5561828613281,264.3493052621317,259.33497134824717,260.49635992156533,0.16478921053337678,SPY,0,0.4469614471633742,-0.7758529842032768,0.5767784065535224,-0.224719130737167,-1.589173609591474
2020-04-21,251.67514038085938,256.28389976601466,250.73493546332134,255.0764070574748,0.6862979732503566,SPY,1,0.3615811838629105,-1.0312152730766062,0.18882028672122167,-1.1230074979027183,-2.722368671436994
2020-04-22,257.26092529296875,259.01224803453573,255.2422866611191,256.5696114636951,0.02273005209084562,SPY,2,0.442430615816201,-0.8403486971398842,0.40439160472394875,-0.8859525133323751,1.8580013662122776
2020-04-23,257.2425537109375,261.722283370555,256.93838790678035,258.5422274970722,0.25609353350011477,SPY,3,0.4963374703588735,-0.8409612763990847,0.45087977186016964,-0.6532218397556788,-0.05300764568357198
2020-04-24,260.82818603515625,261.5010751772148,256.7079531308153,258.7634703866844,-0.13383133850362786,SPY,4,0.6290099532892153,-0.7160252633389521,0.42501018021947545,-0.6788041556038655,1.1543395266214336
2020-04-27,264.58892822265625,265.71346690631225,262.34907737780065,262.80995342635407,-0.27606713560245066,SPY,0,0.8267639705048924,-0.5857833361924785,0.5388091220362855,-0.30668831427546017,1.1953862762275398
2020-04-28,263.3722229003906,268.5985412619103,263.0680289718382,268.24827098279667,0.2672138300304737,SPY,1,0.9344702724017889,-0.6303691969454157,0.5000154452142707,-0.0632218104085669,-0.44675363604941326
2020-04-29,270.26690673828125,271.8062450162346,267.6860122880096,268.71837006811825,0.5346646026960189,SPY,2,1.19656513759375,-0.3895523364678009,0.6261928988106181,0.1991172588285083,2.1955453500551263
2020-04-30,267.7505187988281,270.3682909831344,266.0083940965527,268.88425570382896,0.6171508857761988,SPY,3,1.3142282157382421,-0.48590279549337895,0.4956464410202612,-0.024997666601133242,-0.8585156528097928
2020-05-01,260.6622619628906,267.9164458693108,259.49161889294606,262.98506692974644,0.6623683970828502,SPY,4,1.1899162470032443,-0.7516507509403841,0.23431736105502413,-0.8369996795411405,-2.3749337512690927
2020-05-04,261.38116455078125,261.68533026759593,257.28858431038867,258.7725912054478,-0.21699043624091854,SPY,0,1.0951228393583134,-0.7249443210858865,0.09029303450556847,-1.0908657045368704,0.1921779489537881
2020-05-05,263.7961120605469,266.6166699136713,261.51015779771495,264.2109115629122,-0.24285708351562285,SPY,1,1.0718268285668493,-0.6338412029602134,0.25644536746131097,-0.6017076600898178,0.7512180136451612
2020-05-06,262.0080261230469,265.888594464788,261.5748015245883,265.5014743476536,-0.36069491430216605,SPY,2,0.9876215005760949,-0.7043099669998378,0.1890815737120976,-0.601707660089818,-0.6369844032573823
2020-05-07,265.1695861816406,267.105270843854,264.6626338763726,265.2341155672962,-0.32858637293715676,SPY,3,0.9946635397852319,-0.5808966698945622,0.3105546831033006,-0.4774437852411535,0.993979951196409
2020-05-08,269.55712890625,270.02723137851206,267.1789932426563,268.3127582106148,-0.30473023081777173,SPY,4,1.1072989497023484,-0.4118516488935884,0.47297098826276546,-0.18188094514093506,1.3771989441103156
2020-05-11,269.6124267578125,270.9950545873397,267.19744131631325,267.62143930773703,-0.2439625636454479,SPY,0,1.180586592571833,-0.40970801940874074,0.47047809725760387,-0.08459025645251633,-0.02901173945382469
2020-05-12,264.2386474609375,271.2162884383801,264.1003621628556,270.801516933047,0.08066753135449693,SPY,1,1.070834527016678,-0.6407882142823653,0.26782152370576257,-0.5487957649853934,-1.7937914784398128
2020-05-13,259.5653381347656,264.7179278299637,257.1318996402703,263.676343692379,1.0502013910671393,SPY,2,0.8384569051970278,-0.8355629782344406,-0.1882147479267402,-1.3515365152682248,-1.5952030187047324
2020-05-14,262.6716003417969,262.8006309608718,251.62900412320758,257.1226648696853,0.5988161901939293,SPY,3,0.7295675768903674,-0.704651604048365,-0.3604822469317522,-0.7366700988295153,0.985449886990467
2020-05-15,263.8791198730469,263.92519621393427,259.3256634598591,260.2750667451396,0.38384099137501815,SPY,4,0.6657274581386458,-0.6534804958317096,-0.10528811907975073,-0.8831547695821769,0.35117581549824756
2020-05-18,271.916748046875,273.5298135013904,269.79673041564934,270.11932100284906,0.5536820364554156,SPY,0,0.828350652399612,-0.3222660271265691,0.9090166954041148,-0.8320076936577149,2.5567928271731324
2020-05-19,269.12384033203125,273.03205847113645,269.1054154250157,271.3176138409313,0.06714177357216672,SPY,1,0.8645661860513757,-0.448671757650589,0.7145036025870923,-0.9166036500368007,-0.9426794106074289
2020-05-20,273.69580078125,274.5622498678464,272.44223162680925,272.6726696151671,-0.117983477037464,SPY,2,1.0066829491915414,-0.26300320730644317,1.0515673160374628,-0.75131441585238,1.414931851017927
2020-05-21,271.80621337890625,274.3779091376315,270.70932633280484,273.56676293920657,-0.26818190659743263,SPY,3,1.0499867848770081,-0.3513692077352722,0.8064733602386336,-0.9820003853243959,-0.6479652724688783
2020-05-22,272.3223571777344,272.4974922721214,270.27606703298926,271.5204376032428,-0.5527031183951601,SPY,4,1.0824575071937799,-0.32965618602038155,0.632527813658428,-1.0411644037999486,0.11780938870506488
2020-05-26,275.6776123046875,278.5442760318748,272.34087412337914,278.3046114786397,-0.05666207744822603,SPY,1,1.1852323659739437,-0.1876129836099977,1.0185033390343985,-0.34780727432915165,1.0157754243154689
2020-05-27,279.7793273925781,279.81620534149,273.6404569266907,278.4796539573574,0.2582310597116437,SPY,2,1.3627307946666423,-0.017334598001499443,1.1250444650069373,-0.21289667883479682,1.2347426553989285
2020-05-28,279.26324462890625,282.830420879919,278.5903554457022,280.8117814599495,-0.027808450648590423,SPY,3,1.467994590889632,-0.04426826485216958,1.2367338830750247,0.10077201981285488,-0.2070203051495867
2020-05-29,280.507568359375,281.09747499717514,276.0370656455134,278.79309505494115,0.5415158009153298,SPY,4,1.5645493313120455,0.00895542696405018,0.979483715125659,-0.30604182945435887,0.338967328535733
2020-06-01,281.6412353515625,282.2495948808026,279.346082500508,279.8622612290212,-0.7154468619598403,SPY,0,1.650095006784718,0.058218130460091826,1.014516893990198,-0.17686233010897212,0.30317349390681286
2020-06-02,283.97332763671875,284.0194321118805,281.22652483586603,282.5630482820904,-0.3480999826973726,SPY,1,1.7594556165876587,0.16024947759246919,1.0630375088647372,0.022398619361864287,0.6687414539600057
2020-06-03,287.7525329589844,288.71116291644955,285.6878174779567,285.9643318264377,0.015108788718263369,SPY,2,1.9265775733027397,0.32321555472853547,1.3370359549669788,0.5133359717982886,1.1003722342381144
2020-06-04,286.9967346191406,288.5084216405081,284.89514085186516,286.76629658268655,-0.3177895831593319,SPY,3,2.010602169868642,0.2776855383684292,1.1240709260274466,0.36870673184311814,-0.2750243647304324
2020-06-05,294.3522644042969,296.131238917088,292.3428519039534,292.407381291581,1.1653856726013017,SPY,4,2.254728939859786,0.5888068737462141,1.5467243907689379,1.0785634830074633,2.1490961938350326
2020-06-08,297.91021728515625,298.10377730263014,294.619556339926,295.16338657068064,-0.36052422975788423,SPY,0,2.5156236974721247,0.731386327005881,1.4915723919359138,1.238879530985998,0.9957585058006048
2020-06-09,295.6887512207031,297.9839040725445,294.3706248420823,295.237073735876,-0.2843512901121273,SPY,1,2.6255376870639666,0.5908531081148581,1.1890197254271597,1.189953058630203,-0.6962855825977627
2020-06-10,294.0388488769531,297.1636012434189,293.3198835377999,296.269500797197,0.06340060652599026,SPY,2,2.6318459723941996,0.4862327717489513,0.9321925427358383,0.9755324452739739,-0.5323470219254853
2020-06-11,277.0877990722656,287.72482287321475,276.5347704880352,287.08881187171676,2.3307820315813013,SPY,3,2.1302748442105837,-0.4730793380005354,-0.07242568813072915,-1.2443011057585058,-5.1991622479630974
2020-06-12,280.4061279296875,284.8950550267736,275.23511345166304,284.1207868330946,2.04171584761607,SPY,4,1.8016703090001727,-0.3209204095882275,-0.11712973250901458,-1.0971280077199836,0.9861840399764562
2020-06-15,283.0239562988281,284.15772144939484,273.5206948936138,274.7005363949218,0.8728006084382612,SPY,0,1.5927939539439326,-0.20221971854611787,-0.1451790093199861,-0.9008170371063414,0.7595288298047242
2020-06-16,288.4714660644531,290.9417825291252,283.59541877833976,290.7942988499183,0.9094144278907085,SPY,1,1.559000810617071,0.03799267256287298,0.3149908275956625,-1.0896840160675743,1.6074811347322515
2020-06-17,287.2732238769531,289.78961689513534,286.53580541924,289.4946495120501,-0.16686276723016077,SPY,2,1.47746573934549,-0.02841353295898947,0.2815095847818416,-1.089684016067574,-0.40799521483780393
2020-06-18,287.38385009765625,287.8631510321055,285.29148309213133,285.7523591124386,-0.21787362952237666,SPY,3,1.3959497832400034,-0.023398860550134102,0.16984037241044087,-1.2547626552143234,-0.013401813876164228
2020-06-19,285.741455078125,291.05558508026616,283.7879850934474,290.8611732701308,0.8681742634066234,SPY,4,1.2664990629694013,-0.1186026021759124,0.13503623080508761,-0.8596509380375514,-0.5441388334137397
2020-06-22,287.57452392578125,287.97261465069647,283.9916508946989,285.1396439631699,-0.34051444399684927,SPY,0,1.1978726224480487,-0.03082941683346946,0.07634160874012563,-0.859650938037551,0.5080703317721559
2020-06-23,288.89837646484375,291.16661737693755,288.4910186826439,290.2315422514218,-0.4631334267272859,SPY,1,1.1634843521760139,0.03302849793495426,0.26624973359046317,-0.4640597114780213,0.35173224299303746
2020-06-24,281.5290222167969,287.47272350488674,279.6866728739989,286.85241955719425,0.8138707771729716,SPY,2,0.9139240010818526,-0.4029944578156592,-0.2817351753194781,-1.136174496231459,-2.2889725958363054
2020-06-25,284.54718017578125,284.81567248762656,278.9275171419336,280.95503953303563,-0.046409096567298976,SPY,3,0.7882558257689212,-0.25098551852890105,-0.34416820584292585,-1.043517815251669,0.8784942321218622
2020-06-26,277.78875732421875,283.6584065601255,277.20552185285015,283.44546048892926,0.7175630154139733,SPY,4,0.48849031152325956,-0.6297602797172962,-0.7142463760283255,-0.829867801350144,-2.132666025758924
2020-06-29,281.8715515136719,282.0104170904512,276.75183339130206,279.04784785660627,-0.2388201955729582,SPY,0,0.358020623630733,-0.4211465147084468,-0.7334373868412195,-0.7723478521561238,1.2192495949510282
2020-06-30,285.4821472167969,287.1856588350015,281.2789991524152,281.4363706937527,0.42846706088869313,SPY,1,0.34851085347037924,-0.24204716332052048,-0.29401045414268157,-1.29163387684253,1.0576354199712052
2020-07-01,287.4819030761719,288.75028382678505,286.13949836711066,286.60240238818403,-0.3852278404866684,SPY,2,0.3889643053501883,-0.1440996936802413,-0.021510783220967066,-1.080352012909954,0.5588997154658673
2020-07-02,289.06512451171875,292.27768031873336,288.3985414313362,290.92597991049104,-0.4458069607786809,SPY,3,0.456487683096507,-0.0662657867977198,0.22209507233495204,-0.6242587958069814,0.42975378409749365
2020-07-06,293.5274353027344,294.1106989034285,292.1479903288781,292.89789260022195,-0.5972478150447007,SPY,0,0.6247265394345347,0.14922145313220436,0.5683077728944281,-0.3987993390733565,1.2824711639979316
2020-07-07,290.5000915527344,293.9626051282298,290.1205068059593,291.98139030142596,-0.17656598510218022,SPY,1,0.6611256372647151,-0.03860006506158975,0.3113476916006676,-0.733359413322509,-0.9464037294819974
2020-07-08,292.721923828125,292.8330162513231,289.5001305417251,291.2683986999844,-0.7376695926845287,SPY,2,0.740177069940084,0.0706002565263605,0.2941828907775199,-0.8364299787969026,0.6143288559079639
2020-07-09,291.0556335449219,293.5738333866383,287.6301313491227,293.33311417458134,-0.16774992991962542,SPY,3,0.7433339428957164,-0.03517743488957569,0.13292399373671776,-1.1493438477990914,-0.5421676379418312
2020-07-10,294.0274658203125,294.29595814851194,289.5558239922794,290.99081561063673,-0.6798789815171198,SPY,4,0.8163159608880289,0.11470735922776473,0.35196670966300664,-1.0374028025743263,0.8346930594634882
2020-07-13,291.4814147949219,298.7675199209206,290.8240989639422,296.37894748735727,0.22211143155601235,SPY,0,0.7893199444693823,-0.05088238205702528,0.4479006401561389,-0.3867171268271097,-0.8014686182712804
2020-07-14,295.2586975097656,296.03637283334564,288.8520937677715,290.05563285710343,0.03673015412995895,SPY,1,0.8606118566066131,0.1421556793294941,0.3406847803516837,-0.7452279107319227,1.0704471433297549
2020-07-15,297.9714050292969,299.07311915926357,295.5828038092208,298.48985541358394,-0.09149164800172757,SPY,2,0.9784144691672886,0.27733871664303167,0.8267903678719055,-0.3203791022466654,0.7467798827871277
2020-07-16,296.9899597167969,297.44359660102754,295.41607479695665,296.06415170593044,-0.7379891300290562,SPY,3,1.0283122191409466,0.20985828579008042,0.5975867190214528,-0.3526472675146199,-0.3330910836168284
2020-07-17,297.8509521484375,298.6378946024456,296.01784212946285,297.99908481947347,-0.5761881208659324,SPY,4,1.075811375446362,0.2544333933909706,0.6227543267063066,-0.1808565241483893,0.20438511396770953
2020-07-20,300.2581481933594,301.0080506399925,296.83264625549896,297.58254870213204,-0.7045210664218025,SPY,0,1.1640020857583158,0.3793523963002081,0.800380811735096,0.15004547608138386,0.651658206339069
2020-07-21,300.89691162109375,302.6744474220615,299.90629013376923,302.23007759853067,-0.6850034872535801,SPY,1,1.2337602152441722,0.41264134482351533,0.9687664563932312,0.37271693195341354,0.13759198471094658
2020-07-22,302.60968017578125,302.9244798533065,300.42478620141566,300.5358786742239,-0.675066074309174,SPY,2,1.3182278980647513,0.5028240294224552,0.9911176630125356,0.40658420045186483,0.4457179401290081
2020-07-23,298.9990539550781,302.95227365409164,297.62887569233254,302.2486502737012,-0.3189089562171799,SPY,3,1.2648277597753685,0.2264047932847618,0.687294656408504,-0.24974733757425546,-1.0883781033288074
2020-07-24,297.07330322265625,298.10093663670415,295.5642315215915,297.1381165695117,-0.35803541093777536,SPY,4,1.1509986909751744,0.08226084543450693,0.30139133477222285,-0.6991215903954164,-0.6074924192599565
2020-07-27,299.2396240234375,299.41552978086344,296.97138341668045,297.76759288504223,-0.8636109699164504,SPY,0,1.105219592894732,0.20629160853773007,0.4336374314909517,-0.4766411259410626,0.5836588733082911
2020-07-28,297.3417663574219,299.62851323652956,297.04550101803045,298.50826521947164,-0.680978507534935,SPY,1,0.9999580507680477,0.06097391921207769,0.3243506327690053,-0.4398300868006734,-0.5988998320800306
2020-07-29,300.9987487792969,301.5635064567835,298.18428402153864,298.22132425942874,-0.8604116270631684,SPY,2,1.0041761059941487,0.2731156461286928,0.5167262647526883,-0.10604714014247428,1.0138917416901831
2020-07-30,299.9247131347656,300.34133798246603,295.92524456254785,298.01755116070683,-0.5943124378238546,SPY,3,0.9622078717238371,0.18864051432382997,0.28721091737260357,-0.6522919395885748,-0.35699073685426747
2020-07-31,302.294921875,302.3967754817802,297.48997444346537,301.72092523828803,-0.1353476523621312,SPY,4,0.9805663746690404,0.32720364109596417,0.45752748706004864,-0.2858839069139483,0.6362316111812932
2020-08-03,304.3964538574219,305.1648621508035,303.4150995292858,303.96132291921657,-0.7686448680636669,SPY,0,1.038488809270621,0.44827449515894746,0.7783467716163416,0.16662583027478803,0.5543403262497568
2020-08-04,305.5722961425781,305.5722961425781,303.53550650852105,303.53550650852105,-0.9901378348293386,SPY,1,1.1009379549672917,0.515876140018287,0.7446929699492557,0.23100333323445776,0.28773515453719656
2020-08-05,307.47021484375,307.7294683196175,306.60921981066514,306.8777121582206,-0.9746611130117875,SPY,2,1.186355327648553,0.6249340241192758,0.8823980796296573,0.5659260232350805,0.49047102366787076
2020-08-06,309.5254821777344,309.6458417794876,306.5629125155189,306.88695107714045,-0.9551772738116209,SPY,3,1.2931816132657161,0.7417500834952337,0.9390105768433813,0.8440174871274733,0.5312872933968518
2020-08-07,309.7475891113281,310.03458733084204,307.6459868706977,308.5532888812559,-0.6846839499090526,SPY,4,1.364450689047775,0.7544739475963335,0.9389590563375769,0.8998879457485611,0.015432670640430737
2020-08-10,310.6734924316406,310.85863713625884,308.2571181202604,310.20132116602485,-0.9432154627838726,SPY,0,1.4266730046581722,0.8086007504272015,0.9883242637010036,1.0212285559521026,0.212185273932845
2020-08-11,308.10888671875,312.4972357886922,307.3775187516076,311.8584260174997,-0.4407082561942633,SPY,1,1.383774034212335,0.564771070618933,0.8651105018953933,1.2572558127985953,-0.766092275293745
2020-08-12,312.4047546386719,313.1824302193306,310.5253649220565,310.5531380408862,-0.7548214046808452,SPY,2,1.450291437779246,0.8217299144596968,1.074423631253346,1.3541677181936327,1.1546794872048336
2020-08-13,311.8399353027344,313.1545952590524,310.9141271866692,311.63625638706316,-0.9921582635046742,SPY,3,1.466247546535167,0.7674377519553597,0.9450367562295313,1.3541677181936322,-0.20383569042959204
2020-08-14,311.8492126464844,312.386197193319,310.7197255777267,311.45112192434925,-0.8841050234542848,SPY,4,1.4584155469073132,0.7680040835248175,0.7915202810966354,1.279065296111675,-0.04422929901790452
2020-08-17,312.8398132324219,313.2379039279469,311.8584589230985,312.86758634482084,-1.1178912468162518,SPY,0,1.459397185448559,0.8297645339660847,0.7759950810022592,1.4188955988199754,0.22838945338085173
2020-08-18,313.51568603515625,313.94154987395524,311.6362683640285,313.23792663760884,-1.0533308102936665,SPY,1,1.4584974970744788,0.8724269627552577,0.7070506101304137,1.534161128782401,0.1404548056912872
2020-08-19,312.2102966308594,314.41369632346203,311.64553896028053,313.8952460130352,-0.4714096424209494,SPY,2,1.4008914507867507,0.7333608583783608,0.5856559019612934,1.6125013199034794,-0.40886220283925306
2020-08-20,313.182373046875,313.66378310318254,310.34940242970504,310.47900087610935,-0.9843841779238397,SPY,3,1.3630153733400292,0.7983076362710932,0.47814883823732013,1.0360457407781773,0.22293937304884118
2020-08-21,314.29339599609375,314.5155809357857,312.50656459465205,312.8491373812447,-0.7283811779491941,SPY,4,1.3449030681478076,0.8729257613801592,0.5526497295423338,1.2018904492189995,0.260473437065445
2020-08-24,317.47808837890625,317.55214058660636,314.26553352330154,316.7374250348169,-0.8577422001787613,SPY,0,1.400300793478907,1.0813315685340874,0.7423589754731779,1.7267267642826885,0.8280216615016409
2020-08-25,318.58905029296875,318.67236962408947,316.87629981081636,318.042826953343,-1.0586994346225298,SPY,1,1.4548396471073963,1.1521603729963437,0.8156938933360639,1.8968889819715211,0.2563062824257571
2020-08-26,321.7831726074219,322.0516366510932,318.635430282705,319.181653746849,-0.8140489415466264,SPY,2,1.5661678880219134,1.3504620758062018,0.9835780733255209,2.345270762064275,0.8188273748313181
2020-08-27,322.4866943359375,323.9402197043757,320.8202512056413,322.65336125170194,-0.6702789682532708,SPY,3,1.651276252726619,1.3932332823140618,1.0356745624713453,2.5580183928726887,0.1426954959531878
2020-08-28,324.5697326660156,324.6993593382538,322.3200261700171,323.51432631434625,-0.8577382307707548,SPY,4,1.7533365200219064,1.5191230253907408,1.0693082106961933,2.6396964034834625,0.5118784992173908
2020-08-31,323.39404296875,325.2363921481631,323.1625909309977,324.3568913567579,-0.5102106056850075,SPY,0,1.776653474986244,1.3724115541698032,0.9738565861825059,2.6980719994184192,-0.3616988421487972
2020-09-01,326.4399108886719,326.54173620841556,323.3291812746038,324.2272161769494,-0.7323089071716785,SPY,1,1.855719010203377,1.5585843613830273,0.9937699697865989,2.837596034424659,0.7666293225042233
2020-09-02,331.1615905761719,332.1336778441025,327.20837164549533,328.3563929777579,-0.4419209103402653,SPY,2,2.024287076717418,1.8256416179646338,1.2618180872847353,3.31347594775433,1.1992950300631178
2020-09-03,319.7648620605469,329.93948368334827,317.17258251896726,329.46731252773276,1.1154981527749404,SPY,3,1.8116349304608352,0.5711374319642342,0.5050356592491649,0.09075850357409346,-3.0856407274490376
2020-09-04,317.154052734375,322.02378359273916,310.025319846639,320.4499269477994,0.9397565826928015,SPY,4,1.5477031707319033,0.32353547439764424,-0.06438797913375786,-1.345910575992923,-0.7581998278532379
2020-09-08,308.48858642578125,317.2189804700245,308.1830821076989,311.7289155881071,0.44971331724376945,SPY,1,1.0777835868566912,-0.41786564469560344,-0.600703086814176,-1.1643273908544631,-2.450659344361421
2020-09-09,314.580322265625,317.05221391399175,311.63623122167985,312.5064930407791,-0.006828144629953194,SPY,2,0.863301123143472,-0.008869900237086862,-0.3324301557473348,-1.1643273908544627,1.6499966321432358
2020-09-10,309.1180419921875,317.11700829906243,308.1551937758373,316.45969253999124,-0.024547581971206923,SPY,3,0.5292363040554754,-0.4285114729088727,-0.7030529905626774,-0.585911839287155,-1.5667429672196318
2020-09-11,309.2754821777344,311.9695874052841,306.44251137215093,310.9049136357937,-0.14143275483617734,SPY,4,0.26198073195624044,-0.4178632179601,-1.0221521317708493,-0.32252007461156607,-0.00262684551075048
2020-09-14,313.3489990234375,315.12656299224113,309.423581752998,312.450964043728,-0.5200051199411777,SPY,0,0.15930442623412444,-0.14605978134394368,-0.6774423488107557,-0.9577999743153334,1.0886267688825961
2020-09-15,314.93212890625,316.64485115308514,313.3582439593315,315.81162957965364,-0.7717608533488113,SPY,1,0.11730375888076927,-0.04350515156181549,-0.42635762818918305,-1.2447998975223993,0.39048690865364477
2020-09-16,313.68231201171875,317.60772937455226,313.40455262542565,316.17273809901303,-0.19272147568885195,SPY,2,0.04432985312824269,-0.1445688614850605,-0.48213046309961144,-1.3936037386927187,-0.39185626102875243
2020-09-17,310.92340087890625,312.64541870295386,308.28484204168194,308.8125594598112,-0.005617475187954452,SPY,3,-0.0941566144766665,-0.36493215949875657,-1.0993528306415707,-0.5525358509474664,-0.8133745991172351
2020-09-18,307.3439025878906,311.8427484686019,304.8528110316046,311.73121128944365,0.27927884566639233,SPY,4,-0.30527245448548024,-0.6398197426646179,-1.4596798889098626,-0.057536517197165675,-1.051575702904682
2020-09-21,303.9232482910156,304.07197396170466,299.0526031336653,302.7427755109806,0.1517199346718002,SPY,0,-0.5664567952839262,-0.8905486849116369,-2.1638823145366457,0.6472323804258078,-1.0179833193946832
2020-09-22,307.0185241699219,307.5762383546096,302.8914789163634,305.4104827833405,-0.5595721789505005,SPY,1,-0.6822114045815626,-0.6626764800737137,-1.6472228706061554,-0.047104512230905164,0.832448559964846
2020-09-23,299.8984375,307.8550757850042,299.39649195231215,307.57620454005826,0.025917486720107883,SPY,2,-0.9675365270412549,-1.1588660046017039,-2.012732569396286,0.36261005730697843,-2.0828665187503606
2020-09-24,300.6978454589844,303.7652309903187,297.2586315522572,298.5785542052481,-0.3001872433542715,SPY,3,-1.1616487902543515,-1.098847228028279,-2.0896338278455855,0.5970487913541307,0.1841827489191317
2020-09-25,305.5591735839844,306.34923785839106,298.9689221639233,299.84263930150775,-0.41156684731415255,SPY,4,-1.1688292014254809,-0.7442097264613601,-1.6363857780030648,0.08560698900656499,1.344810932449939
2020-09-28,310.63433837890625,311.3500540678067,308.73812155611176,309.7327085120084,-0.5402709325186353,SPY,0,-1.0235088943051551,-0.4007179656134543,-0.8694788744280978,-0.7991882962743128,1.382598443428736
2020-09-29,308.9426574707031,311.17348607492755,308.2455217589752,310.4298859956943,-0.8038515323777911,SPY,1,-0.9490409329721925,-0.5233116883679247,-0.9388837669820654,-0.7312943272145752,-0.5206576066698083
2020-09-30,311.28509521484375,314.44543854400536,309.4167621684489,309.6119522524438,0.24361768413551788,SPY,2,-0.8184512033979033,-0.3665390664806112,-0.6791600620028098,-1.274259691075603,0.6086287920681717
2020-10-01,313.28338623046875,314.8635429083092,311.396474067229,313.8875646180699,-0.061677424464506074,SPY,3,-0.6549753168749145,-0.23463783807601515,-0.5179647359231292,-1.3421333647250289,0.5084460187262057
2020-10-02,310.3089599609375,313.25553191340913,307.84575345799766,308.31981468995633,-0.047141452344508054,SPY,4,-0.6062489194756313,-0.4601411305973223,-0.8091561227351399,-0.7954250333869363,-0.8745994135057942
2020-10-05,315.8116760253906,315.9975617997763,312.32599863236203,312.3724629843296,-0.9148143484969841,SPY,0,-0.4116169346268854,-0.100664588204117,-0.34549427282658884,-1.2618390840382145,1.4784496389217558
2020-10-06,311.32220458984375,318.0519071278788,310.81098309296726,315.9511958209937,-0.03329218780964374,SPY,1,-0.38349712169407285,-0.43368829408240683,-0.4791708451081748,-1.2263061427429327,-1.2891954977714137
2020-10-07,316.7412109375,317.5498836075038,314.2593959883173,314.28728027464444,-0.6908107311671675,SPY,2,-0.20988241889756903,-0.09426566082159196,-0.15791102994493394,-1.2263061427429318,1.4505990242004538
2020-10-08,319.54840087890625,319.6134736829767,317.76372107590106,318.6839594529064,-0.9241543655364038,SPY,3,0.002921397778042257,0.07253756300440942,0.17176345611126193,-0.8840103236610661,0.7188449118414844
2020-10-09,322.40203857421875,322.8667957212577,320.5801985004531,321.2029571922312,-0.6406175669243016,SPY,4,0.24529890311721528,0.237838690661727,0.5164152841894161,-0.38385355793383186,0.7246501293679044
2020-10-12,327.588623046875,329.0665469517747,324.456165301913,324.94880660354625,-0.22661029654480036,SPY,0,0.5731330388093314,0.5235871723175054,1.0545849673794572,0.4143100755369116,1.3380218498398575
2020-10-13,325.4508056640625,327.62586544984794,324.4841029704284,327.4492554856305,-0.3681792330985222,SPY,1,0.7599613940713716,0.35496368745546336,0.8972650819958241,0.4143100755369128,-0.6149391614876106
2020-10-14,323.40594482421875,327.12400249825873,322.6716488574966,326.0271822923839,-0.6763561319113038,SPY,2,0.8367779021530077,0.19524016744788492,0.7484081753279782,0.028080002066329473,-0.5937387101768968
2020-10-15,323.0061340332031,323.4894711297381,318.94416215249316,319.483267822993,-0.6241623860331351,SPY,3,0.8723955756477203,0.1637561020331095,0.5459436980950508,-0.7069197157884012,-0.15415010075276475
2020-10-16,322.8110046386719,326.0271159294478,322.6343946657817,324.36327751636173,-0.0457362819101882,SPY,4,0.8810360991895456,0.14796247289928727,0.7648008227205104,-0.34056971618846194,-0.0992464581910791
2020-10-19,317.903076171875,324.7070967499058,317.001446502722,324.07503406977156,-0.46403845175278,SPY,0,0.7370373696910001,-0.24030918143647545,0.2719363532781283,-1.3272821241493409,-1.3762123375320454
2020-10-20,319.1766052246094,322.4299050743411,318.48877376223936,319.25095388276145,-0.630231610875155,SPY,1,0.6474452730773282,-0.15723308708085812,0.2368722065866079,-1.3272821241493409,0.30010927901682183
2020-10-21,318.57232666015625,321.305099945606,318.26557117105693,319.130012337583,-0.5603085041357161,SPY,2,0.54914238911805,-0.20523512172685773,0.128507993016757,-1.365922548270082,-0.21124845037255194
2020-10-22,320.31988525390625,320.9054837575771,316.6390168449337,318.78619244737797,-0.7225719493316034,SPY,3,0.5107102852072506,-0.0872146024633666,0.08197295082095321,-1.1677746602466905,0.4278889296005118
2020-10-23,321.4073791503906,321.60256916559945,318.9441724986455,321.54680058982547,-0.8467231235525695,SPY,4,0.5012191753229127,-0.013716034194673868,0.18358398474753926,-1.3002002314528631,0.2472861444734326
2020-10-26,315.4678649902344,318.8048178502361,311.9635780013349,318.0147250392189,-0.006615781301602595,SPY,0,0.31857991148810666,-0.4946664805042298,-0.37781415430117565,-0.18930761061303503,-1.665348698673153
2020-10-27,314.3802185058594,316.146289389251,314.16642007915607,315.8116779733836,-0.5122965295924512,SPY,1,0.13764704993177218,-0.5785744798416652,-0.4322178382506702,-0.18930761061303433,-0.3464965449861511
2020-10-28,303.6351013183594,314.408167114241,303.142459944312,308.6916606581954,0.7003615858175747,SPY,2,-0.30916185501413634,-1.3288000340501798,-1.2043791969182163,1.0731165878526154,-3.0644645861884947
2020-10-29,306.72119140625,309.90011497091285,302.1758520856058,303.86757520902734,-0.023987895442282914,SPY,3,-0.573537074461142,-1.0996028908029467,-1.2508219206432583,1.161284103066567,0.8306800886416021
2020-10-30,303.52349853515625,306.4514618560545,299.8612112381674,305.1408437594302,0.5652627843145347,SPY,4,-0.8671749701826668,-1.3051909815338159,-1.5041343760341233,1.370351886754711,-0.9562013527393948
2020-11-02,306.9256286621094,308.9333545578397,304.17424595094957,306.9256286621094,-0.11388307856669448,SPY,0,-0.9963732880953468,-1.0542189442656804,-1.2068350724446704,0.8382171961181331,0.920396756315822
2020-11-03,312.34466552734375,314.40818825230804,307.009262925198,310.1696056334392,0.029529648006071343,SPY,1,-0.9390283364335018,-0.6778774725790689,-0.7810357066662099,-0.20413941237010466,1.4718706245555064
2020-11-04,319.32525634765625,323.4151123876385,315.6536645993499,316.8341372001022,0.6976901742291644,SPY,2,-0.6926446525983947,-0.2373135944164272,0.021592643764705027,-1.2798791456076812,1.871122064610596
2020-11-05,325.55303955078125,327.3656035607772,324.2703054349714,324.6235253644289,-0.1938388640426967,SPY,3,-0.32195168503646054,0.11828183316985151,0.6302904121562496,-0.8007019362103075,1.6292237396017173
2020-11-06,325.4786376953125,326.7334873150784,323.1455483916412,325.2648392554505,-0.3340919418422461,SPY,4,-0.033810796671006414,0.11286926274295672,0.5045609857071334,-0.9597822783831989,-0.06664409978687516
2020-11-09,329.5684814453125,338.69631572980416,329.10372444548926,338.31521158596723,1.5976442809949347,SPY,0,0.3024786539173235,0.33825136435581565,1.1678579801837872,0.26847005496707915,1.0367506820777743
2020-11-10,329.085205078125,330.1448364825855,325.8040211888103,328.57395526410835,-0.12413010533561171,SPY,1,0.5451487418008543,0.30124664640258536,0.6559570418979567,-0.19314812432283823,-0.17414708598295037
2020-11-11,331.52984619140625,332.3570990887861,330.03331356077604,331.27885919980673,-0.6580750233371228,SPY,2,0.7933426519432285,0.43635178656799734,0.878587401259274,0.012546607162502655,0.5954070529552847
2020-11-12,328.3136901855469,331.5762939810746,326.5011545842146,330.5166342173397,-0.4814919387575947,SPY,3,0.8851984804494576,0.18470694861989087,0.5557244843903852,-0.48060424621461345,-0.892699653513805
2020-11-13,332.8589782714844,333.6025781454265,329.7079121084805,330.22843769354336,-0.573860063070089,SPY,4,1.0699292479075264,0.43800157653157806,0.8114787609992614,-0.27554916921728034,1.146262434875884
2020-11-16,337.0138854980469,337.20907548830434,334.2439236671135,335.53596169592436,-0.3426638784323979,SPY,0,1.3144352743184515,0.6569003728014322,1.072515989093347,0.07576162757481719,1.0296253026606117
2020-11-17,335.2013854980469,336.409770903095,333.0820943880079,334.59720697878305,-0.5099764106126209,SPY,1,1.4366008623825106,0.5119912897014909,0.832964622871725,-0.10012770711180986,-0.5147445916130022
2020-11-18,331.1673278808594,336.01939328368303,331.13013936912824,335.47098329337155,-0.4210557171538181,SPY,2,1.399580794456536,0.19793571266837262,0.5533051483218688,-0.3973453145508077,-1.097432892026037
2020-11-19,332.5615539550781,332.9333539222123,329.1874132294605,330.53522002265584,-0.632434632318792,SPY,3,1.3896188764942223,0.27683780821758,0.37654887367023254,-0.689745143100655,0.3177390110173091
2020-11-20,330.2842712402344,332.5058238145824,330.20992258482084,332.3013295540421,-0.4245091021195194,SPY,4,1.2985988733720533,0.09989119272918455,0.27294528497737863,-0.689745143100655,-0.6430490755443998
2020-11-23,332.2641296386719,333.5282836694918,329.85669132516,332.0968238948421,-0.5671438247230008,SPY,0,1.2638090258281638,0.21654495942230026,0.31916476377398784,-0.5574397573289962,0.4717880633957731
2020-11-24,337.6180725097656,338.16648235976567,333.965089337816,334.82022632318296,-0.5833132082376955,SPY,1,1.3675486780185089,0.5183548443853097,0.6366265535731934,0.007046543835902149,1.3402588817422987
2020-11-25,337.0976257324219,337.56238283594644,336.0008057760693,337.5344985443959,-0.9223998871975073,SPY,2,1.414847674563018,0.4758429000436682,0.5765715162240199,0.007046543835902381,-0.1806764859244837
2020-11-27,338.0364074707031,338.5104403756147,337.02321213244505,338.1944089835005,-1.2561635900205312,SPY,4,1.4580747720364227,0.52893540673403,0.5648747120532998,0.12306034906440179,0.1945066220659866
2020-11-30,336.5399475097656,337.52523040523903,333.8536659148317,337.25566331375273,-0.1574592396626361,SPY,0,1.4297182774579766,0.4014327379718215,0.3643341776784214,-0.4820751552376607,-0.43179987989924745
2020-12-01,340.2207336425781,341.76373042068883,339.20756669848805,339.80246932612914,-0.3488105067305456,SPY,1,1.4899557307143056,0.6146519655949161,0.6005311881949636,0.06033467710685451,0.8970837715423345
2020-12-02,340.9364013671875,341.09440284032604,338.528963840474,339.1052579030022,-0.9105690666339753,SPY,2,1.536242876450774,0.6554699264899337,0.5182973650427849,-0.07014363633777823,0.1355275656078605
2020-12-03,340.84356689453125,342.2378382052782,339.7374427186835,340.8342626751724,-0.5740625028784232,SPY,3,1.5485297046828348,0.6470077530594944,0.5055114913255337,0.07786261379356396,-0.0704416005272202
2020-12-04,343.7807922363281,343.7807922363281,341.33616563830765,341.4291227207132,-0.8148487772599469,SPY,4,1.618523872007169,0.8188541852139254,0.5771122134007147,0.27704633041371873,0.6977519876895575
2020-12-07,343.0743713378906,343.5670126985919,341.80094150173,343.00929853997224,-0.8506845927431097,SPY,0,1.6313385500063617,0.7514848959744412,0.5135823940139133,0.2770463304137178,-0.22530011051501872
2020-12-08,344.0782165527344,344.64520648783315,341.7544315075425,341.8008958618397,-0.9794005861716121,SPY,1,1.6468950219522118,0.8117610889716436,0.5195228209549655,0.4251170109931311,0.2067181977717525
2020-12-09,340.9922790527344,344.8962215481374,340.1557219727567,344.7382200244361,-0.35145214775890676,SPY,2,1.5503887823815283,0.5126176396006983,0.389937537910178,0.038164407493712346,-0.8285619372735281
2020-12-10,340.8807678222656,341.9310950867418,338.74286804799897,339.6166137038823,-0.676207279111058,SPY,3,1.4501184887014105,0.5018699255348316,0.2767791398406538,-0.29584253546755346,-0.07519185519513105
2020-12-11,340.4810791015625,340.8900676657172,337.65537603388987,339.17976474585464,-0.6769376501842639,SPY,4,1.340006708759855,0.4622800421997733,0.19553950048630822,-0.5503630109607532,-0.14861314562327782
2020-12-14,338.9565734863281,343.73426062304117,338.7799635596942,342.65604936198173,-0.44834738190287504,SPY,0,1.1920764377807327,0.30997994537278467,0.23677035840969893,-0.06775312628593688,-0.4362089271352949
2020-12-15,343.5391540527344,343.5391540527344,340.12785278149966,341.50351566005907,-0.5545469084142041,SPY,1,1.1864832277200104,0.6234099676970403,0.40378536101269663,-0.06775312628593758,1.1184695900048323
2020-12-16,344.0782165527344,344.998426353345,342.8698313093246,343.7528809731042,-0.6626100719846099,SPY,2,1.1797278155565953,0.6590662300041031,0.5678550260779329,0.17874308334254457,0.08924158581911168
2020-12-17,346.0022888183594,346.2067830368827,344.89616486814447,345.7234459596987,-0.5495017908378749,SPY,3,1.2107564308903584,0.7864671853110631,0.745008983589149,0.37814091735492367,0.43706788867590873
2020-12-18,344.6207275390625,346.4596767437876,342.6044155820467,346.29165786922766,0.8878764200471505,SPY,4,1.1788648314905892,0.6391176473802913,0.5397066274100034,-0.25134853026838666,-0.3939817625583501
2020-12-21,343.38861083984375,353.28346626235304,337.9464560255549,340.6908788886597,0.09090661930740104,SPY,0,1.1022071001206624,0.5079400795718777,0.5319803550692019,0.7903537424915905,-0.35760412422199195
2020-12-22,342.8099060058594,343.8273919879839,341.6804074000063,343.7153793642553,-0.870438351687722,SPY,1,1.0095685678838906,0.4457834494813729,0.1978667178972576,0.7903537424915896,-0.19317036691416747
2020-12-23,343.117919921875,345.0315351063921,342.79119749130325,343.7806801753628,-0.9051230388489843,SPY,2,0.9301891521979728,0.46898732446875163,0.28320990585863115,0.953208135565342,0.031119398316329937
2020-12-24,344.45269775390625,344.4807008987793,343.0058211230832,343.59388716541594,-1.2969730737359053,SPY,3,0.8907313351568609,0.5705241178325859,0.29630138360930625,0.9532081355653416,0.29009305278281305
2020-12-28,347.411865234375,347.80390930273,346.3850356715312,347.01044880019464,-1.0480415741249343,SPY,0,0.9282929064142342,0.7890556874695565,0.7621280849923951,1.3949031948903463,0.6954642285389722
2020-12-29,346.7491149902344,349.1201528820118,346.1610203351437,348.94279009754194,-0.756685041739922,SPY,1,0.9247809598223451,0.7108767392393492,0.7439609090081525,1.5548439354439683,-0.21250355333336418
2020-12-30,347.24383544921875,348.28000894293837,346.8517913610058,347.5705578476866,-0.8405427552863661,SPY,2,0.9214021601684829,0.748240340527806,0.6923299366333083,1.5548439354439687,0.07690315258635678
2020-12-31,349.00811767578125,349.7362280379204,346.5344112202723,347.0478117815803,-0.2636805979180012,SPY,3,0.9535647984650402,0.8813421457835606,0.7723294466382326,1.7383478740267655,0.39294979617134007
2021-01-04,344.2567443847656,350.47370017311397,340.5508422079817,350.34299981269083,0.3652740854243653,SPY,0,0.8315336954231513,0.31771955414263237,0.18589960031101116,-0.04857709429873948,-1.2362451846340652
2021-01-05,346.6277770996094,347.71995701585035,343.5659756645781,343.61266657677504,-0.5037206235942929,SPY,1,0.7886770184433298,0.5045458773610854,0.31255329416911165,-0.04857709429873948,0.5487793878079881
2021-01-06,348.7000732421875,351.9019187189158,344.5647799187049,345.11552753738533,0.32135060112785024,SPY,2,0.8000104456030372,0.6625767134084074,0.7536804079590808,0.6149016457572105,0.47041148375537706
2021-01-07,353.880859375,354.6276289954362,350.903067797057,351.08043056721175,-0.4572666416936002,SPY,3,0.9403439695829057,1.0297147975051615,1.6273541973940653,0.9845777812891713,1.2329267575773675
2021-01-08,355.8971862792969,356.1118675981628,352.0139214197947,355.2717446185085,-0.3995038163822372,SPY,4,1.091913519741656,1.1627597875418394,1.713739094260607,1.17304075909043,0.4461964432993123
2021-01-11,353.4981384277344,355.26239380181204,352.5926652872222,352.71402176287364,-0.8091963402586151,SPY,0,1.1274470416469833,0.8789407490604594,1.3381170172797197,1.1730407590904295,-0.6337133047886303
2021-01-12,353.5728454589844,354.5903313155894,351.32316391848667,353.68488655633377,-0.7791677686890397,SPY,1,1.1406387918792489,0.8841959957128703,1.0632065136557738,0.7839561752761293,-0.028474460826127677
2021-01-13,354.5250244140625,355.52382255240764,352.7140778450941,353.4981946346309,-0.9229417113904018,SPY,2,1.160642123905514,0.9524233544714639,1.0964890865874097,0.9245686706666522,0.18655613326394851
2021-01-14,353.2833557128906,355.775749426482,352.947317991919,355.2716643575949,-0.8299484053168754,SPY,3,1.1245841466325406,0.7992893538406858,0.8999838467306877,0.9634504633380229,-0.351252532955295
2021-01-15,350.70709228515625,352.46200397474826,348.8401394989429,351.6592279506471,0.30472473569240194,SPY,4,1.0078025080057893,0.48936465389210443,0.2762594761243538,-0.27577549781431726,-0.6819064825435813
2021-01-19,353.4607238769531,354.00215597451506,351.6871249628152,353.17134856141945,-0.8052547181081077,SPY,1,0.9777177290599979,0.7031245192834658,0.5772316567887856,0.009129870205244917,0.6318388378068748
2021-01-20,358.35223388671875,359.19235686721606,355.3650983033549,355.7571424001168,-0.5948205220486934,SPY,2,1.0755101822242614,1.0531745413938705,1.1296023062843232,0.8255669833880144,1.1457969644395591
2021-01-21,358.6789245605469,359.3417132448048,357.7547921391025,358.91229363565395,-0.8725996943472902,SPY,3,1.1450981162133282,1.075545580667738,1.0815001525393926,0.8465581337815852,0.03225935171592742
2021-01-22,357.409423828125,358.5762692472842,356.4386004629022,356.82132917887884,-0.7729596145667904,SPY,4,1.147289585579594,0.918125183897683,0.789908940404471,0.45935196358966646,-0.3544775116730964
2021-01-25,358.81903076171875,359.1737278876896,353.28349369377014,358.14692656984414,-0.42481276183202077,SPY,0,1.1713529285451978,1.0201738115109007,0.6348332993768966,-0.3927399149944935,0.2947442988569653
2021-01-26,358.2588806152344,360.1818395328205,358.02551153797936,359.77110767785683,-0.9753041571088491,SPY,1,1.1573562842343557,0.9485595876293492,0.7432725144023232,-0.20824695631594736,-0.18237713985078952
2021-01-27,349.50286865234375,355.01971706304266,347.2625312057877,354.9263637345536,0.626070145566924,SPY,2,0.8851785648308474,-0.05700184163870347,-0.3273146356072762,-0.4747175989012216,-2.1939250054494557
2021-01-28,352.50860595703125,356.5225420397905,350.8843665587644,351.3230730049077,0.04746938749168878,SPY,3,0.7417714930029543,0.18448136381200064,-0.009204052881824907,-0.7704490085596816,0.6962480440654054
2021-01-29,345.4515380859375,351.6124865949005,343.77126386307543,350.64166338752005,0.693827940238788,SPY,4,0.42031073509170747,-0.498050292991807,-0.917537816346756,0.21247493741732687,-1.80158887206619
2021-02-01,351.2018127441406,352.2379578048874,345.7409704717956,348.8587780208287,-0.3173291318305717,SPY,0,0.32011392701503594,-0.050137003436570564,-0.55455541815976,0.08652194498864871,1.3856919350974755
2021-02-02,356.1678771972656,357.7267951804312,351.2858142934959,354.3942778932452,-0.5429284511790227,SPY,1,0.37254813142138077,0.29834773530697156,0.19104507204698332,-0.9293177428042457,1.171580471751934
2021-02-03,356.447998046875,358.17493522490895,355.16913983278585,356.9987457492047,-0.7815613217169913,SPY,2,0.41331145415505544,0.31737567876942674,0.3616186204697771,-1.005894336982288,0.021407958880591927
2021-02-04,360.49932861328125,360.54599104806766,356.56005624166795,357.4841889550207,-0.8864430047701447,SPY,3,0.5496173167765191,0.5867719053244328,0.6705752687689477,-1.4092978476778213,0.9338725325073969
2021-02-05,361.9180603027344,362.62751135183896,360.45252427554254,362.3754830258099,-0.856132605232104,SPY,4,0.6858215404939987,0.6777912454816204,0.955923418083007,-1.0725683610678778,0.29401023624555256
2021-02-08,364.5318298339844,364.578492252833,362.51551765835177,363.37429987972564,-1.0606484139537473,SPY,0,0.8537146465489065,0.842530262374224,1.1980073478403084,-0.7673041179793756,0.5776098369519186
2021-02-09,364.28912353515625,364.88656203696013,363.2809816726569,363.69168503335237,-1.1164999693099549,SPY,1,0.9648760910590827,0.8172332023013884,1.1351999785515448,-0.7187261943480403,-0.10460360949744749
2021-02-10,364.1304016113281,366.1840607481003,361.7220454304173,366.0347011302047,-0.6480443293045627,SPY,2,1.0326645537910344,0.8002097927358356,0.9854005527764912,-1.0273413648237666,-0.08462621474479487
2021-02-11,364.71856689453125,365.6333840486648,362.28220709351234,365.21330826144924,-0.970382091180723,SPY,3,1.0865239352352876,0.839707473634546,0.8889975653201655,-1.027341364823767,0.09323681808372625
2021-02-12,366.5201110839844,366.76279552601454,363.84101044415263,363.9157044935719,-0.8179568237290781,SPY,4,1.1626885311152926,0.9607333974203726,0.9569347213563548,-0.8173418291305486,0.38075247428718373
2021-02-16,366.2027282714844,367.94835282080294,365.48396180113076,367.7523022937143,-0.8104328108526564,SPY,1,1.1963796679339884,0.9238047073099415,0.9334865860910804,-0.5981785545157339,-0.12198301175499128
2021-02-17,366.28680419921875,366.53883256205916,363.4303403165047,364.44785462236365,-0.7842704426814638,SPY,2,1.2076036257693437,0.9297094516530143,0.7087073440649801,-1.0679837875189615,-0.026891027159012575
2021-02-18,364.72784423828125,365.47461384883314,361.9460747372213,363.67301150998657,-0.636961742150266,SPY,3,1.1552851591362818,0.7410784005394572,0.46816399886087917,-1.391670159813132,-0.4169143499442082
2021-02-19,364.0837707519531,366.2774458183221,363.6356918594277,365.9880704358901,-0.16999661485133458,SPY,4,1.0792883287188604,0.663116056795968,0.4820909199632427,-1.219049495017394,-0.2001785087575098
2021-02-22,361.28338623046875,363.7010867969079,361.01267008578844,361.3113893842329,-0.48411174804191986,SPY,0,0.9254826905508061,0.33066606610907334,0.08135812954317471,-1.0313713127782014,-0.7168121207948404
2021-02-23,361.7220764160156,363.0756284840309,354.90771062947573,359.071007068001,0.3071877533604683,SPY,1,0.8027821594714377,0.3671707347064104,-0.2222250155078624,0.03918725981659047,0.05848964378562631
2021-02-24,365.7080078125,366.1374274308675,359.64041172948737,360.62989435018375,-0.384485561189443,SPY,2,0.8047561431285949,0.6873597500478786,0.2641219068544075,-0.6419168920410218,0.9041369360539504
2021-02-25,356.89599609375,365.8107122221224,355.44911916352476,364.43850086453193,1.088891210907014,SPY,3,0.5475478433839768,-0.2651434710257036,-0.3634806150307884,-0.0025277059088836917,-2.163270292593848
2021-02-26,355.0570373535156,359.9297848553106,353.0687567328293,358.7816272202917,1.2085906940486306,SPY,4,0.28463412751539735,-0.44120332405934704,-0.8510687545395608,0.32067881913376023,-0.4950763056760909
2021-03-01,363.6636962890625,364.9145796408334,355.2530939230072,359.9391348464769,0.26877777678505566,SPY,0,0.3114969502275991,0.23095704132642497,-0.12827100182765147,-0.7021929957577215,2.0314924480311793
2021-03-02,360.8259582519531,364.1211286457314,360.3218730437514,363.88775955697247,-0.24235296869879058,SPY,1,0.24598760752569604,-0.03638212282770267,-0.09393915943321168,-0.702192995757722,-0.7265715037225327
2021-03-03,356.0465393066406,361.0966209700066,355.9438421012048,360.12582613870484,0.5583738767191615,SPY,2,0.05471444610359348,-0.45871034806564615,-0.7530515805904459,-0.059065485779667325,-1.203864037488958
2021-03-04,351.64056396484375,358.4549301482067,347.14120097339406,355.8598669496521,1.818518020111584,SPY,3,-0.22249931175265442,-0.8173162456288139,-1.5219629559485752,0.9340503196469984,-1.1272992218191669
2021-03-05,358.10943603515625,359.164268572107,347.8505429486624,355.1503043030682,1.1954519535469392,SPY,4,-0.26066787002678143,-0.3298445562068032,-1.0826352689395544,0.7897383979952735,1.534979561567234
2021-03-08,356.32659912109375,361.8901102789775,356.04656760662095,359.0710219126789,0.6220630281843085,SPY,0,-0.34119399789554133,-0.4731500193316874,-0.6343096134083133,0.24314055954163857,-0.47988556803463983
2021-03-09,361.4140625,363.9717786646601,359.67778162011194,360.1818668416844,0.4332065340485177,SPY,1,-0.2624271079941,-0.11498414467631059,-0.11914159693164704,-0.1547386868508972,1.1833298152240623
2021-03-10,363.6636962890625,365.3626300474982,362.3475197320477,363.7663934988811,0.3590937171581619,SPY,2,-0.13888154160896354,0.035291237430160924,0.15611675514669224,-0.4159936892367095,0.4916354833034951
2021-03-11,367.3509216308594,369.3298867988707,365.6799911027068,366.13741385422924,-0.11037610659290469,SPY,3,0.05842282083370781,0.27299744098116835,0.6427680441169709,-1.1142763658509567,0.8285579591350674
2021-03-12,367.84564208984375,367.98565782730424,365.1759137374838,365.9880335021886,-0.5389014867563744,SPY,4,0.22225176346034445,0.30441433573531645,0.527722407592368,-1.0366921442375834,0.0699696834484834
2021-03-15,370.0393371582031,370.3007093782252,365.9507064763015,368.0976905345231,-0.36477149632489625,SPY,0,0.40535826829436633,0.4439607278085863,0.8012276795471116,-1.3856997633029249,0.4691332597161784
2021-03-16,369.57257080078125,371.36482917626194,368.79776959125195,370.65540662604104,-0.35891066540322036,SPY,1,0.5273011516040347,0.4006618391438676,0.96249958335379,-1.2067212226069346,-0.15633481814207348
2021-03-17,370.8327941894531,371.63557011212924,367.1362076288322,368.28439370276624,0.1221180744629293,SPY,2,0.6480870289713948,0.4831213804452625,0.8676292934798806,-1.3175675320759932,0.24857673005097425
2021-03-18,365.4372863769531,370.32869272760485,364.75583847059136,368.23771507922254,0.46725413122472825,SPY,3,0.5810112046392611,-0.012468442832323534,0.28188028273583005,-0.912084595678653,-1.318604512329093
2021-03-19,364.7611083984375,366.71846014757364,362.578969155588,365.13571611364415,0.4330259259842195,SPY,4,0.4991016193526681,-0.07205205915952806,-0.14227455668715558,-0.5622749460465247,-0.20751748975735898
2021-03-22,367.67376708984375,369.0598472746513,365.2200533338156,365.2762430701566,-0.35779724645738215,SPY,0,0.5065694914293281,0.13353159190948877,0.3134699154006736,-1.0235310219798353,0.6433282701920485
2021-03-23,364.7798767089844,368.48854216406016,363.9931918294677,367.0369263591319,-0.022223493583369995,SPY,1,0.4220759553139464,-0.12543127975707521,0.0010592896054582644,-0.8157345640002417,-0.7324851648283937
2021-03-24,362.925537109375,367.82361875706545,362.8787218556425,366.1846847460537,0.11476077672278283,SPY,2,0.2954810957288525,-0.28718963076774356,-0.22693033510791663,-0.627001771078648,-0.4890409225012244
2021-03-25,364.9671936035156,365.76322438235565,359.53528100576926,361.48328710314735,0.4827248989302696,SPY,3,0.24597383958182362,-0.13520421720457354,-0.4307403867894264,-0.09533528537129903,0.4399663459279992
2021-03-26,370.8486328125,371.2513354528067,365.51975365812234,366.1191203770628,0.448597913593928,SPY,4,0.3644899613744956,0.2749679614662885,0.5762454487473123,-1.1911347771891134,1.3403840734665506
2021-03-29,370.66131591796875,371.5697547729306,367.87980961613647,369.3688948067096,0.32353179082745126,SPY,0,0.4440853422126591,0.25769392999230256,0.6628072647658205,-1.2490886174347007,-0.09065110086093855
2021-03-30,369.6779479980469,370.3522533875979,368.0764548349009,369.3876248451176,-0.30850513783200384,SPY,1,0.4700842650061759,0.16526649072443167,0.5105023250219209,-1.249088617434701,-0.27732580832525155
2021-03-31,371.1763916015625,372.74041546812293,370.2211375092786,370.2492323772652,0.41535610624304775,SPY,2,0.5229946033772936,0.2712657435664263,0.7627180093698708,-1.1122022730583054,0.30420116490089694
2021-04-01,375.1847839355469,375.2410022566375,372.9090137092309,373.1150522840873,0.15632643266340523,SPY,3,0.6663701808882305,0.5443871698300882,1.0777974334415303,-0.668244420156212,0.8852389607968951
2021-04-05,380.56982421875,381.11302977511093,377.7789720579834,377.85388217916733,-0.002412178222662698,SPY,0,0.9173736240031577,0.8810746819509164,1.5734513336966538,0.209454001874462,1.1897891977726667
2021-04-06,380.3450622558594,381.3939754285536,379.670756847593,380.0079238420964,-0.5911508043466349,SPY,1,1.0934248803147721,0.8583239673161583,1.4072207603179765,0.24723087590276221,-0.09807336398797004
2021-04-07,380.78521728515625,381.13173016634283,379.71758377503375,380.17647612247123,-0.7138987928372845,SPY,2,1.2272862105391296,0.8857346178166741,1.2338092400543752,0.24723087590276221,0.05354917156477796
2021-04-08,382.5927734375,382.6489631784164,381.10368814172836,382.04022193132636,-0.6736728120988739,SPY,3,1.3646938962638135,0.9987813661763848,1.2166289904007086,0.4680504592772552,0.3641181389284579
2021-04-09,385.37420654296875,385.5428043143524,382.3492212703383,382.47097521271746,-0.6093386318326619,SPY,4,1.530468336050572,1.168109244929732,1.2778757466641433,0.8614022332351664,0.581741929029441
2021-04-12,385.51470947265625,385.786283641801,384.1660987859309,384.7748399171258,-0.6966596538648238,SPY,0,1.642942413430246,1.1766207293518212,1.1821245913442402,0.8935371193301997,-0.015180189889063946
2021-04-13,386.6573181152344,387.2848083159337,385.02775850316095,385.4117407781049,-0.6997141133258664,SPY,1,1.740316451428417,1.2469705089017828,1.1178116512175653,1.0934092130279398,0.20999067877401134
2021-04-14,385.3368225097656,387.68750278516484,384.7936169300577,386.6292150757349,-0.5983175705024668,SPY,2,1.756072678525025,1.0924357000299985,0.9194791942730983,1.1473678270053262,-0.3436608217857629
2021-04-15,389.476318359375,389.74792117202105,387.43468147433254,387.4814967334206,-0.6267008224533259,SPY,3,1.8599422377412902,1.3498439165441642,0.9883607285289866,1.418596045404361,0.8803783627797898
2021-04-16,390.7780456542969,391.38678681954315,389.34515029209115,390.7686711718235,-0.19388649693877533,SPY,4,1.9525385449686918,1.4274504623512456,0.9544367710599287,1.6216085186016633,0.24272213174204302
2021-04-19,388.8581237792969,390.2910191020154,387.52826201872847,389.84150124750823,-0.26412120220672863,SPY,0,1.9454195191504877,1.1982585531267225,0.7131612581595245,1.0371504864319265,-0.47418290253222395
2021-04-20,386.0110168457031,388.745678600807,384.5312779427877,387.64057595430245,-0.19756812286485348,SPY,1,1.8344047921346216,0.8695057160800882,0.4493426402140184,0.1638782689826462,-0.6844736088992077
2021-04-21,389.66357421875,389.8696127711152,385.2524800177592,385.3929829340343,-0.4964407293102743,SPY,2,1.8244826201161088,1.1075612634908203,0.5038302587613227,0.34971781855224804,0.7704006316332362
2021-04-22,386.1047668457031,390.3285432917998,385.03713321050617,389.4950430989676,0.11464566389059279,SPY,3,1.6928058732302138,0.7138365984087419,0.35830961058029687,0.42652634900909314,-0.8429503489220495
2021-04-23,390.2910461425781,391.7052211795834,386.59175516511834,386.6666652858134,-0.3690981510520393,SPY,4,1.6831906985487919,0.9852098778833496,0.4625531923927685,0.656926874396697,0.8889459423982528
2021-04-26,391.10577392578125,391.67707427054285,390.35655849541547,390.9465792226784,-0.7864178924130092,SPY,0,1.675309940732242,1.0362895267763514,0.5047633326739506,0.6569268743966965,0.13413763072186524
2021-04-27,391.02154541015625,391.602220319812,389.87897313751233,391.40552766202535,-0.8038693947138206,SPY,1,1.643812674441298,1.0267390699901788,0.4325301667108021,0.492671246734542,-0.06550018441648701
2021-04-28,390.9090881347656,392.4169219739878,390.44082137164764,391.2930703102106,-0.8051435746839242,SPY,2,1.5933842991538332,1.0135846659647756,0.4117254820234611,0.6482976708224659,-0.07177011971556478
2021-04-29,393.4003601074219,394.0184758048344,390.01011254525065,393.6438680253927,-0.26321220777322796,SPY,3,1.6012971440007184,1.1788869741296297,0.45127908472321204,0.9434030306294641,0.5044395812755625
2021-04-30,390.8154602050781,391.9767813050414,389.9163959508624,391.1245322985736,-0.12462628133643086,SPY,4,1.5132921460241728,0.8726762267172516,0.30242537556691346,0.9068415378704671,-0.6188468802928383
2021-05-03,391.6584167480469,393.19431720102517,391.1620550150992,392.8103349425953,-0.46993897675452145,SPY,0,1.4467181155478277,0.9313532630466244,0.34844592112316364,1.1343288452663758,0.14014945069994625
2021-05-04,389.2420959472656,390.1599091777435,385.5428053216485,389.6635475057194,0.19420053915793312,SPY,1,1.306816453668531,0.6480396872660644,0.03515802325972541,-0.7759686259431581,-0.5838104320258618
2021-05-05,389.3638610839844,391.12454890125105,388.8019351834701,390.89041549109834,-0.6280424823595409,SPY,2,1.1818269898119922,0.6571859461565809,0.12644360578459513,-0.5568143945752103,-0.019670210932562975
2021-05-06,392.47320556640625,392.60430542945204,387.42527493393436,389.43881678077094,-0.34702427312759665,SPY,3,1.153246574992722,0.8872809034806051,0.2024322700700316,-0.23073799875512327,0.6433791278976987
2021-05-07,395.32958984375,395.98517484775925,392.5574581716832,393.24113804267915,-0.47776863404744774,SPY,4,1.1934728433168147,1.0871822667027988,0.5759286243781714,0.4273290998883569,0.5824269429607069
2021-05-10,391.414794921875,395.91014407878123,391.2930409996669,395.68538519515585,-0.1975562146408338,SPY,0,1.0983513400486613,0.6256164375268355,0.37921888239178464,0.0349712037525117,-0.9103711067671025
2021-05-11,387.921630859375,388.9143543332636,384.0350215703877,386.8820921309742,0.4977967411311523,SPY,1,0.9100282833974519,0.2431598598735989,-0.37573561183543525,-1.0735413305521246,-0.8246872769850635
2021-05-12,379.6801452636719,386.40445062739644,378.3596292664934,385.13077846545326,0.8535152396384222,SPY,2,0.5184348998594768,-0.5494225988533722,-1.2537759990990303,-0.09966190565930355,-1.9101844498790297
2021-05-13,384.2411193847656,386.17975137696357,381.1880097882073,381.23485363068426,0.289521903027303,SPY,3,0.329011925697665,-0.19036124860405762,-1.0212648414317724,-0.09966190565930355,0.9893517924857608
2021-05-14,390.1412048339844,390.99345394959835,386.9569958994236,386.9850907678179,-0.19062562826139184,SPY,4,0.3374810723929669,0.2299122237082348,-0.13391929206077205,-1.1366174683534969,1.2754740206350932
2021-05-17,389.1485290527344,389.96333749747583,387.12561253828784,389.0268036619401,-0.5294622345167908,SPY,0,0.30870964975810794,0.13877643175418808,-0.29605885721242603,-1.1366174683534966,-0.26787702868859625
2021-05-18,385.7956848144531,389.6541989870204,385.63646151399263,389.41069108540063,-0.6350286404510747,SPY,1,0.18528151431605097,-0.16273865147933406,-0.7272275630768735,-0.8572716615552627,-0.7976714926652196
2021-05-19,384.78424072265625,384.9621844206521,379.60521025643015,381.0943240619195,0.2909727216536982,SPY,2,0.054382924816850274,-0.2517976648150112,-1.6938475719927757,0.11064412826217544,-0.27460262684294184
2021-05-20,388.9237060546875,390.18803224068034,385.5428331837092,385.66455855446543,-0.2735743473743352,SPY,3,0.0627436116181244,0.050878394339114216,-0.5284395539096292,-0.9395656867880438,0.8816959751495294
2021-05-21,388.60528564453125,391.6583945728601,388.1463932893185,390.4127887790832,-0.30222354966163334,SPY,4,0.05581808162080154,0.021657910661136755,-0.23459414227834527,-1.2037954715370018,-0.11788270394959323
2021-05-24,392.56683349609375,393.64384150721315,390.609452962444,390.85296086401064,-0.802408652567409,SPY,0,0.15633151076282278,0.3015342049176956,0.48355217689695856,-1.2681041605661314,0.8332965263993926
2021-05-25,391.69586181640625,394.0091012947467,391.1152154711999,393.6532139010418,-0.6818438384803637,SPY,1,0.20513235723834533,0.2183520812645756,0.42345526770491604,-1.203863622220497,-0.23954391721353002
2021-05-26,392.47320556640625,392.9789132133939,391.2463486400701,392.2858873840644,-0.9669029050629792,SPY,2,0.2588207450023575,0.27387187266161656,0.36467103512353444,-1.2038636222204984,0.1252244034195692
2021-05-27,392.67919921875,394.0184354690083,392.3982219773763,393.5033533975978,-0.696604082152732,SPY,3,0.29979587355148196,0.2888947725866898,0.5126098251491654,-1.0036130356272477,-0.0012791078469978172
2021-05-28,393.38165283203125,394.51485069134986,393.14751938948444,394.25262237892713,-0.6606313220933431,SPY,4,0.34418608656098876,0.3412287798983441,0.6137173006488005,-0.906209361357196,0.10827619554912123
2021-06-01,393.03509521484375,395.89151145679193,392.59492324968153,395.7510371233868,-0.746045043578356,SPY,1,0.3614969591873864,0.3041655033780692,0.5666621123369087,-0.6348767184152243,-0.12328876984159294
2021-06-02,393.6531982421875,394.49610143827164,392.67922377059676,393.69066759286113,-0.847651965026103,SPY,2,0.38429174529183474,0.3526214689790153,0.44958696827086253,-0.6348767184152242,0.08954451267390807
2021-06-03,392.19219970703125,393.334771942257,389.8602399847774,391.33060472483857,-0.6682009831618402,SPY,3,0.353152628037559,0.1902556832322658,-0.027434781476889998,-1.3312310460054786,-0.3694572375265816
2021-06-04,395.77911376953125,396.0788113874911,392.25773821034744,394.04652085532695,-0.7118644712339259,SPY,4,0.4208611258055785,0.4752825920614481,0.6321453175491559,-0.7492578942935739,0.7431895923017654
2021-06-07,395.3951721191406,395.9477235822755,394.4586384024901,395.7697798896526,-0.7988699253295668,SPY,0,0.4545251581669987,0.43154155812735817,0.6856805763923511,-0.7492578942935744,-0.13102915127920572
2021-06-08,395.47943115234375,396.3504005931343,393.64383318900553,396.256741511377,-0.8866077352024166,SPY,1,0.4741871682107627,0.43834307393175403,0.5867726619033694,-0.9628452353469702,-0.028321391869076222
2021-06-09,394.8894348144531,396.39726895606424,394.66467586891736,396.3223302537251,-0.860766889079755,SPY,2,0.4638549072543704,0.36751874654213096,0.5488767252869967,-0.9517586697190487,-0.17635955479663376
2021-06-10,396.7250061035156,397.68028871902106,394.79574906929327,396.11626494663284,-0.8094861070430934,SPY,3,0.4977716113563606,0.5218954455518187,0.6946685474347165,-0.6443494304571801,0.35560227076082634
2021-06-11,397.3805847167969,397.4929641801739,395.9851587453018,397.2775797356141,-0.9176385822936467,SPY,4,0.5330685915851958,0.5766820813633524,0.7289832239456618,-0.6443494304571787,0.09646089884957929
2021-06-14,398.2702941894531,398.37329916833056,396.24737815172665,397.4929552839291,-0.9813932289909018,SPY,0,0.5755729046459019,0.6516595030514503,0.7574223103927833,-0.42429983846905983,0.14725080650752348
