date,close,high,low,open,volume,tic,day
2015-01-02,170.589599609375,171.79369351311453,169.5515963619706,171.37849221415277,121465900,SPY,4
2015-01-05,167.50881958007812,169.709381481765,167.20157466159998,169.5433034899103,169632600,SPY,0
2015-01-06,165.9310760498047,168.33923884704024,165.13388387080252,167.8160810836032,209151400,SPY,1
2015-01-07,167.99880981445312,168.33927804679539,166.8113397414279,167.25975173526342,125346700,SPY,2
2015-01-08,170.9799346923828,171.19584753387758,169.39387494423588,169.41047387747284,147217800,SPY,3
2015-01-09,169.6097412109375,171.41171344037704,168.99523868858634,171.39510183951919,158567300,SPY,4
2015-01-12,168.28111267089844,169.90040817449798,167.67492220963433,169.74262962422395,144396100,SPY,0
2015-01-13,167.8078155517578,170.63118027606808,166.50407694778815,169.5018318521555,214553300,SPY,1
2015-01-14,166.7947235107422,166.9940247641113,164.89310648474734,165.7899304475522,192991100,SPY,2
2015-01-15,165.2667694091797,167.74966568087137,165.15051352359154,167.43412123195563,176613900,SPY,3
2015-01-16,167.4341278076172,167.59190637374212,164.87648555328985,165.05917519080907,211879600,SPY,4
2015-01-20,167.79115295410156,168.33922172950153,166.22169249432056,168.0734868065421,130991100,SPY,1
2015-01-21,168.63812255859375,169.1197574758072,166.8610619120852,167.3260852332747,122942700,SPY,2
2015-01-22,171.14601135253906,171.27886616224333,168.0153894461542,169.3938610482265,174356000,SPY,3
2015-01-23,170.20761108398438,171.1459700168589,170.07474363543025,170.88853458368385,117516800,SPY,4
2015-01-26,170.60617065429688,170.69751542519236,169.27753441601305,169.99168098730456,92009700,SPY,0
2015-01-27,168.3558349609375,169.50178198222102,167.52543232505212,168.5468240193283,134044600,SPY,1
2015-01-28,166.19677734375,169.64294309619982,166.0057882919043,169.54329883800872,168514300,SPY,2
2015-01-29,167.73304748535156,167.99047029738128,164.9844038793491,166.39609861915292,173585400,SPY,3
2015-01-30,165.62380981445312,167.88250608803452,165.35808754923485,166.5538694200649,197729700,SPY,4
2015-02-02,167.67491149902344,167.7662563027714,164.30347856768063,166.12206250624723,163107000,SPY,0
2015-02-03,170.0996856689453,170.10799780532918,168.1980690651613,168.57174774518685,124212900,SPY,1
2015-02-04,169.4519500732422,170.54808757140913,168.9952261156726,169.33569421776428,134306700,SPY,2
2015-02-05,171.16258239746094,171.3120614565671,170.04154647338692,170.11627966747085,97953200,SPY,3
2015-02-06,170.68923950195312,172.09262177973125,170.16608186277418,171.52794148061264,125672000,SPY,4
2015-02-09,169.92527770996094,170.76397972317702,169.51837589928564,170.04153356001996,87219000,SPY,0
2015-02-10,171.73561096191406,171.99303381743493,169.9668488410305,170.96334239535142,96164200,SPY,1
2015-02-11,171.8352508544922,172.2670638722587,170.9218153476472,171.56952853882618,91087800,SPY,2
2015-02-12,173.4877166748047,173.54585094120173,171.86843407362545,172.6324029759526,97545900,SPY,3
2015-02-13,174.2018585205078,174.2516806497601,173.35484431040433,173.61227976310488,93670400,SPY,4
2015-02-17,174.47589111328125,174.6502812348143,173.63718904727858,173.88629969098562,76968200,SPY,1
2015-02-18,174.4924774169922,174.56721059927023,173.83645236116595,174.10218723718071,80652900,SPY,2
2015-02-19,174.3679656982422,174.73334493517586,173.75347577334497,173.8946427201711,91462500,SPY,3
2015-02-20,175.4142608642578,175.4889940619526,173.32994209721713,173.95274408655172,140896400,SPY,4
2015-02-23,175.3893280029297,175.3893280029297,174.78312501890014,175.16511576676893,74411100,SPY,0
2015-02-24,175.88760375976562,176.0869049805219,175.01567834149998,175.3146238371642,72472300,SPY,1
2015-02-25,175.73812866210938,176.2446748194243,175.3976605117466,175.7630397296052,73061700,SPY,2
2015-02-26,175.53048706054688,175.8045214100494,174.92428410364582,175.6467429054022,72697900,SPY,3
2015-02-27,174.93258666992188,175.6965554187468,174.8827645492714,175.4308205473628,108076000,SPY,4
2015-03-02,176.0369873046875,176.09510887652675,174.9823728408216,175.03219495123622,87491400,SPY,0
2015-03-03,175.3145751953125,176.08685612439723,174.4509621535296,175.60522114440676,110325800,SPY,1
2015-03-04,174.5755615234375,174.79147434157974,173.60399185461756,174.71672846633203,114497200,SPY,2
2015-03-05,174.76651000976562,175.0488438095076,174.2599639944939,174.899364775509,76873000,SPY,3
2015-03-06,172.30859375,174.33477875927844,171.97643767379853,173.90296572346284,188128000,SPY,4
2015-03-09,173.02273559570312,173.37980273350237,172.3501113251944,172.50788989154913,89818900,SPY,0
2015-03-10,170.21597290039062,171.7356116386825,170.17445022363998,171.65257895612314,157121300,SPY,1
2015-03-11,169.8173370361328,170.64773966222637,169.73429170514805,170.47334953553377,110145700,SPY,2
2015-03-12,171.97640991210938,172.0428309798738,170.39863712749272,170.44845926378608,93993500,SPY,3
2015-03-13,170.9217987060547,172.66563686984932,169.88379527369824,171.70237931453718,162410900,SPY,4
2015-03-16,173.2053985595703,173.29674336439572,170.94670217746943,171.65254954847836,136099200,SPY,0
2015-03-17,172.69053649902344,173.07251461307354,171.87673279859945,172.46632424107491,94510400,SPY,1
2015-03-18,174.76651000976562,175.43913398541872,171.5777548841367,172.217168336088,228808500,SPY,2
2015-03-19,173.9693603515625,174.7748519597055,173.57907008077407,174.35135115714198,117917300,SPY,3
2015-03-20,175.5050048828125,176.0138122504992,174.73762557421168,174.92113070534475,177715100,SPY,4
2015-03-23,175.16299438476562,176.0888564356137,175.16299438476562,175.51331884623505,71784500,SPY,0
2015-03-24,174.1787109375,175.4965924373723,174.11198066589287,175.0378425022575,77805300,SPY,1
2015-03-25,171.62632751464844,174.62078961866382,171.58463223103246,174.3872400294228,159521700,SPY,2
2015-03-26,171.21763610839844,172.1351487904997,170.25840268427095,170.959064236829,153067200,SPY,3
2015-03-27,171.6096954345703,171.78485130454047,170.90903377218643,171.10088812358376,118939000,SPY,4
2015-03-30,173.70327758789062,174.00355747241264,172.62728209272788,172.64395511645202,96180400,SPY,0
2015-03-31,172.1851806640625,173.5781544274123,172.1267996300139,172.87749292634174,126768700,SPY,1
2015-04-01,171.57632446289062,172.17688433109578,170.5837321049543,172.15186206387898,137303600,SPY,2
2015-04-02,172.1935272216797,172.64394064696353,171.32604641576557,171.50955148134364,86900900,SPY,3
2015-04-06,173.3529510498047,173.87009478388543,171.16758858385168,171.30103640950233,114368200,SPY,0
2015-04-07,172.89419555664062,174.12867390596068,172.86083678071282,173.37798053634026,81236300,SPY,1
2015-04-08,173.47805786132812,173.92013479560092,172.7273645424683,173.11939695248358,89351900,SPY,2
2015-04-09,174.24542236328125,174.4789719419565,172.81910263119292,173.31122404858024,85548900,SPY,3
2015-04-10,175.1963348388672,175.23804285485818,174.29550787645925,174.49568598921678,72722900,SPY,4
2015-04-13,174.40394592285156,175.68848163327957,174.3539013910817,175.0545502908604,74436600,SPY,0
2015-04-14,174.73757934570312,174.92108442828817,173.57816781164263,174.20374984931914,75099900,SPY,1
2015-04-15,175.52162170410156,176.0304289088538,175.12125278597637,175.20466881068924,99529300,SPY,2
2015-04-16,175.47158813476562,175.98039537128213,174.98780316172542,175.1879939970349,68934900,SPY,3
2015-04-17,173.45301818847656,174.5206770237968,172.66895344714823,174.27879093833246,191113200,SPY,4
2015-04-20,175.037841796875,175.37148042606813,174.2954850285471,174.37888832209643,92189500,SPY,0
2015-04-21,174.82936096191406,175.88033437809258,174.52908102479145,175.72185153245826,72559800,SPY,1
2015-04-22,175.68850708007812,175.8720122081468,174.24548832503785,175.17135047938353,78264600,SPY,2
2015-04-23,176.13052368164062,176.78112792054011,175.17129034557237,175.28806513902873,102585900,SPY,3
2015-04-24,176.53929138183594,176.80621256248196,176.08887779887377,176.54764062342014,61327400,SPY,4
2015-04-27,175.80519104003906,177.23151057480658,175.61333676963517,177.10639929193076,79358100,SPY,0
2015-04-28,176.36404418945312,176.41408870304048,174.60407333915512,175.78017031844107,86863500,SPY,1
2015-04-29,175.63839721679688,176.23894418916066,174.82931019691418,175.47156517878173,125684900,SPY,2
2015-04-30,173.87844848632812,175.45491471931282,173.17778692805777,175.0628822890601,161304900,SPY,3
2015-05-01,175.7635498046875,175.8052578239885,174.56243012282167,174.66251918714363,103399700,SPY,4
2015-05-04,176.2639617919922,176.8478356849652,176.08045675027265,176.18888229129143,70927200,SPY,0
2015-05-05,174.24542236328125,176.38075279723677,174.1036253139068,176.02207919087996,113326200,SPY,1
2015-05-06,173.52810668945312,175.10457288015732,172.4604477204841,174.79595648791593,135060200,SPY,2
2015-05-07,174.22042846679688,174.64583241167458,173.09438839932545,173.42802707246523,88244900,SPY,3
2015-05-08,176.5142364501953,176.71442729863688,175.81358757189997,175.8970036072923,155877300,SPY,4
2015-05-11,175.67181396484375,176.73947317751276,175.5967471594612,176.4725647380964,75708100,SPY,0
2015-05-12,175.1463165283203,175.68849536236291,174.011927052056,174.8377000732893,119727600,SPY,1
2015-05-13,175.17967224121094,176.1806010470727,174.94612261075986,175.55501895247156,94667900,SPY,2
2015-05-14,177.00636291503906,177.0981154589378,175.92201814009934,176.19727577179555,95934000,SPY,3
2015-05-15,177.1982421875,177.34003928958066,176.71445710113534,177.1982421875,76510100,SPY,4
2015-05-18,177.7487030029297,177.99892561949312,176.96463819770213,177.03136847128513,74549700,SPY,0
2015-05-19,177.69029235839844,178.1407184804143,177.40669826823859,177.8654609008484,72114600,SPY,1
2015-05-20,177.56520080566406,178.31589412249807,177.24823518289043,177.79040116421515,76857500,SPY,2
2015-05-21,178.0823974609375,178.29092485843273,177.2566243849555,177.42345648495353,64764600,SPY,3
2015-05-22,177.65696716308594,178.1157171548957,177.5902368832319,177.69866245143265,57433500,SPY,4
2015-05-26,175.74684143066406,177.59022873549696,175.32978674633526,177.16482481188226,124308600,SPY,1
2015-05-27,177.41506958007812,177.64861919749248,175.79689528263626,176.20561347686115,93214000,SPY,2
2015-05-28,177.21487426757812,177.3232998260336,176.52256199475443,177.10643598162432,74974600,SPY,3
2015-05-29,176.1138458251953,177.18984127544758,175.84693745426003,177.14814599037848,124919600,SPY,4
2015-06-01,176.4725341796875,177.11478926230401,175.6801200573042,176.78115058893178,93338800,SPY,0
2015-06-02,176.29734802246094,176.9896602917937,175.3881719098124,176.01375390562535,91531000,SPY,1
2015-06-03,176.7644500732422,177.39003207918975,176.27232861649642,176.8311803478431,87820900,SPY,2
2015-06-04,175.2714080810547,176.71441374466318,174.95444244387514,176.0554729346047,151882800,SPY,3
2015-06-05,174.97109985351562,175.64672630543546,174.31214642269472,175.12123340838804,121704700,SPY,4
2015-06-08,173.8951416015625,175.01285798264342,173.82007480262817,174.86271165727408,89063300,SPY,0
2015-06-09,173.8701171875,174.41229598171893,173.23619856960607,173.8701171875,105034700,SPY,1
2015-06-10,175.95533752441406,176.33903336595446,174.5790624015452,174.63744342868372,134551300,SPY,2
2015-06-11,176.52256774902344,176.90625092683163,176.163894106291,176.39744370865216,73876400,SPY,3
2015-06-12,175.1713104248047,176.39745226039358,174.89605279564194,175.69680341934261,135382400,SPY,4
2015-06-15,174.4206085205078,174.7042026478883,173.31957805773825,174.02857610368824,124384200,SPY,0
2015-06-16,175.37147521972656,175.45489123829736,174.09528904607768,174.2704448665799,85308200,SPY,1
2015-06-17,175.6551055908203,176.26401465162957,174.62915453353233,175.6551055908203,126708600,SPY,2
2015-06-18,177.4818115234375,177.9489107889611,175.6884812588379,176.25566958768786,165867900,SPY,3
2015-06-19,176.69395446777344,177.3142025510205,176.3167819370388,177.23877060275584,130478700,SPY,4
2015-06-22,177.59912109375,178.18583515828453,177.38957944288714,177.6158880068531,70696000,SPY,0
2015-06-23,177.7248992919922,178.06017371704328,177.330972625351,177.80872109560786,68476800,SPY,1
2015-06-24,176.43411254882812,177.83384957921308,176.40896856781723,177.45667707463926,92307300,SPY,2
2015-06-25,175.89767456054688,177.06272583076822,175.82224262255068,176.93700593410784,97107400,SPY,3
2015-06-26,175.86410522460938,176.5011071751135,175.3109122523945,176.25803172244056,104174800,SPY,4
2015-06-29,172.17623901367188,175.87255802519303,172.1008070639049,174.38062200143642,202621300,SPY,0
2015-06-30,172.53663635253906,173.76874253924814,172.05887515020245,173.7184417894679,182925100,SPY,1
2015-07-01,173.9196014404297,174.36382879685968,173.13172264543013,174.1123762127988,135979900,SPY,2
2015-07-02,173.7603302001953,174.56497583022008,173.34124686546352,174.39734505420904,104373700,SPY,3
2015-07-06,173.265869140625,174.04535824817208,172.26844844561646,172.46961311340883,117975400,SPY,0
2015-07-07,174.35540771484375,174.48112758042944,171.0781734649074,173.46695322628753,173820200,SPY,1
2015-07-08,171.43023681640625,173.29934500568518,171.19555115987836,173.01437139267406,164020100,SPY,2
2015-07-09,171.74037170410156,173.79389058964972,171.6314187172179,173.5340481393017,144113100,SPY,3
2015-07-10,173.90280151367188,174.32188481108537,171.78224105191214,173.74354781434957,129456900,SPY,4
2015-07-13,175.8221893310547,175.93114227866695,175.12650960510456,175.16842048775808,106069400,SPY,0
2015-07-14,176.58497619628906,176.89510661068846,175.72166541098707,175.78034322620687,81709600,SPY,1
2015-07-15,176.5262908935547,177.08786105321775,176.04852973105105,176.62686680590957,97914100,SPY,2
2015-07-16,177.94277954101562,177.94277954101562,177.33929853939924,177.58236123671878,106683300,SPY,3
2015-07-17,178.09368896484375,178.15236678334605,177.52374164493582,177.93443521680734,89030000,SPY,4
2015-07-20,178.1858367919922,178.68035202310475,177.86734217655754,178.3199465192318,70446800,SPY,0
2015-07-21,177.48182678222656,178.3116165505911,177.18008621094953,178.05177408941046,77965000,SPY,1
2015-07-22,177.16331481933594,177.4985892175164,176.76099833092994,176.7945193760427,88667900,SPY,2
2015-07-23,176.1658477783203,177.39795368898996,175.80544228347227,177.29737779078255,90509100,SPY,3
2015-07-24,174.3386993408203,176.32515062050572,174.00343772708302,176.26648559333654,117755000,SPY,4
2015-07-27,173.32452392578125,173.96153894141415,172.88029650141178,173.4502566317459,132361100,SPY,0
2015-07-28,175.45343017578125,175.5959169746355,173.3328695285481,174.16264634478205,123544800,SPY,1
2015-07-29,176.66033935546875,176.8866350797686,175.43661075887195,175.5790975150845,105791300,SPY,2
2015-07-30,176.70228576660156,176.86991652588898,175.52884487277532,176.14909275048663,91304400,SPY,3
2015-07-31,176.43411254882812,177.23036845613078,176.14913890443106,177.20522447511988,103266900,SPY,4
2015-08-03,175.83897399902344,176.45922191758902,174.88346453980012,176.4005569032075,113965700,SPY,0
2015-08-04,175.4953155517578,176.22451635440734,175.00917742018927,175.76352219607455,81820800,SPY,1
2015-08-05,176.07373046875,177.11304926105268,175.7887439968943,176.39222520054653,85786800,SPY,2
2015-08-06,174.6320037841797,176.36700187207867,174.0452769744549,176.25803612923153,116030800,SPY,3
2015-08-07,174.29676818847656,174.6236527001802,173.3915465892797,174.47278882835204,117858000,SPY,4
2015-08-10,176.49273681640625,176.57654579787817,175.4114948033438,175.4114948033438,80270700,SPY,0
2015-08-11,174.9002227783203,175.5707586157841,174.1374881033377,175.15167531604513,126081400,SPY,1
2015-08-12,175.1098175048828,175.29421523581243,172.12594555261967,173.59273754629822,172123700,SPY,2
2015-08-13,174.8918914794922,175.63785943664448,174.3470753736282,174.95055650631437,89383300,SPY,3
2015-08-14,175.5288543701172,175.60428629746687,174.55657800847317,174.69906480104737,72786500,SPY,4
2015-08-17,176.50953674316406,176.50953674316406,174.4727976342311,174.93379191487742,79072600,SPY,0
2015-08-18,175.9982452392578,176.58495938855856,175.76355957953749,176.2329308989781,71692700,SPY,1
2015-08-19,174.60687255859375,176.0233633719876,173.79384993200853,175.2522516333577,172946000,SPY,2
2015-08-20,170.96090698242188,174.58178141122372,170.90222915934876,173.08984532300005,194327900,SPY,3
2015-08-21,165.81451416015625,170.93571303467735,165.55468453829255,169.08335906329378,346588500,SPY,4
2015-08-24,158.8325653076172,165.5211309675056,152.88157753389092,157.14785510299993,507244300,SPY,0
2015-08-25,156.9634246826172,163.81961966834115,156.67006132802624,163.80285275937484,369833100,SPY,1
2015-08-26,162.98989868164062,163.26648243214422,157.88545386603704,160.99505788498155,339257000,SPY,2
2015-08-27,167.02149963378906,167.14721953638156,163.61854451657695,165.13562435844057,274143900,SPY,3
2015-08-28,167.0298309326172,167.49920215957198,165.8899239002669,166.37606203944344,160414400,SPY,4
2015-08-31,165.6803436279297,166.90407214663924,165.12715075826358,166.04913887437377,163298800,SPY,0
2015-09-01,160.73524475097656,163.24974505608074,159.86354414980423,161.8667622146275,256000400,SPY,1
2015-09-02,163.78614807128906,163.82805896165158,161.2800251847447,163.1239892560224,160269300,SPY,2
2015-09-03,163.9034881591797,165.99890474830394,163.40897291360426,164.49857930842256,152087800,SPY,3
2015-09-04,161.42251586914062,162.48699112083295,160.60111611376172,161.64044738851246,207081000,SPY,4
2015-09-08,165.47921752929688,165.63009416033984,163.58496571100363,164.2303575421744,116025700,SPY,1
2015-09-09,163.26646423339844,167.18909052015616,162.89768167736435,167.06337064757716,149347700,SPY,2
2015-09-10,164.15493774414062,165.30322192163933,162.81386603554935,163.0736956416046,158611100,SPY,3
2015-09-11,164.90087890625,164.9679337597962,163.04852534657667,163.7609719747754,119691200,SPY,4
2015-09-14,164.2890625,165.12722926243146,163.8029242430606,165.07694130299114,79452000,SPY,0
2015-09-15,166.34255981445312,166.786787118012,164.24714317902138,164.79194638847036,113806200,SPY,1
2015-09-16,167.78419494628906,167.97698248541326,166.300649174541,166.6443005727278,99581600,SPY,2
2015-09-17,167.4070281982422,170.05563798888642,167.02985574836006,167.6501036986477,276046600,SPY,3
2015-09-18,164.67132568359375,167.39267480976977,164.25849712014326,164.89039016793595,223657500,SPY,4
2015-09-21,165.5222625732422,166.55012997537312,164.46910762492797,165.50540849441848,105726200,SPY,0
2015-09-22,163.37388610839844,163.83727703326133,162.2364731888168,163.34861140848776,153890900,SPY,1
2015-09-23,163.11265563964844,164.01414965722748,162.53131200810208,163.54233826231925,92790600,SPY,2
2015-09-24,162.52291870117188,162.98630959849973,160.5514150898855,161.89102552915193,159378800,SPY,3
2015-09-25,162.48081970214844,164.29224184163175,161.60458721302194,163.98893257322655,155054800,SPY,4
2015-09-28,158.40298461914062,161.68883701149747,158.0912547506794,161.57930474164885,178515900,SPY,0
2015-09-29,158.4956512451172,159.86054921571466,157.49304537211324,158.62203759093322,159045600,SPY,1
2015-09-30,161.452880859375,161.62138309093592,159.60775121242682,160.3912923743384,163452000,SPY,2
2015-10-01,161.8742218017578,162.17753110883018,159.9279924380028,161.83209300935007,131079000,SPY,3
2015-10-02,164.29220581054688,164.31748050604588,159.33815979837223,159.8858081979462,211003300,SPY,4
2015-10-05,167.2157745361328,167.4432596637084,165.412773310527,165.5223055674891,126320800,SPY,0
2015-10-06,166.642822265625,167.64542791844002,165.97723393840553,167.080938360951,110274500,SPY,1
2015-10-07,168.00772094726562,168.36157949934756,166.38164287423808,167.57802546153314,124307300,SPY,2
2015-10-08,169.5242919921875,169.8107471213442,167.3168699496485,167.6201791616669,153055200,SPY,3
2015-10-09,169.6254119873047,170.10564413377404,168.99351878791342,169.66754077177745,107069200,SPY,4
2015-10-12,169.7854766845703,169.9876742603897,169.27153641953146,169.7012191240464,56395600,SPY,0
2015-10-13,168.7154083251953,170.3246320343359,168.54690611902066,169.0524127375446,88038700,SPY,1
2015-10-14,167.90663146972656,169.23782116366917,167.61175573204258,168.65647744574315,99106200,SPY,2
2015-10-15,170.4847412109375,170.49316182304554,168.20149545181854,168.57220807891355,134142200,SPY,3
2015-10-16,171.25987243652344,171.27671366178848,170.12245979217326,170.88915978633827,114580100,SPY,4
2015-10-19,171.3441162109375,171.3441162109375,170.29939459063777,170.6111243830308,76523900,SPY,0
2015-10-20,171.1250762939453,171.7401153082429,170.6532648388185,170.90602464860729,78448500,SPY,1
2015-10-21,170.06349182128906,171.6979777484048,169.89497671945065,171.546329583827,102038000,SPY,2
2015-10-22,172.93655395507812,173.14718505536948,170.06355551758983,171.01559934889326,174911700,SPY,3
2015-10-23,174.83218383789062,175.20289652528615,173.8127368034514,174.6131321843835,144442300,SPY,4
2015-10-26,174.40248107910156,174.71421086859263,174.03176843435705,174.65524086923617,69033000,SPY,0
2015-10-27,174.06553649902344,174.40254109791488,173.38308097403095,173.72851904423058,77905800,SPY,1
2015-10-28,176.04537963867188,176.07065432911048,173.736872205976,174.40246048068508,135906700,SPY,2
2015-10-29,175.9442901611328,176.31500278165475,175.4219293899771,175.53988223687986,90525500,SPY,3
2015-10-30,175.18601989746094,176.4582394432896,175.0259511265928,176.13807618975972,131076900,SPY,4
2015-11-02,177.2587127685547,177.4524897861131,175.38830752178413,175.51469389872412,86270800,SPY,0
2015-11-03,177.77261352539062,178.32868260572008,176.67732944907797,176.90481459210358,95246100,SPY,1
2015-11-04,177.23338317871094,178.19386020886319,176.6941682294307,178.06748672696096,96224500,SPY,2
2015-11-05,177.05642700195312,177.75572351815484,176.1633535505789,177.29233271152756,78408700,SPY,3
2015-11-06,176.96376037597656,177.1996789568263,175.63258358056132,176.71101342488367,110471500,SPY,4
2015-11-09,175.31243896484375,176.50040118504046,174.36038249471315,176.34874014234128,131008700,SPY,0
2015-11-10,175.7168426513672,175.75055081820187,174.56258862730706,174.83218968249022,75874600,SPY,1
2015-11-11,175.0259246826172,176.03695082071616,174.95852122595795,175.98640144219542,67846000,SPY,2
2015-11-12,172.5825958251953,174.4529999467227,172.5657546031237,173.98118861082295,121315200,SPY,3
2015-11-13,170.64483642578125,172.43941698696537,170.56059172395422,172.16981594286116,153577100,SPY,4
2015-11-16,173.23980712890625,173.29878998871206,170.34152207091594,170.45948779052753,117645200,SPY,0
2015-11-17,173.1134490966797,174.4362054109166,172.61636290210208,173.55156528208832,121123700,SPY,1
2015-11-18,175.8600616455078,176.0032892078241,173.5515537099533,173.59366963259475,121342500,SPY,2
2015-11-19,175.7084503173828,176.12971247932526,175.4135616616627,175.74214563374179,88220500,SPY,3
2015-11-20,176.34873962402344,177.031182174416,175.9696063022386,176.46669249870982,94011500,SPY,4
2015-11-23,176.14654541015625,176.91323268232725,175.68315451649283,176.4077258622485,64931200,SPY,0
2015-11-24,176.3824462890625,176.7868543051281,174.74794728526123,175.13550121768685,98874400,SPY,1
2015-11-25,176.357177734375,176.71103636774527,176.0959844245046,176.50882592471962,51980100,SPY,2
2015-11-27,176.559326171875,176.76153655861043,175.96956194709995,176.44979393873967,37317800,SPY,4
2015-11-30,175.8263702392578,176.8373966671618,175.7168379838029,176.7194437981713,112822700,SPY,0
2015-12-01,177.5030059814453,177.62097172021072,176.18024957044784,176.4582841206091,97858400,SPY,1
2015-12-02,175.6915740966797,177.77260994296742,175.43881426017808,177.45244662633874,108441300,SPY,2
2015-12-03,173.23141479492188,176.21394503907788,172.5068434121416,175.9443439591062,166224200,SPY,3
2015-12-04,176.6099090576172,176.90479765389327,173.2313918280088,173.2313918280088,192913900,SPY,4
2015-12-07,175.53990173339844,176.7025762517463,174.57099130289473,176.2813142008919,102027100,SPY,0
2015-12-08,174.36041259765625,175.48939214730268,173.3746606455708,173.97285859387978,103372400,SPY,1
2015-12-09,173.0039825439453,175.8180113665934,172.02665101141596,173.72013353117376,162401500,SPY,2
2015-12-10,173.45040893554688,174.76474429715466,172.83537002523468,173.0712757129132,116128900,SPY,3
2015-12-11,170.0887908935547,171.99289097180136,169.7770481951906,171.3273025053737,211173300,SPY,4
2015-12-14,170.94815063476562,171.07453697504988,168.46270687995957,170.24886687996727,182385200,SPY,0
2015-12-15,172.7427520751953,173.65267984017308,170.9228965452398,172.4647175201271,154069600,SPY,1
2015-12-16,175.270263671875,175.57357282088526,172.54891479841078,173.87167077055568,197017000,SPY,2
2015-12-17,172.5995330810547,175.64946701213313,172.58267899496616,175.5820635236799,173092500,SPY,3
2015-12-18,169.524658203125,171.99098546495205,169.36362381531808,171.85538913053546,251393500,SPY,4
2015-12-21,170.923095703125,171.101084486675,169.58398325887222,170.70274033853093,99094300,SPY,0
2015-12-22,172.47406005859375,172.7707036640907,170.82136280667632,171.81298115782678,111026200,SPY,1
2015-12-23,174.60987854003906,174.6522580498585,173.38942107873945,173.4826508273779,110987200,SPY,2
2015-12-24,174.32168579101562,174.8725934911412,174.10133047041091,174.35559456797586,48539600,SPY,3
2015-12-28,173.9234161376953,173.9657827252586,172.84703840586343,173.62677243026948,65899900,SPY,0
2015-12-29,175.7794647216797,176.11000419116687,174.9912601915219,175.02515603836744,92640700,SPY,1
2015-12-30,174.53358459472656,175.61844569483083,174.3895046119371,175.53368667793808,63317700,SPY,2
2015-12-31,172.78768920898438,174.4997207918084,172.78768920898438,173.85559611533392,114877900,SPY,3
2016-01-04,170.3721466064453,170.38061733347607,168.3126218860981,169.92295235806984,222353500,SPY,0
2016-01-05,170.6603240966797,171.1179891192369,169.55005091810494,170.69421994070248,110845800,SPY,1
2016-01-06,168.50759887695312,169.5585382659889,167.47360094538482,168.10077111434867,152112600,SPY,2
2016-01-07,164.46484375,167.33799866452176,164.07497036102643,165.54969196399927,213436100,SPY,3
2016-01-08,162.65956115722656,165.99039365035162,162.3714012174392,165.4310152267109,209817200,SPY,4
2016-01-11,162.82057189941406,163.92237419854322,160.87971501893227,163.5833511428996,187941300,SPY,0
2016-01-12,164.13427734375,164.88858594590823,161.99847711478168,164.2698865813626,172330500,SPY,1
2016-01-13,160.0406951904297,165.15135126879767,159.65930545504915,164.8038573828774,221168900,SPY,2
2016-01-14,162.66802978515625,163.79525734585224,159.04905033137382,160.65089730027674,240795600,SPY,3
2016-01-15,159.1762237548828,159.98138284526976,157.2353660345853,158.29478929362412,324846400,SPY,4
2016-01-19,159.38809204101562,161.12554859392307,157.8116698761334,160.99842298885656,195244400,SPY,1
2016-01-20,157.34548950195312,158.91344062239094,153.4213957355556,156.8200198633326,286547800,SPY,2
2016-01-21,158.22694396972656,160.0745714508688,156.48948768515635,157.82012916393177,195772900,SPY,3
2016-01-22,161.47300720214844,161.67640812580294,160.0830448500717,160.84582417859346,168319600,SPY,4
2016-01-25,159.03207397460938,161.1593902898162,158.8371438015396,160.9644601167464,130371700,SPY,0
2016-01-26,161.20179748535156,161.48148670298048,159.3541700222635,159.6931802017116,141036800,SPY,1
2016-01-27,159.44737243652344,162.3544223777091,158.5405003166785,160.67630029192964,185681700,SPY,2
2016-01-28,160.2780303955078,161.2018443958863,158.62533265803873,160.9984434019905,143798800,SPY,3
2016-01-29,164.1851348876953,164.32074413134808,160.9305906344845,161.04924548957837,210529300,SPY,4
2016-02-01,164.1258544921875,164.9140721619875,162.59181160400766,163.17661534202395,136061600,SPY,0
2016-02-02,161.1679229736328,162.70196557716704,160.64244031379968,162.69349484790288,182564900,SPY,1
2016-02-03,162.1341094970703,162.54092433557236,158.57445056225356,162.22733924468645,205054900,SPY,2
2016-02-04,162.38836669921875,163.3630307107808,160.99840420553886,161.63405802153412,139531800,SPY,3
2016-02-05,159.29486083984375,162.44770514097527,158.65920695546097,161.87138516002568,180788300,SPY,4
2016-02-08,157.15060424804688,157.74387867623352,154.93005727437148,157.44724792834648,191526700,SPY,0
2016-02-09,157.1590576171875,158.43884902705562,155.2690503860317,155.4046596496117,184513100,SPY,1
2016-02-10,157.0234832763672,159.6254201070894,156.89634472430163,157.98967678296572,148214100,SPY,2
2016-02-11,154.98085021972656,156.03180234138384,153.4807038447789,154.5401266935596,219058900,SPY,3
2016-02-12,158.1760711669922,158.19301262102636,155.91314554229416,156.76068381067878,127632400,SPY,4
2016-02-16,160.84584045410156,160.87126557213108,159.0236380224671,159.98983130481827,120250700,SPY,1
2016-02-17,163.4731903076172,163.84610922621385,161.8882849035813,162.01542340714366,136009500,SPY,2
2016-02-18,162.80361938476562,163.8037212449003,162.4900343705473,163.74438735982798,102343000,SPY,3
2016-02-19,162.7273712158203,162.87992191877856,161.41368412212734,162.02391279877943,114793000,SPY,4
2016-02-22,165.08355712890625,165.22763712998835,164.24448931181553,164.31229394745625,103640300,SPY,0
2016-02-23,162.99856567382812,164.6936422073792,162.87989790136822,164.42242375445537,111455300,SPY,1
2016-02-24,163.74444580078125,164.0241350750713,160.45600501023247,161.5662784451217,150812200,SPY,2
2016-02-25,165.72764587402344,165.7361295343985,163.43082415156576,164.1936035055933,110728300,SPY,3
2016-02-26,165.34629821777344,166.69388145415166,165.18526381863157,166.60066462560889,129833700,SPY,4
2016-02-29,164.0494842529297,166.31240958924124,163.85455409711722,165.3631709879916,125918100,SPY,0
2016-03-01,167.90582275390625,167.9905817617275,164.8038292943359,165.27844870035366,141799700,SPY,1
2016-03-02,168.66018676757812,168.71103701601038,167.1769941703758,167.59229275326118,102415000,SPY,2
2016-03-03,169.32119750976562,169.33815189653654,167.90581012597994,168.48212995211202,95172200,SPY,3
2016-03-04,169.87208557128906,170.6518321433285,168.68553719193758,169.51612105748362,129293600,SPY,4
2016-03-07,170.0077362060547,170.4145639772772,168.8720377759822,168.94831313343246,100219000,SPY,0
2016-03-08,168.15162658691406,169.43988867711715,167.99060514149804,168.9313733566446,123974900,SPY,1
2016-03-09,168.98219299316406,169.32967387288193,168.1770212498452,168.96523860582883,94801200,SPY,2
2016-03-10,169.11785888671875,170.41460493710412,167.28718520584988,169.47383650520175,156838700,SPY,3
2016-03-11,171.84686279296875,171.88924229487964,169.10084694989558,170.5755553300917,137964500,SPY,4
2016-03-14,171.62655639648438,172.0842215232804,171.00785687598227,171.33839639322719,73612000,SPY,0
2016-03-15,171.3468475341797,171.65196189463276,170.3976086049525,170.66034345626284,93169100,SPY,1
2016-03-16,172.33847045898438,172.74529823845296,170.82138227849984,170.86376178874585,129303200,SPY,2
2016-03-17,173.4317626953125,173.94027790480766,171.8553409743026,172.25368500123147,134278500,SPY,3
2016-03-18,174.11331176757812,174.45407045404377,173.61920257282546,173.93440500776174,138372400,SPY,4
2016-03-21,174.3603973388672,174.59041665117803,173.61923988700426,173.8492591993151,72926700,SPY,0
2016-03-22,174.2666473388672,174.83742528186085,173.42326504955457,173.585116974404,97471900,SPY,1
2016-03-23,173.1165771484375,174.0707118598421,172.94618480787767,173.8832906845147,81052500,SPY,2
2016-03-24,173.03988647460938,173.0739701406084,171.8642599798402,172.08575181239442,84360900,SPY,3
2016-03-28,173.1421356201172,173.67031548511676,172.69062450988648,173.45733805579619,62408200,SPY,0
2016-03-29,174.74375915527344,174.85451160492232,172.426563125988,172.73325121807324,92922900,SPY,1
2016-03-30,175.51040649414062,176.23452180129772,175.14407863360756,175.7489401246286,86365300,SPY,2
2016-03-31,175.08447265625,175.84267171503555,174.92260774497396,175.4167168955131,94584100,SPY,3
2016-04-01,176.2771759033203,176.4645971010006,173.77255898805814,174.08777445639976,114423500,SPY,4
2016-04-04,175.70635986328125,176.40493199418893,175.39967187882826,176.2004690048505,63497000,SPY,0
2016-04-05,173.9514617919922,175.71490829463204,173.69588625562233,174.36037485071697,99662200,SPY,1
2016-04-06,175.85122680664062,175.9108667347412,173.77256472671314,173.95147151190238,91839800,SPY,2
2016-04-07,173.7469940185547,175.1185692605372,173.01435110049363,174.76076871903456,113859000,SPY,3
2016-04-08,174.21556091308594,175.36564438770728,173.678853558381,174.93116205328425,95040600,SPY,4
2016-04-11,173.8065948486328,175.55301207436477,173.71288427557084,174.85443998442858,83757500,SPY,0
2016-04-12,175.42520141601562,175.70633310888272,173.53396129971506,173.97695787627296,115350600,SPY,1
2016-04-13,177.1972198486328,177.2824160193581,176.2090014643058,176.34531013782208,96336400,SPY,2
2016-04-14,177.2057342529297,177.70837086159483,176.85646115084722,177.25685975482745,65212900,SPY,3
2016-04-15,177.00979614257812,177.3420404050816,176.68606629738127,177.2057317335134,75761600,SPY,4
2016-04-18,178.25355529785156,178.28762595955135,176.3452732649673,177.00976166052985,82531000,SPY,0
2016-04-19,178.81588745117188,179.07146302762754,177.99806120545034,178.6795917429608,88316100,SPY,1
2016-04-20,178.98623657226562,179.6847957800082,178.3813749541583,178.85844231536993,81100300,SPY,2
2016-04-21,178.0236053466797,179.11404893283404,177.75098795058466,179.0032964907813,85695000,SPY,3
2016-04-22,178.0236053466797,178.29620974366182,177.12058297056248,177.66580476363964,99251700,SPY,4
2016-04-25,177.7168426513672,177.75944072650898,176.80529323994094,177.41866912448202,66166500,SPY,0
2016-04-26,177.98097229003906,178.49212330774736,177.50390493970355,178.0831972939366,75864200,SPY,1
2016-04-27,178.3473358154297,178.7392070746571,177.2398503887596,177.59765097292447,77329400,SPY,2
2016-04-28,176.72869873046875,178.69660843693498,176.31127121643829,177.58913601275276,97216200,SPY,3
2016-04-29,175.77452087402344,176.456051198613,174.6670357214541,176.10676511988328,142424100,SPY,4
2016-05-02,177.17169189453125,177.35058568287192,175.8427146132642,176.27718395548993,62188000,SPY,0
2016-05-03,175.62974548339844,176.1749672912992,174.88006062286738,175.9364335627872,106422100,SPY,1
2016-05-04,174.64999389648438,175.36560788684616,174.14737031923184,174.63296506272343,92243800,SPY,2
2016-05-05,174.61595153808594,175.47637575045397,174.18999664103234,175.11857519682238,67619200,SPY,3
2016-05-06,175.25489807128906,175.29749616426528,173.687387043022,173.84072457880094,89315000,SPY,4
2016-05-09,175.39967346191406,175.83414269418165,174.9481623972705,175.127069139445,74374900,SPY,0
2016-05-10,177.58056640625,177.5976082392371,176.03861199821603,176.1067663310547,77472200,SPY,1
2016-05-11,175.9193572998047,177.6572474101795,175.9193572998047,177.1205531256093,81727000,SPY,2
2016-05-12,175.970458984375,176.76274173534193,174.95668439935457,176.5923494024132,89586300,SPY,3
2016-05-13,174.43702697753906,176.22604256241553,174.1133101281779,175.672306452345,96474600,SPY,4
2016-05-16,176.15792846679688,176.63499593198063,174.54781927224496,174.6074592049497,77486800,SPY,0
2016-05-17,174.51373291015625,176.1749544696479,173.9855399790805,175.8853082488365,114924900,SPY,1
2016-05-18,174.56484985351562,175.74900402077907,173.47440628937858,174.1644511855311,120062100,SPY,2
2016-05-19,173.9600067138672,174.24965297295668,172.75029616198105,173.8407398425295,115430500,SPY,3
2016-05-20,175.0589141845703,175.5785795777547,174.5222069590707,174.573319456907,104990400,SPY,4
2016-05-23,174.82040405273438,175.35709835134318,174.63298286937538,175.07596657630472,58682600,SPY,0
2016-05-24,177.0864715576172,177.40168699736577,175.6126713632845,175.63822761527615,93537800,SPY,1
2016-05-25,178.2876434326172,178.7050838242209,177.086447754028,177.7679780467877,76621400,SPY,2
2016-05-26,178.33877563476562,178.65399106697245,178.0235732016694,178.42397180544003,55280700,SPY,3
2016-05-27,179.1055450439453,179.11405946340653,178.449570770249,178.50068328524364,64211200,SPY,4
2016-05-31,178.7647247314453,179.48885316151993,178.20246122097163,179.37810074303295,109879400,SPY,1
2016-06-01,179.13108825683594,179.3099820462898,177.95544850111673,178.15138412736567,69936200,SPY,2
2016-06-02,179.67625427246094,179.6932831048577,178.2535668208089,178.73063411009238,63044700,SPY,3
2016-06-03,179.1396026611328,179.48888882028373,177.9298922310344,179.1140464054986,101757100,SPY,4
2016-06-06,180.05117797851562,180.40897860725272,179.3355637219269,179.49742869664203,64887000,SPY,0
2016-06-07,180.33224487304688,180.8945084129692,180.17890736167396,180.20446361356946,60974800,SPY,1
2016-06-08,180.9200897216797,181.04788399796703,180.34079726633757,180.46857854351228,66170900,SPY,2
2016-06-09,180.67303466796875,180.7923015218025,179.91483545450157,180.18743983507352,73786900,SPY,3
2016-06-10,178.960693359375,179.63369636459402,178.41545862213925,179.2929376529333,113829200,SPY,4
2016-06-13,177.58056640625,179.21623139704838,177.49538323953402,178.3558073182912,117751200,SPY,0
2016-06-14,177.23126220703125,177.8276093086284,176.2771276430494,177.1971915436498,125059300,SPY,1
2016-06-15,176.9842529296875,178.35582816549694,176.7968317422518,177.2313010408829,109124500,SPY,2
2016-06-16,177.5124053955078,177.68279772074933,175.14409766467531,176.98422558476526,149533100,SPY,3
2016-06-17,176.851318359375,177.4336232145888,176.19193298309247,177.40793406313585,117055700,SPY,4
2016-06-20,177.99029541015625,179.49744928551368,177.90465617327934,178.82094635435288,82789600,SPY,0
2016-06-21,178.49546813964844,178.90650758067991,177.9302807415375,178.37558109156808,72461700,SPY,1
2016-06-22,178.20437622070312,179.4032471083459,178.05878690811332,178.6753528122475,95560500,SPY,2
2016-06-23,180.52503967285156,180.57641798398882,179.20628177571822,179.66869964266547,102731400,SPY,3
2016-06-24,174.04254150390625,180.55928924684218,173.59724105750848,174.37651357202682,333444400,SPY,4
2016-06-27,170.92544555664062,172.63812531946584,170.11191221593094,172.62955355795756,230775800,SPY,0
2016-06-28,174.0082550048828,174.0339441550606,172.22706654787228,172.53534941671467,159382400,SPY,1
2016-06-29,176.97119140625,177.2023937510164,175.3098900547411,175.41264665241505,137328600,SPY,2
2016-06-30,179.3861083984375,179.43748671030048,176.88559704298115,177.44222591049132,165021900,SPY,3
2016-07-01,179.7628936767578,180.2510137554177,179.223395288073,179.38610198095964,106055300,SPY,4
2016-07-05,178.46975708007812,179.0435031016445,177.87032191327046,178.93217476112784,109803700,SPY,1
2016-07-06,179.54025268554688,179.660139766317,177.3137633950026,177.97314887259418,96021500,SPY,2
2016-07-07,179.4289093017578,180.3880058677437,178.65820857076355,179.72006174975914,85593800,SPY,3
2016-07-08,182.1007080078125,182.3490539418561,180.4993562815728,180.7305717557863,133971000,SPY,4
2016-07-11,182.74293518066406,183.31669443041378,182.3575848268866,182.56311111336606,73633900,SPY,0
2016-07-12,184.0702667236328,184.36999092806968,182.76862636157077,183.71060551833483,101275600,SPY,1
2016-07-13,184.0446319580078,184.4984912131024,183.55652484468777,184.4899325152246,87324100,SPY,2
2016-07-14,185.07220458984375,185.5431942234719,184.6782954902362,185.31197875483406,91230900,SPY,3
2016-07-15,184.82388305664062,185.8343580900746,184.37858255148888,185.63740352819917,107155400,SPY,4
2016-07-18,185.32054138183594,185.48324807149643,184.68684508176648,184.94374969350878,58725900,SPY,0
2016-07-19,185.13209533691406,185.16634317806103,184.65254716060969,184.90087994237166,54345700,SPY,1
2016-07-20,185.9028778076172,186.14265200141693,185.1321769085056,185.1321769085056,58159500,SPY,2
2016-07-21,185.20066833496094,186.01418877817954,184.75536784532173,185.7915450667161,67777300,SPY,3
2016-07-22,186.03135681152344,186.0827351347988,185.0551294691462,185.32059285054567,62787500,SPY,4
2016-07-25,185.5260467529297,185.87714927186963,184.94374185326316,185.8257709650415,55873100,SPY,0
2016-07-26,185.6116943359375,185.97135556664537,184.7639130349545,185.4232984912746,70080500,SPY,1
2016-07-27,185.41473388671875,186.05698886395425,184.64402007400957,185.98848009837715,84083900,SPY,2
2016-07-28,185.62884521484375,185.91999770981988,184.75537466320256,185.21779256306388,65035700,SPY,3
2016-07-29,185.92852783203125,186.288189047029,185.08075963479044,185.363353389441,79519400,SPY,4
2016-08-01,185.7744140625,186.38240818563156,185.32055487761173,185.98849907675722,73311400,SPY,0
2016-08-02,184.58413696289062,185.68025139872915,183.7449272062956,185.52610336449712,92295500,SPY,1
2016-08-03,185.12356567382812,185.18351574285276,184.22441917214476,184.52413031713562,53993600,SPY,2
2016-08-04,185.32054138183594,185.637382998515,183.4708438573451,185.23490215568475,46585500,SPY,3
2016-08-05,186.8362579345703,186.87907754860166,185.3205455182115,185.3205455182115,71892200,SPY,4
2016-08-08,186.72491455078125,187.12739534209643,186.45945127708603,187.0246256705266,39906500,SPY,0
2016-08-09,186.8362579345703,187.33293671056828,186.5108576146977,186.7934513872506,51251700,SPY,1
2016-08-10,186.3738555908203,187.02466935145293,186.0227530199327,186.94760187980813,57941100,SPY,2
2016-08-11,187.23873901367188,187.48708493532814,186.63930361664032,186.9047669305606,72504300,SPY,3
2016-08-12,187.0760498046875,187.29013481344808,186.67356894288068,186.9304605000238,61313500,SPY,4
2016-08-15,187.6155242919922,187.96662682206687,187.43570021239086,187.44425890823004,49813500,SPY,0
2016-08-16,186.64781188964844,187.2643644692184,186.64781188964844,187.19586879003845,53213600,SPY,1
2016-08-17,186.9989471435547,187.13596466895925,185.8428960730684,186.6821055494282,75134300,SPY,2
2016-08-18,187.41856384277344,187.4528116917612,186.86194809642447,186.97326340566778,52989300,SPY,3
2016-08-19,187.14450073242188,187.32433784610603,186.45943932166605,186.94754623016502,75443000,SPY,4
2016-08-22,187.13597106933594,187.36718651802533,186.5365357085772,186.90475562064654,61368800,SPY,0
2016-08-23,187.51278686523438,188.05228529267336,187.45283678809113,187.75256104038226,53399200,SPY,1
2016-08-24,186.55368041992188,187.4613987593826,186.13406910197543,187.36720083358696,71728900,SPY,2
2016-08-25,186.42523193359375,186.84484327485418,186.01419235578945,186.16832729744883,69224800,SPY,3
2016-08-26,186.07408142089844,187.64118492420457,185.18349372068053,186.6135797111195,122506300,SPY,4
2016-08-29,186.9903564453125,187.25581968865652,186.16826450029438,186.20252540913708,70502200,SPY,0
2016-08-30,186.68215942382812,187.18739699451424,186.12554353296568,186.90480316683025,58114500,SPY,1
2016-08-31,186.1511688232422,186.46801040009504,185.37189639003745,186.34812333857965,85269500,SPY,2
2016-09-01,186.1597900390625,186.45094256242362,184.99516687890392,186.14265957689005,97844200,SPY,3
2016-09-02,186.9989471435547,187.42711711041116,186.42520095597223,187.01607760090786,79293900,SPY,4
2016-09-06,187.56414794921875,187.6412154127127,186.56223172366327,187.28155418302956,56702100,SPY,1
2016-09-07,187.54698181152344,187.7268189255083,186.9389878484547,187.40140560815897,76554900,SPY,2
2016-09-08,187.11883544921875,187.48706841784025,186.81055254837466,187.21303336521862,74102900,SPY,3
2016-09-09,182.64019775390625,185.85147281719,182.6145085987369,185.80009450685134,221589100,SPY,4
2016-09-12,185.26055908203125,185.66303985484547,181.80951054920996,181.8780193048708,168110900,SPY,0
2016-09-13,182.59738159179688,184.24155288727647,181.97225702633867,183.9760895677002,182828800,SPY,1
2016-09-14,182.52883911132812,183.85616853078741,181.97222341931754,182.64872617114776,134185500,SPY,2
2016-09-15,184.35287475585938,184.73822514377375,182.18633559413095,182.36617274407044,134427900,SPY,3
2016-09-16,183.64024353027344,183.91566286896128,182.95172144898766,183.73491728635778,155236400,SPY,4
2016-09-19,183.67465209960938,184.9398316046252,183.34759496335045,184.29433239319732,80250500,SPY,0
2016-09-20,183.6832733154297,184.6902506150678,183.64885246560053,184.53533709176185,69665300,SPY,1
2016-09-21,185.74888610839844,185.92961855928027,183.70049744695777,184.389032664752,110284400,SPY,2
2016-09-22,186.91937255859375,187.22061081012316,186.51487175706978,186.7644590345271,76678700,SPY,3
2016-09-23,185.89515686035156,186.66114867449386,185.80048312454906,186.52343903465132,73630900,SPY,4
2016-09-26,184.3890380859375,185.24108878772253,184.19107550457642,185.060356331527,89827300,SPY,0
2016-09-27,185.53367614746094,185.62833674914228,183.85536784384433,184.2254608538307,78494800,SPY,1
2016-09-28,186.45458984375,186.60951647642858,184.79351158591177,185.75745282848257,87411000,SPY,2
2016-09-29,184.76768493652344,186.65254470412683,184.21685947713974,186.2480308210012,128070600,SPY,3
2016-09-30,186.1619873046875,186.86772632605005,185.35295947253545,185.6025467387852,117202900,SPY,4
2016-10-03,185.71441650390625,185.9381848253652,185.07751925138,185.74885048118574,83512100,SPY,0
2016-10-04,184.76768493652344,186.05008140991256,184.17383670325754,185.82631308140867,119948100,SPY,1
2016-10-05,185.5853271484375,186.01565994755165,185.32712484242606,185.39597966621008,72816000,SPY,2
2016-10-06,185.71441650390625,185.9381848253652,184.819330085356,185.36154046672084,62927400,SPY,3
2016-10-07,185.0775909423828,186.16203839060913,184.3460328007503,185.9899078356791,89788300,SPY,4
2016-10-10,186.04151916503906,186.5062729103624,185.89520755757215,186.04151916503906,51855000,SPY,0
2016-10-11,183.69186401367188,185.68001270355688,182.96030608826086,185.6111578753919,130367400,SPY,1
2016-10-12,183.93287658691406,184.45788320081567,183.33040007743736,183.82958777038615,73866100,SPY,2
2016-10-13,183.3303985595703,183.82958624838614,181.78121078436132,182.59884058410307,101357000,SPY,3
2016-10-14,183.4250946044922,184.77634624006126,183.34763783286186,184.31157934484307,93346200,SPY,4
2016-10-17,182.78819274902344,183.6574604123934,182.60744716652792,183.39925806570704,58275700,SPY,0
2016-10-18,183.93287658691406,184.44926813868696,183.55418156931728,184.3890283673693,76869700,SPY,1
2016-10-19,184.42347717285156,184.73331740396787,183.83823069891997,184.19970877976922,66519200,SPY,2
2016-10-20,184.07919311523438,184.63862059448954,183.4164768166839,184.07057805287485,73639800,SPY,3
2016-10-21,184.16529846191406,184.25137031101073,183.11528493999225,184.07923974553773,89089100,SPY,4
2016-10-24,184.948486328125,185.31857947733505,184.59561017329463,185.04316009813513,60146600,SPY,0
2016-10-25,184.32872009277344,185.0258570145195,184.16519155405024,184.76765474983617,66542300,SPY,1
2016-10-26,183.9586944580078,184.54394083988706,183.26154419811058,183.50254268015587,75705500,SPY,2
2016-10-27,183.46807861328125,184.71604106753935,183.39062186356574,184.68162022301507,77220200,SPY,3
2016-10-28,182.92587280273438,184.12219753962472,182.21153186482982,183.4422774495756,140623200,SPY,4
2016-10-31,182.93453979492188,183.4853654459846,182.7710111725765,183.26158390689324,61272500,SPY,0
2016-11-01,181.60910034179688,183.3132282184614,180.39557144702658,183.2615772348227,122781800,SPY,1
2016-11-02,180.51600646972656,181.6865122032408,180.077058611712,181.299202179648,103330800,SPY,2
2016-11-03,179.68980407714844,180.94638191937483,179.4143978510756,180.73121547008878,88939300,SPY,3
2016-11-04,179.49183654785156,180.6451254480473,179.34552495299536,179.80167672893424,109122100,SPY,4
2016-11-07,183.4508514404297,183.48528541575683,179.49179790419973,179.49179790419973,109794900,SPY,0
2016-11-08,184.27713012695312,184.84517263024625,182.78818217079038,183.05498643159638,106772100,SPY,1
2016-11-09,186.2307891845703,186.8504693422541,182.75369350726555,182.77951241944302,258429000,SPY,2
2016-11-10,186.69557189941406,187.89189650378796,185.2324430723884,187.02262901503323,172113300,SPY,3
2016-11-11,186.26527404785156,186.5062593994829,185.31854963293324,185.9726508541159,100552700,SPY,4
2016-11-14,186.41159057617188,186.99685011184275,185.66281558041715,186.79028560524415,94580000,SPY,0
2016-11-15,187.86611938476562,187.86611938476562,186.5923377483642,186.79888912400287,91652600,SPY,1
2016-11-16,187.5132293701172,187.74561278319638,187.125932436796,187.24642510788962,65617700,SPY,2
2016-11-17,188.47715759277344,188.5373973535631,187.55623913068183,187.66812985706682,69797200,SPY,3
2016-11-18,188.05543518066406,188.71815137539457,187.87468962475032,188.54602088049072,86265800,SPY,4
2016-11-21,189.47552490234375,189.50134381949704,188.48576472422937,188.63207629900276,72402600,SPY,0
2016-11-22,189.84561157226562,190.02634398628018,189.1140405902068,189.78535867911793,67429000,SPY,1
2016-11-23,189.94886779785156,190.00050562514247,189.13123822274858,189.32918760493473,56620200,SPY,2
2016-11-25,190.65464782714844,190.689068672833,190.21569996520256,190.2931698502438,37872300,SPY,4
2016-11-28,189.75958251953125,190.62024827695456,189.65630683110996,190.34484206359207,76572500,SPY,0
2016-11-29,190.129638671875,190.5857903840373,189.49274140738675,189.79397961702512,69886700,SPY,1
2016-11-30,189.6735076904297,190.91286837693818,189.6132547888307,190.74933979570218,113291800,SPY,2
2016-12-01,188.9763641357422,189.97472631448642,188.61487300392184,189.97472631448642,79040500,SPY,3
2016-12-02,189.07102966308594,189.5616154027923,188.70955165458884,189.06242773409173,74840300,SPY,4
2016-12-05,190.20709228515625,190.55135326245085,189.70790467517898,189.90585408048764,67837800,SPY,0
2016-12-06,190.8095703125,190.84400429252008,189.91448382270985,190.39645448126726,59877400,SPY,1
2016-12-07,193.30548095703125,193.36572071439272,190.53413693327656,190.65462958071313,110738100,SPY,2
2016-12-08,193.77886962890625,194.25223837219423,193.01287771075508,193.27969509894712,99714400,SPY,3
2016-12-09,194.94937133789062,194.9665883280231,193.9682130237888,194.00264700405376,88005800,SPY,4
2016-12-12,194.72560119628906,195.33667957954293,194.30387030459465,194.85469578929985,102016100,SPY,0
2016-12-13,196.02520751953125,196.52439518214243,195.3711063406179,195.38832333111233,110477500,SPY,1
2016-12-14,194.40716552734375,196.42972196998025,193.96821763119038,195.72398295037203,142501800,SPY,2
2016-12-15,195.2075958251953,196.06826157153114,194.41578491449238,194.64816834316386,124972600,SPY,3
2016-12-16,194.82579040527344,195.7261658622484,194.50547138064348,195.6655578250906,156420200,SPY,4
2016-12-19,195.24998474121094,195.6742013225138,194.86040509436378,195.0075790405007,90341100,SPY,0
2016-12-20,196.00320434570312,196.15039152554453,195.55302980660466,195.7867697060943,89838800,SPY,1
2016-12-21,195.4578094482422,196.0465053614896,195.4578094482422,195.8733602817182,67909000,SPY,2
2016-12-22,195.1201629638672,195.4318293772006,194.72191740956032,195.31062650591105,56219100,SPY,3
2016-12-23,195.40586853027344,195.41452116077593,194.972999222937,195.16344956485196,36697800,SPY,4
2016-12-27,195.8906707763672,196.2889031226138,195.65691766262628,195.67423613293508,42672500,SPY,1
2016-12-28,194.27174377441406,196.16771349248134,194.15920673511602,196.15040823112668,64095000,SPY,2
2016-12-29,194.2284698486328,194.6959629034167,193.78693468620676,194.3410068893433,48696100,SPY,3
2016-12-30,193.51852416992188,194.64398685218566,192.8259307339041,194.55740771888804,108998300,SPY,4
2017-01-03,194.9989776611328,195.50976029257782,193.82157257247454,194.82581936358508,91366500,SPY,1
2017-01-04,196.15902709960938,196.30620105653207,195.3192597141345,195.32791234332257,78744400,SPY,2
2017-01-05,196.00320434570312,196.15904415548493,195.2067264571573,195.89066731598953,78379000,SPY,3
2017-01-06,196.70448303222656,197.17197608733392,195.57035431256418,196.1157738852922,71559900,SPY,4
2017-01-09,196.05511474609375,196.58321567390468,196.0204778140398,196.44469436592695,46939700,SPY,0
2017-01-10,196.05511474609375,196.912187267703,195.66552191614153,196.0724200020017,63771900,SPY,1
2017-01-11,196.60923767089844,196.60923767089844,195.30196395484305,195.9685863632232,74650000,SPY,2
2017-01-12,196.11570739746094,196.3061708912984,194.75650505702336,196.08973630376664,72113200,SPY,3
2017-01-13,196.56594848632812,196.86894906518972,196.25428206713286,196.28890579810013,62717900,SPY,4
2017-01-17,195.8733367919922,196.33217714291624,195.48375710669535,195.9252789886823,61240800,SPY,1
2017-01-18,196.30624389648438,196.34953347211365,195.57036074115808,196.12443296289095,54793300,SPY,2
2017-01-19,195.57901000976562,196.52266191195307,195.1461407104001,196.38414056572665,66608800,SPY,3
2017-01-20,196.2975311279297,196.79099515057976,195.63090885581107,196.26289419398807,129168600,SPY,4
2017-01-23,195.78677368164062,196.35816431223958,195.024932717631,196.29756948118217,75061600,SPY,0
2017-01-24,197.0421142578125,197.45766509459938,195.8906803134804,196.00321735066092,95555300,SPY,1
2017-01-25,198.74761962890625,198.74761962890625,197.8299256030772,197.99441805308547,84437700,SPY,2
2017-01-26,198.53981018066406,198.86879503523576,198.26276752205186,198.6004050059098,59970700,SPY,3
2017-01-27,198.2281036376953,198.76485716736948,198.0462927785472,198.61768323859167,59711100,SPY,4
2017-01-30,196.99879455566406,197.56151928587133,196.0118532129129,197.5355481881769,79737300,SPY,0
2017-01-31,196.98147583007812,197.04208386469998,195.93393966411406,196.50531702276677,75880800,SPY,1
2017-02-01,197.0594024658203,197.89916990736018,196.47070659882672,196.98148916756324,79117700,SPY,2
2017-02-02,197.18923950195312,197.4749347597979,196.36679066216223,197.05937081559478,69657600,SPY,3
2017-02-03,198.54849243164062,198.7303033547446,197.78665142703923,198.0983178594153,80563200,SPY,4
2017-02-06,198.1934814453125,198.5397847241752,197.85584400474593,198.14153925601292,57790100,SPY,0
2017-02-07,198.20220947265625,198.82554236007024,198.01174591205069,198.58313659386744,57931200,SPY,1
2017-02-08,198.4619140625,198.5917695636371,197.65677032508353,198.20218985010365,51566200,SPY,2
2017-02-09,199.63934326171875,199.94234387116998,198.46193813812891,198.46193813812891,65955200,SPY,3
2017-02-10,200.42710876464844,200.65220922169698,199.65660205348237,199.98558689986365,66015900,SPY,4
2017-02-13,201.51797485351562,201.77769907197353,200.89464201326567,200.92061311409918,55182100,SPY,0
2017-02-14,202.32310485839844,202.33177069873477,200.98987324872715,201.3361633989964,71109000,SPY,1
2017-02-15,203.37930297851562,203.5697665204438,202.05472402518362,202.10666622568726,86785800,SPY,2
2017-02-16,203.20619201660156,203.58711916439967,202.45300356262538,203.40530822199622,84722400,SPY,3
2017-02-17,203.52647399902344,203.52647399902344,202.5222141034397,202.5395325733972,77204100,SPY,4
2017-02-21,204.73851013183594,204.91165519616385,203.89007685942246,203.8987426992179,88946100,SPY,1
2017-02-22,204.55670166015625,204.78178892544693,204.16712195825545,204.33161439486557,62115200,SPY,2
2017-02-23,204.6952362060547,205.09346856342964,203.93338201264498,205.07616330275954,74615900,SPY,3
2017-02-24,204.95497131347656,204.99824767757306,203.80353733186945,203.84682690608932,82381600,SPY,4
2017-02-27,205.27525329589844,205.44839835137117,204.6172968010536,204.86835514997097,56515400,SPY,0
2017-02-28,204.72117614746094,205.1367269123795,204.33159647971726,204.89432119866694,96961900,SPY,1
2017-03-01,207.58677673339844,208.05428292165232,206.36608227643924,206.38340074529486,149158200,SPY,2
2017-03-02,206.27951049804688,207.40497315954045,206.22756830307532,207.39630732029798,70246000,SPY,3
2017-03-03,206.40939331054688,206.57388575648002,205.81203156905175,206.1929586627659,81974300,SPY,4
2017-03-06,205.79470825195312,206.14965100347789,205.18868072324162,205.6128973513154,55391500,SPY,0
2017-03-07,205.17999267578125,205.84661491621947,204.97221071236544,205.49165901584544,65103700,SPY,1
2017-03-08,204.79908752441406,205.7340866443304,204.66056620069597,205.4743624648891,78168800,SPY,2
2017-03-09,205.0587921142578,205.3877769241297,204.08916936110182,204.9202708037729,90683900,SPY,3
2017-03-10,205.7773895263672,206.06308482122967,204.8250718768257,206.01979525350114,81991700,SPY,4
2017-03-13,205.88125610351562,205.92454566749777,205.38779206245576,205.7167636864556,57256800,SPY,0
2017-03-14,205.09347534179688,205.3878365145119,204.47880831462683,205.3358811004165,59880800,SPY,1
2017-03-15,206.8682098388672,207.29242645521649,205.43108077298604,205.6648338644537,96081800,SPY,2
2017-03-16,206.46131896972656,207.08465176220116,206.1323473143416,207.0067384656722,78344000,SPY,3
2017-03-17,206.09873962402344,206.91607632998918,206.09873962402344,206.72478419592946,89002100,SPY,4
2017-03-20,205.87266540527344,206.38567007845458,205.48139087941647,206.0987318881352,52537000,SPY,0
2017-03-21,203.22940063476562,206.60308429201066,203.09898019135397,206.4813541222953,131809300,SPY,1
2017-03-22,203.7075958251953,203.9945340186917,202.6381085713206,203.26415312665975,97569200,SPY,2
2017-03-23,203.490234375,204.629283691837,203.11635362966538,203.70761060394116,100410300,SPY,3
2017-03-24,203.34239196777344,204.36840125782555,202.55984295900794,203.79453817627297,112504900,SPY,4
2017-03-27,203.13372802734375,203.39458214769667,201.38602797588516,201.664262641361,87454500,SPY,0
2017-03-28,204.61190795898438,205.03795688647148,202.71638029888368,202.82942018622143,93483900,SPY,1
2017-03-29,204.8031768798828,205.03794691617117,204.09888003860954,204.32495980229157,61950400,SPY,2
2017-03-30,205.45529174804688,205.65528741288264,204.56840636847858,204.74230468206505,56737900,SPY,3
2017-03-31,204.97708129882812,205.64659049106066,204.92489986224118,205.11619199361942,73733100,SPY,4
2017-04-03,204.62059020996094,205.22924098793237,203.3858948410498,205.0292585753686,85546500,SPY,0
2017-04-04,204.75100708007812,204.8379628758166,203.95106417613255,204.33364844923514,56466200,SPY,1
2017-04-05,204.1424102783203,206.4118191640658,203.93372427393624,205.4292741363675,108800600,SPY,2
2017-04-06,204.71629333496094,205.23798846108082,203.8380846477931,204.28154076272992,69135800,SPY,3
2017-04-07,204.50750732421875,205.20311375317107,204.02058680422888,204.4640294347363,74412300,SPY,4
2017-04-10,204.62925720214844,205.4292000289866,204.0988587414895,204.64665101313784,67615300,SPY,0
2017-04-11,204.38580322265625,204.49013955663008,202.8902538536075,204.2466792656306,88045300,SPY,1
2017-04-12,203.490234375,204.29888084580904,203.26416787323433,204.10758870293344,81864400,SPY,2
2017-04-13,202.16860961914062,203.8902391301026,202.16860961914062,203.1511545480397,92880400,SPY,3
2017-04-17,203.95977783203125,203.95977783203125,202.49031237727522,202.69029479628222,68405400,SPY,0
2017-04-18,203.35110473632812,203.89020679103865,202.66420170976033,203.2206843096354,83225800,SPY,1
2017-04-19,202.9772186279297,204.29016620304782,202.75113887085845,203.9162854780321,68699900,SPY,2
2017-04-20,204.62925720214844,205.07271314304106,203.2728318319624,203.5945443635195,92572200,SPY,3
2017-04-21,203.97715759277344,204.6032022014737,203.5771927562991,204.55103402868073,110389800,SPY,4
2017-04-24,206.22047424316406,206.4291601941839,203.95106593774156,206.22916451577632,119209900,SPY,0
2017-04-25,207.42041015625,207.7682068320303,206.7769717117044,206.86392751444583,76698300,SPY,1
2017-04-26,207.28993225097656,208.27247688855394,207.24646762646668,207.3855783065601,84702500,SPY,2
2017-04-27,207.4638671875,207.76818593129622,206.92476514640168,207.61168142321668,57410300,SPY,3
2017-04-28,207.01170349121094,207.75077460749748,206.88126981121428,207.7246905250162,63532800,SPY,4
2017-05-01,207.53341674804688,207.95947891220902,207.11605812387444,207.53341674804688,66882500,SPY,0
2017-05-02,207.61167907714844,207.7942676678446,207.2030107316592,207.6725375181834,57375700,SPY,1
2017-05-03,207.35951232910156,207.7073222286767,206.68129960941886,207.61167616474242,73137700,SPY,2
2017-05-04,207.60301208496094,207.74213607123485,206.75090088732193,207.66388380430337,61462700,SPY,3
2017-05-05,208.42025756835938,208.43765137591822,207.5333591290864,207.97681498251677,62001300,SPY,4
2017-05-08,208.38555908203125,208.61162559224314,207.95949688105497,208.4638113431516,48385700,SPY,0
2017-05-09,208.19422912597656,208.84635771874457,207.84641924927953,208.64637533188764,51363200,SPY,1
2017-05-10,208.56814575195312,208.56814575195312,207.9421011336263,208.1507870955994,54293800,SPY,2
2017-05-11,208.14210510253906,208.30731317055745,207.055223884095,208.11602101470385,62358300,SPY,3
2017-05-12,207.79429626464844,208.18557085186467,207.52475184384602,207.88994234308734,53912700,SPY,4
2017-05-15,208.94207763671875,209.0638078196964,208.20299299661497,208.22038681349602,61918900,SPY,0
2017-05-16,208.75076293945312,209.2637677075588,208.35948834119614,209.2376836188479,51241800,SPY,1
2017-05-17,205.04664611816406,208.7507321116293,204.98577440843238,208.7507321116293,172174100,SPY,2
2017-05-18,205.87266540527344,206.72477643654275,204.70751883220936,204.96837293864434,107047700,SPY,3
2017-05-19,207.21170043945312,207.88122289456138,206.30742122551788,206.3595893941461,115011400,SPY,4
2017-05-22,208.26380920410156,208.42901725144415,207.65515845146408,207.72470716525865,61010600,SPY,0
2017-05-23,208.72467041015625,208.8898784770401,208.25513029716078,208.63771460624068,48341700,SPY,1
2017-05-24,209.2115478515625,209.3158841806334,208.62027769578378,208.9593973004445,46927700,SPY,2
2017-05-25,210.21148681640625,210.48973473560142,209.5158935536004,209.72456622540574,64071700,SPY,3
2017-05-26,210.16806030273438,210.33325510867513,209.94198051049034,210.02023277660862,46629900,SPY,4
2017-05-30,209.98545837402344,210.23760898733187,209.68982985701535,209.84633438922194,35201900,SPY,1
2017-05-31,209.93324279785156,210.31582703587898,209.23763629849174,210.28103941373627,91796000,SPY,2
2017-06-01,211.6027374267578,211.62013124169187,210.10718776467147,210.39412600691293,68962000,SPY,3
2017-06-02,212.30706787109375,212.46358569502274,211.35931045526385,211.6549390178464,88666100,SPY,4
2017-06-05,212.1505126953125,212.42005710085908,211.95051700870053,212.1331188817827,44698800,SPY,0
2017-06-06,211.47227478027344,212.14178394429635,211.39400926248635,211.58530138580454,50375400,SPY,1
2017-06-07,211.86358642578125,212.0896529440501,211.1418957009011,211.81141824984175,54144300,SPY,2
2017-06-08,211.9678955078125,212.44612583838824,211.43749700800873,211.95920523547161,65950700,SPY,3
2017-06-09,211.64617919921875,213.0373790017962,210.37669627762057,212.23743613010615,132256400,SPY,4
2017-06-12,211.6027374267578,211.65490560396657,210.75062624129717,211.40275499159318,86108100,SPY,0
2017-06-13,212.63739013671875,212.68955829911803,211.79396946435796,212.1417660587463,60067000,SPY,1
2017-06-14,212.36788940429688,212.91566848958766,211.54184910468186,212.90697821659944,78602300,SPY,2
2017-06-15,211.95916748046875,212.08089760951486,210.73316265162578,211.01139726047873,66464900,SPY,3
2017-06-16,212.00547790527344,212.1714915818924,211.12300028970273,212.11906901712646,84553100,SPY,4
2017-06-19,213.77049255371094,213.8316477816918,212.7394663393128,212.83557883953387,65123800,SPY,0
2017-06-20,212.3287811279297,213.42096244725582,212.31131582607034,213.41222979632616,56906400,SPY,1
2017-06-21,212.27635192871094,212.83554821345143,211.80453547970438,212.72197042574658,55977600,SPY,2
2017-06-22,212.1802978515625,212.78318422013322,212.00555146428127,212.28515634976702,44148100,SPY,3
2017-06-23,212.4336395263672,212.76565358136818,211.85696459021437,212.24141454764958,66986800,SPY,4
2017-06-26,212.57347106933594,213.5258635022607,212.3637807468744,213.1064561927493,56700500,SPY,0
2017-06-27,210.86093139648438,212.6521117287246,210.8434527593857,212.35502822722248,82247700,SPY,1
2017-06-28,212.7482147216797,212.94917237630065,211.64728728268415,211.88320220993936,70042600,SPY,2
2017-06-29,210.8783721923828,212.94914368514193,209.66386711169204,212.8967211155467,106949700,SPY,3
2017-06-30,211.2715606689453,212.06667188268318,211.0793356868924,211.69095456965547,86820700,SPY,4
2017-07-03,211.62982177734375,212.65210201808634,211.62982177734375,212.21522943662578,39153800,SPY,0
2017-07-05,212.1190948486328,212.3287851332324,211.1841812221538,211.99677107185246,54427600,SPY,2
2017-07-06,210.1793670654297,211.47250596099136,209.99587474516312,211.3501821915773,65400800,SPY,3
2017-07-07,211.54244995117188,211.6909850346267,210.18814223082148,210.7560846076361,57972300,SPY,4
2017-07-10,211.76959228515625,212.14530960503038,211.23660724925944,211.5424233623595,36663300,SPY,0
2017-07-11,211.61231994628906,211.92686870375482,210.4415047560577,211.7695876588761,50354600,SPY,1
2017-07-12,213.20252990722656,213.3685436038304,212.58217837309738,212.58217837309738,59610400,SPY,2
2017-07-13,213.5608367919922,213.67442795379756,212.98416166139,213.21134398500078,39471600,SPY,3
2017-07-14,214.55682373046875,214.91506238633556,213.46464246181938,213.56075494675216,60262700,SPY,4
2017-07-17,214.5306396484375,214.86266706254005,214.35589328975448,214.47821707406186,33531900,SPY,0
2017-07-18,214.64422607421875,214.69664864744482,213.77921361911146,214.1199736773733,42742500,SPY,1
2017-07-19,215.8063201904297,215.81505284233629,214.95004034103505,214.95878632523463,51034300,SPY,2
2017-07-20,215.9024200439453,216.1820115438022,215.35195636333438,216.05968776281,47135200,SPY,3
2017-07-21,215.71014404296875,215.73635532324766,215.0985119503567,215.325694155826,82340800,SPY,4
2017-07-24,215.6577911376953,215.79758023357027,215.18596127570055,215.63156651665705,46622300,SPY,0
2017-07-25,216.18202209472656,216.5140495160354,215.9548531567374,216.4091910327157,54915600,SPY,1
2017-07-26,216.19078063964844,216.50532946269527,215.92866773068812,216.47038551893203,47575400,SPY,2
2017-07-27,215.98980712890625,216.68880594357,214.66171071427445,216.6538620023689,70766600,SPY,3
2017-07-28,215.7364044189453,215.86746085016472,215.05488431202022,215.50922216177554,50088400,SPY,4
2017-07-31,215.61412048339844,216.23447214886414,215.40441682240316,216.13835963744478,65838700,SPY,0
2017-08-01,216.0946807861328,216.2519485310177,215.57042830526106,216.21700458736362,55050400,SPY,1
2017-08-02,216.1995086669922,216.33931109502183,215.26459492837407,216.22571995571107,47211200,SPY,2
2017-08-03,215.7801055908203,216.1121196779846,215.5005007465843,216.08590839037407,40856000,SPY,3
2017-08-04,216.1732940673828,216.5053081635014,215.7888440623362,216.26940656864448,60191800,SPY,4
2017-08-07,216.57521057128906,216.57521057128906,216.13833798719736,216.24319647333877,31995000,SPY,0
2017-08-08,216.04220581054688,217.48389320613168,215.66650182194394,216.26064208269986,61719400,SPY,1
2017-08-09,216.03346252441406,216.0858850939834,214.99370378698433,215.35194245542993,62632600,SPY,2
2017-08-10,212.984130859375,215.3257749909131,212.9317082791373,215.1947052080248,120479500,SPY,3
2017-08-11,213.29867553710938,213.8928292103017,212.97539407704951,213.21130901583865,74869900,SPY,4
2017-08-14,215.41310119628906,215.63153746125874,214.54810211967575,214.5830460558626,73291900,SPY,0
2017-08-15,215.3868865966797,215.81502646905696,215.0810838298028,215.7975478350867,55242700,SPY,1
2017-08-16,215.76263427734375,216.31309800043158,215.3344943446873,215.9111693562752,56715500,SPY,2
2017-08-17,212.3987274169922,215.46558174531143,212.3987274169922,215.15103292528622,128490400,SPY,3
2017-08-18,212.06666564941406,213.35980458243137,211.6210471439841,212.23266600876988,136748000,SPY,4
2017-08-21,212.232666015625,212.49479219548203,211.29776575062752,212.00549710363762,65469700,SPY,0
2017-08-22,214.4520263671875,214.60929410540695,212.80064845441382,212.81812709164726,63140100,SPY,1
2017-08-23,213.68309020996094,214.11123008992666,213.33359751810963,213.482132578761,50203800,SPY,2
2017-08-24,213.1851043701172,214.2248499990932,212.97540071440326,214.0675822565284,50741700,SPY,3
2017-08-25,213.68309020996094,214.60052519143514,213.53455514930954,213.9801603312637,64445900,SPY,4
2017-08-28,213.6918487548828,214.24229911029164,213.27244150125694,214.21608782347658,40565600,SPY,0
2017-08-29,213.93649291992188,214.19860578390683,212.25889059666528,212.3724817259202,51135700,SPY,1
2017-08-30,214.95001220703125,215.22088436819834,213.7355071363261,213.91899946069202,62030800,SPY,2
2017-08-31,216.2431640625,216.4878116063398,214.98496907572905,215.57037665079503,103803900,SPY,3
2017-09-01,216.54898071289062,216.97712060821138,216.40044564691212,216.6188819202262,62007000,SPY,4
2017-09-05,214.99366760253906,216.26934102062032,214.0238102318638,216.0421588143339,91398800,SPY,1
2017-09-06,215.72764587402344,216.05967325683554,215.1422382948435,215.67522330458812,57916900,SPY,2
2017-09-07,215.70144653320312,216.0509525692771,215.29078527349876,216.03347393440038,58034700,SPY,3
2017-09-08,215.44805908203125,215.9111428985104,215.20341153114762,215.4131018134527,63832800,SPY,4
2017-09-11,217.74598693847656,217.82462078497912,216.70622830486474,216.72369360478308,71364800,SPY,0
2017-09-12,218.47998046875,218.51492440902808,217.92951675024486,218.11300910051094,56896000,SPY,1
2017-09-13,218.58480834960938,218.6197656194183,218.07803459571625,218.1916257241572,59228000,SPY,2
2017-09-14,218.51495361328125,218.71592462669247,218.08682695926365,218.26157334859502,95446300,SPY,3
2017-09-15,218.80906677246094,218.89686685756087,218.26466069008939,218.3700261515919,95432400,SPY,4
2017-09-18,219.27447509765625,219.6257022771578,218.88811716112968,219.1778856135246,46235200,SPY,0
2017-09-19,219.49400329589844,219.581816793148,219.1691174733004,219.5203446653816,47108100,SPY,1
2017-09-20,219.5729522705078,219.68710709817884,218.57194037729994,219.58174165630032,59574100,SPY,2
2017-09-21,218.9846954345703,219.50276018727368,218.8090818538099,219.41496009612214,48211400,SPY,3
2017-09-22,219.0286102294922,219.19544782680657,218.65981767680356,218.6861590449629,51214000,SPY,4
2017-09-25,218.5807342529297,219.12515367691572,217.83437331445256,218.77391317781908,57064400,SPY,0
2017-09-26,218.71250915527344,219.2569153169374,218.47542343390498,219.01105360531767,54082000,SPY,1
2017-09-27,219.56423950195312,219.9505974313564,218.52809656414811,219.41496728349418,81001400,SPY,2
2017-09-28,219.82766723632812,219.9066913407259,219.1954476042302,219.28324769851957,44778800,SPY,3
2017-09-29,220.60037231445312,220.67940981824583,219.63449087507146,219.81888045418575,85578000,SPY,4
2017-10-02,221.55751037597656,221.55751037597656,220.65307418658873,220.82870118939593,59023000,SPY,0
2017-10-03,222.03163146972656,222.05797283606884,221.4784359796249,221.55747347710866,66810200,SPY,1
2017-10-04,222.29510498046875,222.5409667166744,221.76825074662244,221.8824056235964,55953600,SPY,2
2017-10-05,223.61219787597656,223.6297498559352,222.33019322072374,222.62873766151617,63522800,SPY,3
2017-10-06,223.35757446289062,223.647342949613,222.90098175513987,223.16439547174235,80646000,SPY,4
2017-10-09,222.98873901367188,223.64729997555423,222.72531194922752,223.58584125297622,35803100,SPY,0
2017-10-10,223.57705688476562,223.95463881191978,223.01508538728058,223.55950490561045,43057400,SPY,1
2017-10-11,223.92828369140625,223.92828369140625,223.31362949729203,223.4804536797643,47674300,SPY,2
2017-10-12,223.59461975097656,223.9634122859535,223.35753405047097,223.61218512839181,47065100,SPY,3
2017-10-13,223.86683654785156,224.1478290099128,223.59463347426603,224.03367414739319,54800400,SPY,4
2017-10-16,224.16539001464844,224.35856899047826,223.75270409187593,224.0951552947636,38221700,SPY,0
2017-10-17,224.32342529296875,224.36733203658568,223.89316064305405,224.11268096268168,31561000,SPY,1
2017-10-18,224.5429229736328,224.7448778957607,224.3497440399607,224.70097115657055,40888300,SPY,2
2017-10-19,224.60443115234375,224.63956191081465,223.3400052150218,223.76148052746242,61903800,SPY,3
2017-10-20,225.76345825195312,225.78982641459802,224.58684598620817,225.4034685192586,89176400,SPY,4
2017-10-23,224.8853759765625,226.114711163555,224.80635187972666,226.08836979794305,63915300,SPY,0
2017-10-24,225.2805633544922,225.5176356871953,224.92054676244217,225.31569411386528,66935900,SPY,1
2017-10-25,224.16539001464844,225.06103677545406,223.03267092769963,224.94688190833867,103715300,SPY,2
2017-10-26,224.4551544189453,225.05224331637783,224.33222356368222,224.78005363521498,69798000,SPY,3
2017-10-27,226.2903289794922,226.4484039824023,224.4639316285266,225.20151672008473,85562500,SPY,4
2017-10-30,225.44735717773438,226.1937315871698,225.14881277334277,225.20149550371113,54285700,SPY,0
2017-10-31,225.79859924316406,226.05325032139146,225.50005481903153,225.82494061009004,60304800,SPY,1
2017-11-01,226.09716796875,226.92256661703226,225.72838879214913,226.58012881018857,54202700,SPY,2
2017-11-02,226.1849822998047,226.3254785379996,224.9556737117461,226.02693408067947,56449500,SPY,3
2017-11-03,226.9401397705078,226.98403312004288,225.93032476203422,226.34302407594734,59589700,SPY,4
2017-11-06,227.2913360595703,227.42304288718802,226.73814058666298,226.80837529575473,49652600,SPY,0
2017-11-07,227.13323974609375,227.7303284360704,226.62393772465506,227.39665334552245,57502200,SPY,1
2017-11-08,227.51962280273438,227.61622567589356,226.67667229483763,226.95766472977436,50469600,SPY,2
2017-11-09,226.6942901611328,226.8874691438493,225.10493815060445,226.30793219569978,95085500,SPY,3
2017-11-10,226.62399291992188,226.7996198935873,225.99177333040575,226.30789652362077,59984700,SPY,4
2017-11-13,226.83473205566406,227.06304177030458,225.903968014781,225.93909877016756,50228600,SPY,0
2017-11-14,226.30792236328125,226.4132878407455,225.2454246060438,226.02692989209862,61315200,SPY,1
2017-11-15,225.1751708984375,225.86007324111657,224.46392718861364,225.3332191013062,80811500,SPY,2
2017-11-16,227.08935546875,227.45816136308622,226.07956744896717,226.1234607901662,67777000,SPY,3
2017-11-17,226.42201232910156,227.0630212716927,226.34298823430197,226.7381355052124,75756800,SPY,4
2017-11-20,226.80833435058594,227.00151326185545,226.42197652804694,226.66786495776105,48075500,SPY,0
2017-11-21,228.29232788085938,228.47674423089117,226.77326451983026,227.5810842362003,69176800,SPY,1
2017-11-22,228.0903778076172,228.43281553629973,227.923540238263,228.3011087175757,45033400,SPY,2
2017-11-24,228.6172332763672,228.72262554125498,228.44163309538325,228.58212931831912,27856500,SPY,4
2017-11-27,228.50306701660156,228.9596595671249,228.3010987054745,228.66111519213925,52274900,SPY,0
2017-11-28,230.82125854492188,230.84759991564025,228.87191672100803,228.9685196115876,98971700,SPY,1
2017-11-29,230.68077087402344,231.48861760093604,230.23296755517129,230.95297398053415,77512100,SPY,2
2017-11-30,232.70028686523438,233.61347193892445,231.52366137663006,231.60268546203156,127894400,SPY,3
2017-12-01,232.21739196777344,232.96376649281618,228.96850697187693,232.48083245733275,164390900,SPY,4
2017-12-04,231.9364013671875,234.27207398270193,231.88369183740713,233.84182273198832,94040600,SPY,0
2017-12-05,231.10218811035156,232.82321972152377,230.97048129261842,231.10218811035156,77994500,SPY,1
2017-12-06,231.14613342285156,231.5764115200741,230.68075136428126,231.19881616179032,75898600,SPY,2
2017-12-07,231.87496948242188,232.19106593447063,230.8827331797378,231.87496948242188,77218600,SPY,3
2017-12-08,233.13937377929688,233.1481363703664,231.83980381263683,232.8320399659141,76563900,SPY,4
2017-12-11,233.84188842773438,233.9033605656532,233.11309255372458,233.84188842773438,83077500,SPY,0
2017-12-12,234.2545166015625,234.72868798333855,233.87694809242296,234.63208511070204,85195800,SPY,1
2017-12-13,234.2281494140625,234.93939300986128,234.1403359386864,234.50035242989114,102905400,SPY,2
2017-12-14,233.27102661132812,234.64083097400206,233.21834388944902,234.5266761442945,100666700,SPY,3
2017-12-15,235.21359252929685,235.68135326002584,234.2251190555965,234.27807106783888,144610300,SPY,4
2017-12-18,236.7052001953125,237.0582226823926,236.51103378733504,236.61693784007014,83653600,SPY,0
2017-12-19,235.7960968017578,236.9963783509173,235.72547616128801,236.95226065103572,82382900,SPY,1
2017-12-20,235.6725311279297,236.81986069765932,235.37246073175245,236.76690868268003,76751500,SPY,2
2017-12-21,236.15792846679685,236.87283452131612,235.91081009094583,236.29914281498074,67032300,SPY,3
2017-12-22,236.0962371826172,236.21097555698415,235.55785564148545,236.17566522628107,78720900,SPY,4
2017-12-26,235.8137664794922,236.0344088728497,235.5490063810175,235.69019381094674,45244400,SPY,1
2017-12-27,235.928466796875,236.2903234957088,235.65487242793168,235.98141880803297,57751000,SPY,2
2017-12-28,236.4139404296875,236.458085074872,236.0432762399199,236.43160906131718,45116100,SPY,3
2017-12-29,235.52252197265625,237.01406682384695,235.32838250775353,236.9964251271889,96007400,SPY,4
2018-01-02,237.20823669433594,237.24354702205687,235.99912057530614,236.3874533785711,86655700,SPY,1
2018-01-03,238.7085723876953,238.8586210527526,237.37588383141548,237.37588383141548,90070400,SPY,2
2018-01-04,239.71469116210938,240.20012055188528,238.77036225821254,239.35286136561325,80636400,SPY,3
2018-01-05,241.3121795654297,241.43572529750236,240.01480124229727,240.50903803835863,83524000,SPY,4
2018-01-08,241.7534637451172,241.91231980048295,240.92384621080444,241.21508231230837,57319200,SPY,0
2018-01-09,242.30072021484375,242.9273372307883,241.89471871480728,242.17714751468668,57254000,SPY,1
2018-01-10,241.9299774169922,242.19476446057965,240.87091004430349,241.54164463350688,69574300,SPY,2
2018-01-11,243.695068359375,243.695068359375,242.31826219392283,242.4859525414737,62361500,SPY,3
2018-01-12,245.28370666503906,245.4513700767673,243.65975521977927,243.95985252636174,90816100,SPY,4
2018-01-16,244.44529724121094,247.19891001678477,243.7480597326887,246.54581714752038,106555100,SPY,1
2018-01-17,246.7752990722656,247.16363189211833,244.44532908703877,245.3808508074414,113258800,SPY,2
2018-01-18,246.36048889160156,247.0841754874419,245.86622514080076,246.66055932087906,100728000,SPY,3
2018-01-19,247.4813690185547,247.4813690185547,246.3605152129224,246.94298750417806,140920100,SPY,4
2018-01-22,249.49359130859375,249.49359130859375,247.21654675865042,247.26952571147552,91322400,SPY,0
2018-01-23,250.02308654785156,250.31432259158277,249.21111086946777,249.537657229793,97084700,SPY,1
2018-01-24,249.92613220214844,251.26765565769844,248.7434917947893,250.66748766942305,134816100,SPY,2
2018-01-25,250.03196716308594,250.88806078755948,249.23765987727975,250.7909910558432,84587300,SPY,3
2018-01-26,252.9268035888672,252.97094823259775,250.6144753682726,250.8704281134656,107743100,SPY,4
2018-01-29,251.24993896484375,252.7944359597177,251.09108288093321,252.35315110403943,90118300,SPY,0
2018-01-30,248.67276000976562,251.30279955496465,248.19616499755548,249.41411506549235,131796400,SPY,1
2018-01-31,248.79629516601562,250.0318868731522,247.71955947825106,249.52884281180746,108364800,SPY,2
2018-02-01,248.5138702392578,249.82008259719692,247.71956319659571,248.06377817761438,90102500,SPY,3
2018-02-02,243.103759765625,247.32244055496827,243.068449447011,247.19003359363614,173174800,SPY,4
2018-02-05,232.93658447265625,243.4568257933746,232.3893956385142,241.33866417280788,294681800,SPY,0
2018-02-06,237.52593994140625,238.0290110334515,228.32074628425286,229.41512387350136,355026800,SPY,1
2018-02-07,236.2374267578125,240.37665357916381,236.15797178860365,236.96994770614245,167376100,SPY,2
2018-02-08,227.37640380859375,236.67869466616017,227.34109348412244,236.537480302161,246449500,SPY,3
2018-02-09,230.79193115234375,232.6541399247731,223.21948299983993,230.17412171031333,283565300,SPY,4
2018-02-12,234.18099975585938,235.65490274640032,230.93315029553423,232.84831112453494,143736000,SPY,0
2018-02-13,234.76345825195312,235.31064696552554,232.38934443296543,232.97184346370133,81223600,SPY,1
2018-02-14,237.93185424804688,238.29371089294963,233.26305511165856,233.27188942349542,120735700,SPY,2
2018-02-15,240.96798706054688,240.9768213757664,237.2082317857768,239.67944293122517,111200300,SPY,3
2018-02-16,241.03854370117188,242.9890416924882,240.29718855174795,240.34133318716687,160420100,SPY,4
2018-02-20,239.5293731689453,241.53282330759552,238.73506595181618,240.08539630110135,86369700,SPY,1
2018-02-21,238.33792114257812,242.459533223255,238.24085141018608,239.9706803676999,98883700,SPY,2
2018-02-22,238.646728515625,240.98553172663568,237.97599417620197,239.2645377867042,110511300,SPY,3
2018-02-23,242.45066833496094,242.45066833496094,239.39698529899417,239.87358038725222,92766400,SPY,4
2018-02-26,245.26605224609375,245.36314889417284,242.9360828326745,243.5273892992287,86491400,SPY,0
2018-02-27,242.20355224609375,246.166307793249,242.14176591420014,245.45140168712348,99099200,SPY,1
2018-02-28,239.75001525878906,243.75688859718798,239.43230314588934,243.30676950336124,121907800,SPY,2
2018-03-01,236.263916015625,241.0915732815279,234.76353677396497,239.5382420133518,176855100,SPY,3
2018-03-02,237.48179626464844,238.04665368969444,233.72206839798824,234.58696929599878,139083200,SPY,4
2018-03-05,240.2266387939453,240.84444833177375,236.18445465329583,236.29038563735196,97307400,SPY,0
2018-03-06,240.83558654785153,241.2857056436137,239.33520751790135,241.2062506811617,79213200,SPY,1
2018-03-07,240.74732971191406,241.1003521582467,238.4703120392654,238.66447842483126,87063500,SPY,2
2018-03-08,241.91233825683594,242.03588399802885,240.42962775919693,241.42690880544725,66901200,SPY,3
2018-03-09,246.12216186523438,246.12216186523438,243.0066924846827,243.32443152283722,113625300,SPY,4
2018-03-12,245.813232421875,247.04001688016896,245.42489971089577,246.41340011494967,71924800,SPY,0
2018-03-13,244.22463989257812,247.481323592635,243.6156647659734,246.9782524995468,91968900,SPY,1
2018-03-14,242.9713134765625,245.37190301000297,242.4153174512642,245.1865710015702,105895100,SPY,2
2018-03-15,242.7065887451172,244.12751257278026,242.20351771522314,243.48325413852254,83433000,SPY,3
2018-03-16,242.9698486328125,244.02431508135098,242.91668452967286,243.23566914851065,100343700,SPY,4
2018-03-19,239.6822967529297,243.1469671358696,238.02528636146974,242.21656861885523,109208400,SPY,0
2018-03-20,240.0900115966797,240.7280078824896,239.40769386330302,240.081141898814,59757300,SPY,1
2018-03-21,239.62916564941406,242.1456984724284,239.4165092829428,240.04563572825745,78709600,SPY,2
2018-03-22,233.63912963867188,238.2468557136502,233.36441243083055,237.39620316841305,148785900,SPY,3
2018-03-23,228.65919494628906,234.41003001905378,228.46425092616556,234.08217576742703,183534800,SPY,4
2018-03-26,234.91510009765625,235.19865996621851,229.86432176745862,232.2745265667229,141956100,SPY,0
2018-03-27,230.9187774658203,236.38602565165627,229.35922530201648,235.85438472468334,129941400,SPY,1
2018-03-28,230.23651123046875,232.7264896554091,229.128880649277,231.0517392366013,146452300,SPY,2
2018-03-29,233.17840576171875,235.04810041461576,230.24540187918137,231.37961461585655,111601600,SPY,3
2018-04-02,228.14523315429688,233.16058581295172,225.66413886739997,232.6466302702924,186286300,SPY,0
2018-04-03,231.06939697265625,231.54790084231985,227.58701373854828,229.38580429555046,119956900,SPY,1
2018-04-04,233.54165649414065,234.2505291458164,227.37437789093514,227.50728813290456,123715300,SPY,2
2018-04-05,235.38475036621094,236.27085463283558,234.21508624424493,235.30497718546928,82652600,SPY,3
2018-04-06,230.13900756835938,234.91509563572035,228.61490710598252,233.41760426216345,179521200,SPY,4
2018-04-09,231.27325439453125,234.67589213371534,230.33398586952651,231.6011087043475,105442900,SPY,0
2018-04-10,234.95050048828125,235.73914613001537,233.02766970371306,234.17072454105025,103529000,SPY,1
2018-04-11,233.71888732910156,235.38476780042342,233.3910330528483,233.46190950105515,91140200,SPY,2
2018-04-12,235.6417236328125,236.58986177865168,234.87081717392303,235.0480488608727,68890500,SPY,3
2018-04-13,234.95050048828125,237.06830230140872,233.9403558597331,236.95310443987438,85079200,SPY,4
2018-04-16,236.8822479248047,237.65318137210718,235.76577490790555,236.58984540750555,63405300,SPY,0
2018-04-17,239.41651916503906,240.01906358941528,238.14052683003248,238.65445541746945,64682000,SPY,1
2018-04-18,239.5936737060547,240.40000454987512,239.13288231901666,239.85949408953965,57303900,SPY,2
2018-04-19,238.2646484375,239.14188322607453,237.22789428956048,238.93806945907434,77655900,SPY,3
2018-04-20,236.2442626953125,238.4152291228504,235.3581583643596,238.19370304011218,99953100,SPY,4
2018-04-23,236.2088623046875,237.37852663195872,235.12781382798426,236.82027651931742,65558000,SPY,0
2018-04-24,233.0277862548828,237.4583090421641,231.52139769050115,237.23678290280003,112885500,SPY,1
2018-04-25,233.6036834716797,234.04673562648946,231.14031457260768,232.9656872870833,103840900,SPY,2
2018-04-26,235.97848510742188,236.81142549326495,234.18856376856922,234.63161601458094,67731900,SPY,3
2018-04-27,236.19992065429688,236.89108081136385,235.26065241627643,236.58980864461697,57053600,SPY,4
2018-04-30,234.38343811035156,237.3784747290615,234.3125346286959,236.82022473848178,82182300,SPY,0
2018-05-01,234.79989624023438,234.90622441555632,232.25675451893468,233.8163065349993,74203400,SPY,1
2018-05-02,233.22267150878906,235.42019295022632,232.83278343851634,234.60499210638935,86368900,SPY,2
2018-05-03,232.70867919921875,233.36438764969256,229.5452807352908,232.38969466928685,136311500,SPY,3
2018-05-04,235.72145080566406,236.4037684079162,231.40612728920104,231.73398154608535,91222100,SPY,4
2018-05-07,236.51895141601562,237.49364442920773,235.8011821160168,236.4923693709605,55304900,SPY,0
2018-05-08,236.51895141601562,236.8822303511844,234.9505296324971,236.14677574348863,67499200,SPY,1
2018-05-09,238.80511474609375,239.1329690185073,236.66960008535708,237.19239839025408,59666100,SPY,2
2018-05-10,241.0380401611328,241.36592141036263,239.44306351436387,239.5493916852481,72063900,SPY,3
2018-05-11,241.77359008789062,242.0394105902405,240.6482201971692,241.1621758907258,59871500,SPY,4
2018-05-14,241.88873291015625,242.86342589134986,241.33932559412833,242.20771744034602,54790600,SPY,0
2018-05-15,240.22291564941406,240.6748105189396,239.27477742218028,240.65709816542758,87036100,SPY,1
2018-05-16,241.2330780029297,241.69386964502854,240.2317756013078,240.25838469613322,53942600,SPY,2
2018-05-17,241.0292510986328,242.11029947923785,240.24947494976902,240.96721730457352,56536400,SPY,3
2018-05-18,240.42669677734372,241.0469806787529,240.07226042300726,240.68367462698586,64368000,SPY,4
2018-05-21,242.2343292236328,242.7748669107104,241.52545659723572,241.9153446542813,58025900,SPY,0
2018-05-22,241.5608673095703,243.01409126380685,241.23301306280507,242.75711345887365,52966400,SPY,1
2018-05-23,242.22555541992188,242.2521645196592,240.12549171504224,240.28501110462614,64694200,SPY,2
2018-05-24,241.729248046875,242.10142376021437,239.93932705278604,241.8267335839373,76043800,SPY,3
2018-05-25,241.1532440185547,241.78237040641957,240.64815815255253,241.1532440185547,56374800,SPY,4
2018-05-29,238.3798065185547,240.28495269640374,237.26333331346677,239.5228888169118,115908600,SPY,1
2018-05-30,241.5608673095703,242.0039194358489,239.62032387488537,239.6912003167174,69678400,SPY,2
2018-05-31,240.08106994628906,241.45452061576006,239.4785255907633,241.15324843799718,93519900,SPY,3
2018-06-01,242.43814086914062,242.7394130848632,241.31277110614707,241.38367459323302,71258400,SPY,4
2018-06-04,243.590087890625,243.84706573171275,243.0229951509164,243.26223359773354,45385200,SPY,0
2018-06-05,243.76736450195312,244.14838296434783,242.95213642630986,243.723043049869,51135000,SPY,1
2018-06-06,245.80532836914062,245.91165655887366,243.75842959150788,244.37871342062695,62732200,SPY,2
2018-06-07,245.7787322998047,246.58509041495313,244.86604600098937,246.29268790986913,72969400,SPY,3
2018-06-08,246.50535583496094,246.55851992928706,245.14961734613055,245.31797932541565,72139700,SPY,4
2018-06-11,246.83316040039062,247.5509025710418,246.61163437138094,246.72683223314624,58892500,SPY,0
2018-06-12,247.15220642089844,247.51548536240927,246.5053405909237,247.24966490721712,72329000,SPY,1
2018-06-13,246.3636474609375,247.64850987778294,246.15983367898346,247.3915319860609,79070600,SPY,2
2018-06-14,246.98390197753906,247.51554301174895,246.3902001003225,247.23201014075755,77097600,SPY,3
2018-06-15,246.66876220703125,247.00699817002496,245.0844151934163,246.19701919632521,120041600,SPY,4
2018-06-18,246.1614532470703,246.28607795649867,244.72843206777574,245.20905752737158,52917600,SPY,0
2018-06-19,245.2178955078125,245.44041628413538,243.46443070386098,243.88277084987524,97531500,SPY,1
2018-06-20,245.63624572753906,246.30380808388492,245.2980097875481,245.9032598048047,53785500,SPY,2
2018-06-21,244.09643554687497,245.6451989601407,243.59799107183375,245.62737990969782,71061400,SPY,3
2018-06-22,244.5414581298828,245.47606182010338,244.31893732219,245.3603466539936,54898500,SPY,4
2018-06-25,241.21255493164062,243.54456864427982,239.52140223007044,243.38436018230868,137854200,SPY,0
2018-06-26,241.7466278076172,242.6011001631915,241.0256625133535,241.78223874502882,68547400,SPY,1
2018-06-27,239.74391174316406,243.76707796784706,239.5925856496416,242.33405707575008,105110700,SPY,2
2018-06-28,241.11465454101562,241.88011306565497,238.978433099861,239.69051596797388,76650500,SPY,3
2018-06-29,241.46185302734375,243.5802561230529,241.3461378251624,242.20951991467763,97592500,SPY,4
2018-07-02,241.9779815673828,242.1382171714129,239.64596816219714,239.88630798665181,63554800,SPY,0
2018-07-03,241.12359619140625,242.9749849405487,240.6963735286739,242.87706163821207,42187100,SPY,1
2018-07-05,243.09060668945312,243.15291903184198,241.17693326589728,242.25395348199058,56925900,SPY,3
2018-07-06,245.14666748046875,245.5204871224846,242.7345230355995,243.11727936285172,66493700,SPY,4
2018-07-09,247.35409545898435,247.4074982735279,246.10798451433288,246.15247780539204,50550400,SPY,0
2018-07-10,248.24427795410156,248.34220126208288,247.51440297894,247.80814573969167,51966800,SPY,1
2018-07-11,246.42843627929688,247.47875516139752,246.12581123299168,246.68656802824566,77054700,SPY,2
2018-07-12,248.66253662109375,248.7159394394771,247.08709915241894,247.69234920288554,60124700,SPY,3
2018-07-13,248.85836791992188,249.1609929596388,248.03059703217986,248.48454817334755,48216000,SPY,4
2018-07-16,248.63583374023438,249.04526439981092,248.19079214755195,248.90287499375373,48201000,SPY,0
2018-07-17,249.64167785644534,250.03331670286568,247.80810833147197,247.86151115933035,52315500,SPY,1
2018-07-18,250.16680908203125,250.27361473147613,249.27672578574192,249.72176743388658,44593500,SPY,2
2018-07-19,249.22323608398438,249.88188880141823,248.7425836658471,249.4991596365946,61412100,SPY,3
2018-07-20,248.9385223388672,249.65060536692434,248.7783138437506,249.01862658642546,82337700,SPY,4
2018-07-23,249.4013671875,249.60606897491567,248.3866591234475,248.73380467057754,47047600,SPY,0
2018-07-24,250.65631103515625,251.5019009205985,249.78404690405054,250.81654665141787,68026900,SPY,1
2018-07-25,252.7925567626953,253.11297369973812,250.36261967071164,250.40711296868352,78882900,SPY,2
2018-07-26,252.1962127685547,252.8815671683263,251.9736919313731,252.07161522459083,57919500,SPY,3
2018-07-27,250.48730468749997,252.62349960510556,249.56161026336713,252.52557629752616,76768700,SPY,4
2018-07-30,249.1787109375,250.72744644291146,248.65353813930957,250.56723804507723,63742500,SPY,0
2018-07-31,250.40713500976562,251.02129468967553,249.56157213157385,249.94430145001397,68570500,SPY,1
2018-08-01,249.98875427246094,251.1191773198077,249.3390109215254,250.6118233771332,53853300,SPY,2
2018-08-02,251.35052490234378,251.51961566438914,248.47554733677848,248.68027618393285,63426400,SPY,3
2018-08-03,252.42767333984375,252.4810761741031,251.29724996724136,251.47527752356672,53935400,SPY,4
2018-08-06,253.35325622558594,253.66476356725832,252.0715344411289,252.46317316211187,39400900,SPY,0
2018-08-07,254.18997192382812,254.57272837941383,253.8873468672899,254.02088109024493,43196600,SPY,1
2018-08-08,254.08314514160156,254.48369345077717,253.6203116518387,254.0208599610143,42114600,SPY,2
2018-08-09,253.73609924316406,254.53716892699396,253.602592156391,254.14553003033194,35717000,SPY,3
2018-08-10,252.0360107421875,252.83708034392725,251.3239277470497,252.29414252562424,77076000,SPY,4
2018-08-13,251.09246826171875,252.9260374230417,250.7987256035672,252.3118778612878,65732900,SPY,0
2018-08-14,252.6946258544922,252.9349657132084,251.43072286782095,251.82236166562507,43842000,SPY,1
2018-08-15,250.8075256347656,251.4839972424043,249.36559587167963,251.3415807374714,102925400,SPY,2
2018-08-16,252.8370819091797,253.7093733974278,252.21401267997547,252.24962362075001,69967900,SPY,3
2018-08-17,253.7271270751953,254.17216869669298,252.2228842214784,252.63231490756448,65618500,SPY,4
2018-08-20,254.27008056640625,254.53709466204705,253.7271156876917,254.18106681346475,39807500,SPY,0
2018-08-21,254.8664093017578,255.72979105527017,254.30565256368928,254.78630507677408,67272000,SPY,1
2018-08-22,254.7151184082031,255.24026423066772,254.1899454225552,254.45698667743804,44993300,SPY,2
2018-08-23,254.37677001953125,255.40035980288047,254.05632608793954,254.53697840374147,49204900,SPY,3
2018-08-24,255.90785217285156,256.0502687570379,254.90205372172593,254.95545654539757,57487400,SPY,4
2018-08-27,257.9282531738281,258.0350587887634,256.94915643162534,257.10936485402823,57072400,SPY,0
2018-08-28,258.0528869628906,258.49792848298426,257.59002639755886,258.3910957010917,46943500,SPY,1
2018-08-29,259.4414367675781,259.67283990707574,258.0262078708807,258.26652053376785,61485500,SPY,2
2018-08-30,258.3911437988281,259.3346298239958,257.79480326227804,258.96081008891326,61229500,SPY,3
2018-08-31,258.40008544921875,258.84512710748453,257.49221024510393,257.98174520392143,66140800,SPY,4
2018-09-04,257.95501708984375,258.3110449469662,256.94921870016407,257.9817185000483,57594400,SPY,1
2018-09-05,257.26080322265625,257.8037682198416,256.2461222746419,257.59903925972424,72452400,SPY,2
2018-09-06,256.4864501953125,257.67024923193327,255.45395013379505,257.3676241185354,65909900,SPY,3
2018-09-07,255.98797607421875,256.9670731887261,255.19578885692113,255.43612874509316,73524800,SPY,4
2018-09-10,256.4329528808594,257.26963318859396,256.2371335074921,257.00259195408523,50210900,SPY,0
2018-09-11,257.278564453125,257.72360609871987,255.43611268438386,255.78323104309095,50530500,SPY,1
2018-09-12,257.34088134765625,257.9461314771901,256.5487213293637,257.2874785222966,59810800,SPY,2
2018-09-13,258.8628845214844,259.04982155055575,258.12412741894815,258.408960561471,51034200,SPY,3
2018-09-14,258.9074401855469,259.2545585551112,258.1241625186905,259.06764866380735,55079900,SPY,4
2018-09-17,257.5367431640625,258.88966023457033,257.2608194665457,258.8540764539298,68244000,SPY,0
2018-09-18,258.9341125488281,259.53045309429,257.7235852458988,257.7502866559466,61930400,SPY,1
2018-09-19,259.2100524902344,259.62839271610574,258.8629069745772,258.9875316714344,49080600,SPY,2
2018-09-20,261.3105773925781,261.63102142465954,259.22778625517816,260.4739242916084,100360600,SPY,3
2018-09-21,261.0718688964844,262.17163696286957,260.9109352144216,262.0553979859982,105479700,SPY,4
2018-09-24,260.2046813964844,260.6338653373801,259.6235135690867,260.4908040237482,53409600,SPY,0
2018-09-25,259.9631652832031,260.7678609394908,259.7217647721598,260.66057182347157,44370000,SPY,1
2018-09-26,259.1853332519531,261.29542563332217,258.76509928974514,260.10626802621977,79739700,SPY,2
2018-09-27,259.9095458984375,261.00036416052205,259.38202283615465,259.6591955080974,59249500,SPY,3
2018-09-28,259.9364318847656,260.43713278815665,259.2479749641412,259.28371982427427,70091400,SPY,4
2018-10-01,260.8395080566406,261.9124269260284,260.16892353096546,261.17924796261315,62078900,SPY,0
2018-10-02,260.68743896484375,261.4027180521618,260.3119269941536,260.68743896484375,47258200,SPY,1
2018-10-03,260.83050537109375,262.16272429404654,260.47286582039857,261.7424903182888,64694600,SPY,2
2018-10-04,258.79193115234375,260.4013227812266,257.2004119509289,260.34767821267377,111545900,SPY,3
2018-10-05,257.343505859375,259.53406544943476,255.91292018222546,259.0154921256211,105951700,SPY,4
2018-10-08,257.343505859375,257.7011454571243,255.26915799181577,256.6550216654015,87742200,SPY,0
2018-10-09,256.9678649902344,258.27326128488613,256.40456988547504,256.9589424219697,74339000,SPY,1
2018-10-10,248.83154296875,256.52986717887353,248.45603093088235,256.45832288565384,214731000,SPY,2
2018-10-11,243.35060119628906,249.36796061249984,241.7322325341016,247.74066938025734,274840500,SPY,3
2018-10-12,246.73036193847656,247.7496360271475,243.52942382197313,247.4635134707614,183186500,SPY,4
2018-10-15,245.34446716308594,247.7049372856472,245.25505045490135,246.3726910918379,102263700,SPY,0
2018-10-16,250.70912170410156,251.08466093328602,246.83762686047461,247.31150536031086,118255800,SPY,1
2018-10-17,250.7538604736328,251.37972284928375,248.169862262265,250.74491061710347,110626000,SPY,2
2018-10-18,247.13270568847656,250.4141107837629,245.85413127862012,249.8150433637194,134557500,SPY,3
2018-10-19,246.9985809326172,249.72561317415597,246.30117426613575,247.78540430734466,139901600,SPY,4
2018-10-22,245.88986206054688,247.99100439047254,245.35338915850716,247.66913702093586,82415800,SPY,0
2018-10-23,244.6381072998047,245.76469777802023,240.16754481310545,242.25979206869093,146352700,SPY,1
2018-10-24,237.22593688964844,244.77224863110285,236.6715915011302,244.3877595156465,177806700,SPY,2
2018-10-25,241.48190307617188,243.028727595172,238.03959162211592,239.0678155870735,138061500,SPY,3
2018-10-26,237.2349090576172,242.30454003774642,234.51682611429473,237.76245955881376,201574600,SPY,4
2018-10-29,235.9205322265625,241.63392470926993,232.33515933587503,240.33745055400144,160749100,SPY,0
2018-10-30,239.41647338867188,239.7294181935654,235.25885608407432,235.75063428780575,157116000,SPY,1
2018-10-31,241.97364807128906,244.29834581553112,241.51764200650072,241.9915204966383,128296300,SPY,2
2018-11-01,244.5487518310547,244.74545769922514,241.75017496005526,242.84099344970022,99495000,SPY,3
2018-11-02,243.1002655029297,246.0865980373183,241.04379034080017,245.65741420586508,122634100,SPY,4
2018-11-05,244.44140625,244.99575158155255,242.61740928316135,243.5919885412369,65622500,SPY,0
2018-11-06,245.9882049560547,246.14913864319658,244.3162190941852,244.3788135123445,60085900,SPY,1
2018-11-07,251.25454711914062,251.3350139649229,247.74066446976883,248.16984826675412,102752100,SPY,2
2018-11-08,250.7985076904297,251.44226965723053,249.6540450034663,250.44979078559714,65584900,SPY,3
2018-11-09,248.34873962402347,249.67200888943128,246.93602634978998,249.4842528721253,98812600,SPY,4
2018-11-12,243.708251953125,248.0804479122817,243.18965142015946,247.83904735902766,99673600,SPY,0
2018-11-13,243.25221252441406,246.17595019126784,242.52798367770583,244.1731471866569,98176600,SPY,1
2018-11-14,241.58917236328125,245.5321838880745,240.02447572177334,245.12984969480172,125335900,SPY,2
2018-11-15,244.11061096191406,244.5755669746374,238.73701281838885,240.31958228916,135101400,SPY,3
2018-11-16,244.74545288085938,245.65743791379424,242.49227165596548,243.01087224645588,126668000,SPY,4
2018-11-19,240.60562133789062,244.43242082604078,239.68468677583542,244.13734849176728,103061700,SPY,0
2018-11-20,236.1529998779297,238.72804836086445,235.28570962202662,237.26169069680185,136021300,SPY,1
2018-11-21,236.9576873779297,238.86215138841197,236.9487648074181,237.70873861136033,75563700,SPY,2
2018-11-23,235.3751220703125,236.7788852824275,235.21418836458116,235.31252764492294,42807900,SPY,4
2018-11-26,239.17506408691406,239.39859218419156,237.2437780520992,237.63718968619915,79981400,SPY,0
2018-11-27,239.9798126220703,239.9798126220703,237.5299528680302,238.13794287782616,75502400,SPY,1
2018-11-28,245.50543212890625,245.50543212890625,239.9172282326189,241.05276872748166,127629600,SPY,2
2018-11-29,244.9689483642578,246.372684227668,243.58305764137964,244.72752053027097,82346400,SPY,3
2018-11-30,246.46212768554688,247.02542297779553,244.4950963775198,244.81696380957584,98204200,SPY,4
2018-12-03,249.7256317138672,250.70916100529405,248.12518984788434,250.60187186189302,103176300,SPY,0
2018-12-04,241.63394165039062,249.323315833591,241.32099676826604,248.8941319421499,177986000,SPY,1
2018-12-06,241.26730346679688,241.383542452638,234.6508767053619,237.76239789607098,204185400,SPY,3
2018-12-07,235.66123962402344,242.50119483388949,234.82077168595902,240.92754809263727,161018900,SPY,4
2018-12-10,236.1083221435547,237.0829016086357,231.2353975319984,235.482432405614,151445900,SPY,0
2018-12-11,236.1619415283203,239.50591358268358,234.6866613446982,239.31815759578762,121504400,SPY,1
2018-12-12,237.3511199951172,240.51628619708956,237.27065313652687,239.1482950287529,97976700,SPY,2
2018-12-13,237.27064514160156,239.16615939870508,236.1530044441443,238.29886912603226,96662700,SPY,3
2018-12-14,232.88951110839844,236.07254979647172,232.33516565957632,235.1158427612974,116961100,SPY,4
2018-12-17,228.320556640625,233.0504055160485,226.68432921377234,231.93276494932454,165492300,SPY,0
2018-12-18,228.07025146484375,230.6363639921175,226.46084600104814,229.96577951912568,134515100,SPY,1
2018-12-19,224.65472412109375,231.93280004725392,222.94697944544566,228.15070761718408,214992800,SPY,2
2018-12-20,220.9977264404297,224.9765232827397,218.74455971728486,223.402890611138,252053400,SPY,3
2018-12-21,216.46963500976562,224.5726410343925,215.8221135995942,221.90161864812129,255345600,SPY,4
2018-12-24,210.7498779296875,216.5955475889452,210.6869316999535,214.97674401567878,147311600,SPY,0
2018-12-26,221.3979949951172,221.3979949951172,210.22827050792478,212.21580430406206,218485400,SPY,2
2018-12-27,223.0977325439453,223.29557334632165,214.90480143725537,218.1513968614216,186267300,SPY,3
2018-12-28,222.8099365234375,226.0924992212644,221.64079990409365,224.45571893237823,153100200,SPY,4
2018-12-31,224.761474609375,225.00429854853064,222.55810980899943,224.4377139314152,144299400,SPY,0
2019-01-02,224.9953155517578,225.92164195797136,221.19113755446438,221.2181164696921,126925200,SPY,2
2019-01-03,219.6262664794922,223.5473615598497,219.14061864636642,223.24157770380162,144140700,SPY,3
2019-01-04,226.98287963867188,227.63040113640858,222.2883556414537,222.6660742280091,142628800,SPY,4
2019-01-07,228.7725372314453,230.18448416653186,226.3533271053869,227.25266090851673,103139100,SPY,0
2019-01-08,230.92190551757812,231.407553402941,228.43076103547978,230.9668886701133,102512600,SPY,1
2019-01-09,232.00112915039062,232.84650507308868,230.40031616931114,231.63239901853396,95006600,SPY,2
2019-01-10,232.8195037841797,233.0713161127741,229.7797516026208,230.46325397115652,96823900,SPY,3
2019-01-11,232.9095001220703,232.93647904088223,231.1557880628197,231.74034960073917,73858100,SPY,4
2019-01-14,231.4885711669922,232.29796629557157,230.59823927010444,231.00292311164606,70908200,SPY,0
2019-01-15,234.14154052734375,234.45631281983424,231.8572251836976,231.8662273034933,85208300,SPY,1
2019-01-16,234.70814514160156,235.59847682156547,234.36639390612345,234.5732231151311,77636700,SPY,2
2019-01-17,236.4888153076172,237.35219554172227,233.79081382839195,233.83579698700657,96118400,SPY,3
2019-01-18,239.63644409179688,240.10411516934417,236.52475725147548,238.30544781381963,127900300,SPY,4
2019-01-22,236.39886474609375,238.37741004455046,234.78007491680293,238.16157871944208,115531200,SPY,1
2019-01-23,236.89353942871094,238.13462456812618,234.42037127119247,237.43314524308607,86030300,SPY,2
2019-01-24,237.01939392089844,237.60398280267032,235.6973722379844,236.7136237456956,59204100,SPY,3
2019-01-25,239.0249481201172,239.85234733316568,237.11836476084255,238.87204929051913,96883400,SPY,4
2019-01-28,237.2083282470703,237.27126076414916,235.43663929155764,236.8755790813207,85613700,SPY,0
2019-01-29,236.89353942871094,237.91876577508106,236.05716551145,237.35220848775356,66136300,SPY,1
2019-01-30,240.64370727539062,241.48908317680105,237.64893803202327,238.41337719123322,92473700,SPY,2
2019-01-31,242.7571563720703,243.242804289452,240.3649252659532,240.58078403228308,104012100,SPY,3
2019-02-01,242.8740997314453,243.8993535043957,242.08268154435896,242.95503648528486,85782500,SPY,4
2019-02-04,244.58273315429688,244.64569308677306,242.2444605443687,242.91896067537795,60744800,SPY,0
2019-02-05,245.60812377929688,245.91389404943556,244.51093518856587,245.01456003885264,79552800,SPY,1
2019-02-06,245.28431701660156,245.8239228411092,244.54688408344987,245.3293001785144,58347800,SPY,2
2019-02-07,242.94601440429688,244.2140507458465,241.28224160093168,243.665470372813,95482000,SPY,3
2019-02-08,243.24282836914062,243.3417419191554,240.86857382289284,241.6959730438404,75788900,SPY,4
2019-02-11,243.37765502929688,244.1600708719117,242.84705149747168,243.89928388802906,68021400,SPY,0
2019-02-12,246.50741577148438,246.88512062206982,244.92457940010192,244.99654147816,72270200,SPY,1
2019-02-13,247.30772399902344,248.15309973120762,246.92101715964694,247.343705025739,65277200,SPY,2
2019-02-14,246.75926208496094,247.89243168351922,245.40125899116464,246.2196562072906,83234400,SPY,3
2019-02-15,249.44825744628906,249.48423848962256,248.33309211240146,248.53992135920637,97088700,SPY,4
2019-02-19,249.8798828125,250.53637887145172,248.63879787162224,248.64779999149417,59120800,SPY,1
2019-02-20,250.38351440429688,250.84218340260153,249.34028395344964,249.84390866137753,76610800,SPY,2
2019-02-21,249.49317932128906,250.10471968025473,248.53088562835066,249.74499167177422,64214700,SPY,3
2019-02-22,251.04005432128906,251.23788141294105,249.47519482007914,250.11371414406406,78114600,SPY,4
2019-02-25,251.38183593749997,252.9916515215449,251.30089916898325,252.47004986482725,69030700,SPY,0
2019-02-26,251.2019500732422,252.08327972499873,250.8242177614234,251.03107443759706,56844100,SPY,1
2019-02-27,251.093994140625,251.44472003169815,249.54713899180484,250.48242633165853,56921600,SPY,2
2019-02-28,250.62632751464844,251.31883208011348,250.30258053247402,250.8781398715025,69268300,SPY,3
2019-03-01,252.1910858154297,252.6047714975034,250.7521468765693,252.20906260317986,78880500,SPY,4
2019-03-04,251.27389526367188,253.49525117487508,248.97160259199893,253.2524408934659,106494600,SPY,0
2019-03-05,250.93209838867188,251.59762404077725,250.3835179633231,251.39976951374408,59114600,SPY,1
2019-03-06,249.41226196289062,251.0580583928044,249.08851492811652,251.0490562711186,75039800,SPY,2
2019-03-07,247.32583618164062,249.1064998217541,246.4804600804881,248.96260309756923,94885100,SPY,3
2019-03-08,246.83120727539062,247.0020829347133,244.99658563660455,245.4642294463056,85795800,SPY,4
2019-03-11,250.41049194335938,250.57236543169935,247.52363828601088,247.55061720073422,65098900,SPY,0
2019-03-12,251.35491943359375,251.8765486653438,250.77935978826963,250.9682122950397,79667500,SPY,1
2019-03-13,253.01852416992188,253.95383884464096,252.0832094952028,252.24511040972988,80639200,SPY,2
2019-03-14,252.8566131591797,253.46815335953383,252.4159485214952,253.0454655116901,67518400,SPY,3
2019-03-15,254.1059112548828,254.9188712320424,253.22067224140326,253.41038403696166,81309000,SPY,4
2019-03-18,255.02728271484375,255.32538552246305,254.09688990367684,254.32271366916763,62199800,SPY,0
2019-03-19,255.09051513671875,256.86096570593054,254.19626186361276,256.0931869709568,90268100,SPY,1
2019-03-20,254.32275390625,256.0841905823107,253.21171844673714,254.87377831574292,84609200,SPY,2
2019-03-21,257.1951599121094,257.60162606639886,253.4555058944144,253.50068717802785,79550400,SPY,3
2019-03-22,252.24520874023438,256.35519126701297,252.18197145425083,255.83129213008306,122659300,SPY,4
2019-03-25,252.05555725097656,253.0943414522999,250.79094919865304,251.9019849030857,85575200,SPY,0
2019-03-26,253.93429565429688,254.89178618542957,252.52515760597416,253.8168628892072,68125900,SPY,1
2019-03-27,252.60653686523438,254.51250437128624,251.05286777441142,253.9253403459047,72224700,SPY,2
2019-03-28,253.5640106201172,254.01565826063356,252.0826206937433,253.23883755080985,56238500,SPY,3
2019-03-29,255.1627655029297,255.48793845065262,253.9523535868932,255.08147226599894,82186800,SPY,4
2019-04-01,258.1888122558594,258.48691505981185,256.8971069490714,257.1681120041534,77617900,SPY,0
2019-04-02,258.3153381347656,258.55020371590723,257.52043392140894,258.37857541682416,40070400,SPY,1
2019-04-03,258.7218017578125,259.9322139170012,258.11658189502833,259.5347618568044,68243200,SPY,2
2019-04-04,259.4082336425781,259.66115512252776,258.3513940024355,259.0469211807035,48997500,SPY,3
2019-04-05,260.66387939453125,260.71807489642094,259.7876820254754,260.0767430798067,58621700,SPY,4
2019-04-08,260.8625183105469,260.9709092781299,259.5798275392837,260.23924268057414,53566300,SPY,0
2019-04-09,259.52569580078125,260.22122305785626,258.974699058107,259.8960500752374,66142300,SPY,1
2019-04-10,260.4109802246094,260.50131525764226,259.5257410070982,259.94124907939124,52601500,SPY,2
2019-04-11,260.3387145996094,260.907795014049,259.7696341851698,260.8987532403648,55093100,SPY,3
2019-04-12,262.1001281738281,262.3801474694427,260.3838728749829,261.9555976395785,69727800,SPY,4
2019-04-15,261.928466796875,262.2717233265553,261.12452097037357,262.1723465365218,49596700,SPY,0
2019-04-16,262.1001281738281,262.8679345767375,261.50395005744133,262.81373907219154,52153200,SPY,1
2019-04-17,261.4588317871094,263.247338812462,261.0432961073904,263.2202410565137,58268300,SPY,2
2019-04-18,261.9736328125,262.244637880087,260.74516471851695,262.04591185707466,68708500,SPY,3
2019-04-22,262.1993713378906,262.35294358289747,261.11543411909406,261.2057691122528,40160100,SPY,0
2019-04-23,264.55706787109375,264.7919334135166,262.3349696892673,262.56980766531194,52246600,SPY,1
2019-04-24,263.9700012207031,264.81005925215806,263.82547066157343,264.4758443944643,50392900,SPY,2
2019-04-25,263.807373046875,264.46678851904784,262.61504423880285,263.87061033181976,57770900,SPY,3
2019-04-26,265.0357971191406,265.1080485920783,263.0756347817953,263.8524828393526,50916400,SPY,4
2019-04-29,265.4512939453125,265.97522047598136,265.0357859690539,265.12612098120803,57197700,SPY,0
2019-04-30,265.5868835449219,265.8759446670446,263.6899854011578,265.1081381216999,81111700,SPY,1
2019-05-01,263.5906066894531,266.4269672429644,263.58156491495606,266.2191993942316,71671900,SPY,2
2019-05-02,263.0214538574219,264.39448001669587,261.52198072190737,263.4731013958403,65030200,SPY,3
2019-05-03,265.5958557128906,265.87587498706483,263.12985017934074,264.5028763663921,56543700,SPY,4
2019-05-06,264.50286865234375,264.94547441479875,260.9619398535701,261.27809864091415,107198100,SPY,0
2019-05-07,260.0857849121094,262.68727954466215,258.1708034649198,262.09110139417027,144729900,SPY,1
2019-05-08,259.72442626953125,261.4406813621305,259.1282482247884,259.72442626953125,91568300,SPY,2
2019-05-09,258.9385070800781,259.54369919725093,255.90342202528907,257.64680205017555,103471100,SPY,3
2019-05-10,260.2394104003906,260.99817522885303,255.00028053759618,257.9992278832246,112429300,SPY,4
2019-05-13,253.69947814941406,256.0751489501682,252.85942022434816,255.1086440308686,127290500,SPY,0
2019-05-14,255.99391174316406,257.52952495509663,254.59381489481635,254.72026191673743,77003200,SPY,1
2019-05-15,257.4932556152344,258.1345873095893,254.15105328181593,254.35882104370518,73956400,SPY,2
2019-05-16,259.8780212402344,261.24197814828574,258.1256264738724,258.1978779554303,76749600,SPY,3
2019-05-17,258.19781494140625,260.69091772559085,257.54744150059173,257.5655250413527,100353000,SPY,4
2019-05-20,256.49066162109375,258.3062660761495,255.74091123060737,256.5900108529238,62877600,SPY,0
2019-05-21,258.80316162109375,259.1825302339536,257.935978230355,258.1888998277238,46847100,SPY,1
2019-05-22,258.0081481933594,258.9656386618221,257.529402959128,257.84556171374305,49482500,SPY,2
2019-05-23,254.85574340820312,255.82224840688514,253.43756320335456,255.7770946694606,98733800,SPY,3
2019-05-24,255.43380737304688,256.71649864517656,254.8105314996968,256.3009630186892,55268100,SPY,4
2019-05-28,253.0580596923828,256.6712392776858,253.04000371835042,255.71374889289032,70029400,SPY,1
2019-05-29,251.35995483398438,252.34454333104983,249.95081647429592,251.93807701559138,104972900,SPY,2
2019-05-30,252.04652404785156,252.95886125816534,250.94450251483502,252.11877555341817,62523800,SPY,3
2019-05-31,248.6500244140625,250.32112580965443,248.62292666457193,249.4901097810255,86862800,SPY,4
2019-06-03,248.01771545410156,249.80622191658364,246.68082892649687,248.68614493471603,96428000,SPY,0
2019-06-04,253.4013671875,253.53685593595583,249.86948012373486,250.3211276628397,77231900,SPY,1
2019-06-05,255.59640502929688,255.623502782955,253.2117200082374,255.02732463609456,71169700,SPY,2
2019-06-06,257.25836181640625,257.93583295275533,255.24403194680585,255.8944053403558,69430400,SPY,3
2019-06-07,259.8327941894531,260.91675918660377,258.1074974782821,258.2791257289372,74272200,SPY,4
2019-06-10,261.025146484375,262.69624767871085,260.9348114748265,261.38645895619436,60799100,SPY,0
2019-06-11,260.9620361328125,263.22027463788424,260.31166234069633,262.8499202150859,58641300,SPY,1
2019-06-12,260.50128173828125,261.2871440484228,259.9863969259891,260.7271055086152,47096300,SPY,2
2019-06-13,261.5760803222656,261.9374202736285,260.7089250850043,261.4134938839731,48945200,SPY,3
2019-06-14,261.2872009277344,261.8923933268012,260.5193944281804,261.2872009277344,52324700,SPY,4
2019-06-17,261.38653564453125,262.15434210139864,261.2149073459474,261.5220244154178,39205700,SPY,0
2019-06-18,264.1235656738281,265.18043340594187,262.8499158700551,263.2112560780039,85434800,SPY,1
2019-06-19,264.7196044921875,265.2525451818735,263.2833688912291,264.25891526619915,78674400,SPY,2
2019-06-20,267.2489318847656,267.65542579275825,264.7829533798564,267.4115459877935,116570000,SPY,3
2019-06-21,266.86053466796875,268.240211813812,266.64269819769527,266.97853865618913,83309500,SPY,4
2019-06-24,266.5336608886719,267.3868625828975,266.3793416575258,267.0691937724894,47582700,SPY,0
2019-06-25,263.9195251464844,266.61536118144767,263.8106069552464,266.58813163363817,82028700,SPY,1
2019-06-26,263.6562805175781,265.32642403868346,263.54736232931435,264.8181206931494,51584900,SPY,2
2019-06-27,264.5911560058594,265.09945926962877,264.03747940443037,264.4186930020322,40355200,SPY,3
2019-06-28,265.95269775390625,266.45191528725695,265.0540951136945,265.57145644264745,59350900,SPY,4
2019-07-01,268.3671875,269.51088388380225,267.1599462725521,269.2930198056535,78705600,SPY,0
2019-07-02,269.0660705566406,269.12052964557455,267.47761582834625,268.32175940727416,61504500,SPY,1
2019-07-03,271.2173156738281,271.23548717231705,269.6016312342488,269.7468647198852,40898900,SPY,2
2019-07-05,270.90869140625,271.0720963822335,268.68487128810557,269.98285914446024,51677300,SPY,4
2019-07-08,269.42010498046875,270.72717862564934,268.8754863449011,269.59256801007274,45841800,SPY,0
2019-07-09,269.755859375,270.0553842939154,268.20372030336534,268.2581793795318,41101300,SPY,1
2019-07-10,271.0447998046875,271.9978891745502,270.2914306765405,270.8269634689244,58448500,SPY,2
2019-07-11,271.6802062988281,271.9252721888121,270.67268549510976,271.68929204675567,50826100,SPY,3
2019-07-12,272.896484375,272.96911495192194,271.86173410767776,272.1703448084738,40326000,SPY,4
2019-07-15,272.9873046875,273.3322307348053,272.47900136529853,273.3322307348053,33900000,SPY,0
2019-07-16,272.10687255859375,273.1053355042266,271.7982617754811,272.8965571654491,36650100,SPY,1
2019-07-17,270.255126953125,272.242966703385,270.255126953125,272.0795894445706,36036300,SPY,2
2019-07-18,271.2445373535156,271.62577870480993,269.31118415191804,269.75594264471624,51392600,SPY,3
2019-07-19,269.73773193359375,272.37002234283176,269.5652689484641,272.342792803098,58678600,SPY,4
2019-07-22,270.4003601074219,270.9449786699642,269.6197614047901,270.1371227237771,43638100,SPY,0
2019-07-23,272.3336486816406,272.3336486816406,270.6907355021512,271.52582070906516,44564500,SPY,1
2019-07-24,273.6136169433594,273.6136169433594,271.4805434806,271.57131786846395,47213200,SPY,2
2019-07-25,272.3065185546875,273.21420694986983,271.49866258675854,273.159747862195,55394100,SPY,3
2019-07-26,274.13092041015625,274.33061292090946,272.8692205239323,272.9963101673414,45084100,SPY,4
2019-07-29,273.63177490234375,274.1310202112064,273.07809819849047,274.0130162709215,38126500,SPY,0
2019-07-30,272.9600524902344,273.36852334403153,271.8435858035198,272.2248271137605,45849000,SPY,1
2019-07-31,269.97381591796875,273.3958196970103,267.9496880512568,273.2051851450792,104245200,SPY,2
2019-08-01,267.62286376953125,273.0962241069558,266.82409348804083,270.1280927977596,142646600,SPY,3
2019-08-02,265.60784912109375,266.96938210014423,264.0466235304308,266.7243161360805,116749700,SPY,4
2019-08-05,257.6200866699219,261.6048236972155,255.71393579812286,261.4959055389037,178745400,SPY,0
2019-08-06,261.2327575683594,261.450621659971,258.03770379610796,259.51724058710084,120711700,SPY,1
2019-08-07,261.3870849609375,262.15862580427233,256.00449825818504,258.1466300392057,140572300,SPY,2
2019-08-08,266.5155029296875,266.5155029296875,262.33107208403,262.88474879356926,87713900,SPY,3
2019-08-09,264.7000732421875,266.1705239429332,262.91192607759484,265.57144630550897,93730000,SPY,4
2019-08-12,261.47784423828125,264.6910417239846,260.5247546514729,263.1933611738068,65527600,SPY,0
2019-08-13,265.54425048828125,266.996557578567,260.83334511879997,261.1782711690439,94299800,SPY,1
2019-08-14,257.6927185058594,262.0859268210529,257.5656565403632,261.4777911353101,135622100,SPY,2
2019-08-15,258.37353515625,259.2721656394574,256.32217790974335,258.5823134908246,99556600,SPY,3
2019-08-16,262.185791015625,262.6214637046059,258.42794787046034,260.03457401242963,83018300,SPY,4
2019-08-19,265.34454345703125,266.0253097715865,264.53671516799426,265.2174814825495,53571800,SPY,0
2019-08-20,263.3113098144531,265.37175239434185,263.18424784983824,264.8362195925325,51596400,SPY,1
2019-08-21,265.4534606933594,265.8255885287657,264.79083824652633,265.48069023498545,49524700,SPY,2
2019-08-22,265.3717346191406,266.7968118795998,263.592673330547,266.1614466981833,51666400,SPY,3
2019-08-23,258.55499267578125,265.7348097552967,257.3023785114043,264.06466676960935,149161500,SPY,4
2019-08-26,261.414306640625,261.414306640625,259.217688125791,260.7516840162118,72423800,SPY,0
2019-08-27,260.3885803222656,263.1842762508869,259.626125350947,262.8121206636148,66668900,SPY,1
2019-08-28,262.2220764160156,262.3854536557602,258.91807783212704,259.7259336849434,59696700,SPY,2
2019-08-29,265.5714416503906,266.0979163984972,263.7832945171419,264.7908429762012,57899400,SPY,3
2019-08-30,265.4534606933594,267.0782028444628,264.5185428302658,267.06005905019515,62901200,SPY,4
2019-09-03,263.9012756347656,264.66373044849513,262.5669727856271,263.74698414294096,69101400,SPY,1
2019-09-04,266.8966979980469,266.91484179341563,265.32638713444624,266.0797839992385,46887300,SPY,2
2019-09-05,270.32781982421875,271.24456645465915,266.86044279691106,269.3929016938669,83258100,SPY,3
2019-09-06,270.53656005859375,271.18103887059044,269.96473954298955,270.6455059524983,49584300,SPY,4
2019-09-09,270.6726989746094,271.61667499074713,269.7286952580193,271.5259283087568,51260300,SPY,0
2019-09-10,270.60919189453125,270.67273674115273,268.6485813021073,269.9102539826076,57947100,SPY,1
2019-09-11,272.533447265625,272.61513589911914,270.26422622261396,270.91776299101923,68821100,SPY,2
2019-09-12,273.47747802734375,274.53945806826806,272.6787077091192,273.44116273093675,72908700,SPY,3
2019-09-13,273.2958679199219,274.27618679974927,272.92371239151043,273.9221750652425,62104800,SPY,4
2019-09-16,272.4518127441406,273.3413575418374,271.8073615960568,272.16134574483664,58191200,SPY,0
2019-09-17,273.1416320800781,273.2323787685422,272.0796243605958,272.25208738940455,41475500,SPY,1
2019-09-18,273.304931640625,273.4138497961725,270.7089288981413,272.75122741599654,73375800,SPY,2
2019-09-19,273.28680419921875,274.6937378030169,272.9509639319972,273.69527504881034,76560500,SPY,3
2019-09-20,271.9955749511719,274.17498158622584,271.202243775523,273.89227317408125,89565000,SPY,4
2019-09-23,271.93182373046875,272.6522169786461,271.07465399931573,271.3299793769967,43476800,SPY,0
2019-09-24,269.7980041503906,273.41816984308304,268.8314133151165,273.0260680157953,94869400,SPY,1
2019-09-25,271.3936767578125,271.84048897965295,268.3935842565698,269.8799528659957,71854000,SPY,2
2019-09-26,270.8283996582031,271.6126032154192,269.414996582582,271.4028885948663,56179700,SPY,3
2019-09-27,269.369384765625,271.69469579353853,267.8100775356787,271.5852468021339,84746600,SPY,4
2019-09-30,270.6186828613281,271.3299483197672,269.843606937057,269.889189816705,51662400,SPY,0
2019-10-01,267.3997497558594,272.1597656698746,267.1809074057269,271.5032107911009,88242400,SPY,1
2019-10-02,262.67626953125,265.82226808731787,261.3814149287393,265.8131403781061,122539500,SPY,2
2019-10-03,264.8282470703125,264.8556023618493,259.72171263257434,262.4482253931142,85278800,SPY,3
2019-10-04,268.4118957519531,268.6672210504105,265.43003020641595,265.4847686110008,65091200,SPY,4
2019-10-07,267.2538757324219,269.2417960077908,266.97119505548204,267.609522419889,59610500,SPY,0
2019-10-08,263.1047668457031,266.1322154876475,263.0682838493837,265.39359482532114,95708100,SPY,1
2019-10-09,265.6032409667969,266.54247612418294,264.4998741108459,265.12907345037655,62359400,SPY,2
2019-10-10,267.3997497558594,268.2842746921465,265.35714694561955,265.5212787082189,55296300,SPY,3
2019-10-11,270.1717529296875,272.41496950302627,270.0441042251768,270.1626252263783,98720400,SPY,4
2019-10-14,269.8709411621094,270.52749598236426,269.52442225303406,269.8526857489747,40394800,SPY,0
2019-10-15,272.542724609375,273.29047295885005,270.80103030537066,270.91957916911326,46754500,SPY,1
2019-10-16,272.1050720214844,272.7981099445487,271.6673872939725,272.0777167260149,48928200,SPY,2
2019-10-17,272.9075622558594,273.7829596391139,272.2145242537431,273.27230884651703,45736600,SPY,3
2019-10-18,271.712890625,273.01687237456315,270.85572118008037,272.3694453524199,64304000,SPY,4
2019-10-21,273.554931640625,273.75554639728165,272.5974685642582,273.0351810774295,39048600,SPY,0
2019-10-22,272.66131591796875,274.3847550783772,272.5701223294806,274.09294672656563,48594700,SPY,1
2019-10-23,273.45458984375,273.5093004196795,272.19619094063097,272.4059333672742,34352200,SPY,2
2019-10-24,273.9014892578125,274.5398166178063,273.0716748211722,274.39391242613976,35453100,SPY,3
2019-10-25,275.0230712890625,275.5702049695718,273.2722490771077,273.3269596623211,45205400,SPY,4
2019-10-28,276.5732421875,277.0747929739586,276.21762339483763,276.2449786865809,42147000,SPY,0
2019-10-29,276.4912414550781,277.42137725024213,276.172077757294,276.29975436775993,44284900,SPY,1
2019-10-30,277.3392639160156,277.71311031784825,275.3786991771508,276.6918089223401,49643900,SPY,2
2019-10-31,276.6005859375,277.33010673416965,275.1416000009066,277.33010673416965,69053800,SPY,3
2019-11-01,279.1630554199219,279.2086383047168,277.88640070511434,278.0505603128101,71141500,SPY,4
2019-11-04,280.28460693359375,280.85909590047555,279.9107327197758,280.72231943892626,60606900,SPY,0
2019-11-05,279.9745788574219,280.7861655993166,279.6827705123558,280.48522954709983,42933200,SPY,1
2019-11-06,280.0383605957031,280.3119134712227,279.08999757995224,279.97452231529195,46487100,SPY,2
2019-11-07,281.02325439453125,282.3637195020132,280.54908667325026,281.378901056775,54272300,SPY,3
2019-11-08,281.7162780761719,281.77098866323445,279.97458351234354,280.67672126523075,49032100,SPY,4
2019-11-11,281.1782531738281,281.35151263066575,280.19340701618546,280.33021130301705,35797300,SPY,0
2019-11-12,281.7710266113281,282.67377924781687,280.9959227523848,281.543056525073,46484600,SPY,1
2019-11-13,281.8621826171875,282.26341214175153,280.54907286922804,280.7770429250769,53917700,SPY,2
2019-11-14,282.2724914550781,282.3545851581734,280.94115421786375,281.5794814590841,51219900,SPY,3
2019-11-15,284.315185546875,284.36076843357273,282.9200097076864,283.6130198587448,62023600,SPY,4
2019-11-18,284.5248107910156,284.76190851543424,283.62205842245453,284.07799845964644,49228000,SPY,0
2019-11-19,284.4427490234375,285.1357867950369,283.79532195323753,285.12665908908264,67804700,SPY,1
2019-11-20,283.38494873046875,284.3697947531004,281.8256416610672,283.8500164538431,79406200,SPY,2
2019-11-21,282.92913818359375,283.60394864223224,282.12670676065505,283.49452744039434,54664700,SPY,3
2019-11-22,283.5581970214844,283.8135223083617,282.54602357905367,283.67674587402905,44850200,SPY,4
2019-11-25,285.7558288574219,285.7558288574219,284.48833013833155,284.48833013833155,48647200,SPY,0
2019-11-26,286.4033508300781,286.58573802044276,285.4732429473262,285.7924066162752,37569000,SPY,1
2019-11-27,287.6799621582031,287.6799621582031,286.66776071244107,286.8866030452009,44444600,SPY,2
2019-11-29,286.6130676269531,287.3608160806977,286.3850975736195,287.1145906129369,36592700,SPY,4
2019-12-02,284.1784362792969,286.93230521507553,283.7498513554403,286.8684669048796,75767800,SPY,0
2019-12-03,282.2724914550781,282.3545851581734,280.06575705912854,281.45180487949045,73941700,SPY,1
2019-12-04,284.01422119140625,284.61606550920044,282.9746921540362,283.32121110928534,49080000,SPY,2
2019-12-05,284.5248107910156,284.7345532263376,283.21170125763325,284.7163256430636,40709000,SPY,3
2019-12-06,287.1236572265625,287.524886661327,286.43061950681107,286.43974721208247,48927000,SPY,4
2019-12-09,286.220947265625,287.4063803347884,286.1479812693964,286.7315979257299,34838500,SPY,0
2019-12-10,285.9017333984375,286.8318409740811,285.2451786896394,286.1661863886341,52649800,SPY,1
2019-12-11,286.71331787109375,286.9686431544206,285.8196654652655,286.35767131840527,53429100,SPY,2
2019-12-12,289.1845397949219,289.9687433212135,286.4853824980588,286.72245240013393,96389600,SPY,3
2019-12-13,289.3577880859375,290.5888317358788,288.1723273077688,288.94743092650003,81503900,SPY,4
2019-12-16,291.3457336425781,291.93845022672343,289.2940031239684,291.09040829117504,82749700,SPY,0
2019-12-17,291.4095153808594,292.0295871384412,291.3274495154474,291.72867896526407,61097700,SPY,1
2019-12-18,291.427734375,292.0295785319879,291.3730237996711,291.8016085253275,48133000,SPY,2
2019-12-19,292.6222839355469,292.69524991881053,291.36388509375365,291.6192103784386,85310500,SPY,3
2019-12-20,293.9053039550781,295.04158585652715,292.6773801016935,293.6578678883322,147142100,SPY,4
2019-12-23,294.3542785644531,294.74830814974234,294.20765705163046,294.6933285780831,52990000,SPY,0
2019-12-24,294.3634338378906,294.62915909688604,294.0610182463545,294.5833521115951,20270000,SPY,1
2019-12-26,295.930419921875,295.9395925053962,294.73915860225463,294.74830322058216,30911200,SPY,3
2019-12-27,295.85711669921875,296.7185006570414,295.3256381550197,296.6635210823034,42528800,SPY,4
2019-12-30,294.2260437011719,296.0771162679294,293.74037206008416,295.93966730633866,49729100,SPY,0
2019-12-31,294.9407958984375,295.18823198580327,293.3738218609865,293.7220445282422,57077300,SPY,1
2020-01-02,297.698974609375,297.71731977517936,295.5546875996484,296.4802235866316,59151200,SPY,3
2020-01-03,295.44476318359375,296.57190037053346,294.24432922039875,294.299308793889,77709700,SPY,4
2020-01-06,296.5718688964844,296.6543382479676,293.5661700502953,293.68530176861276,55653900,SPY,0
2020-01-07,295.73797607421875,296.4802282058735,295.28893898289255,296.00370133060426,40496400,SPY,1
2020-01-08,297.3141784667969,298.532929738881,295.68305239243307,295.9304604946824,68296000,SPY,2
2020-01-09,299.330078125,299.40340285238955,298.2945830808425,298.8810690392002,48473300,SPY,3
2020-01-10,298.4686279296875,300.0722634108821,298.00130174863557,299.916497338926,53029300,SPY,4
2020-01-13,300.5213928222656,300.5305374400755,298.66117621036113,299.0918681335702,47086800,SPY,0
2020-01-14,300.06317138671875,301.13530077869376,299.50417523626254,300.0814885851053,62832800,SPY,1
2020-01-15,300.7413330078125,301.5019023922084,299.8891216822957,299.9715910397463,72056600,SPY,2
2020-01-16,303.2429504394531,303.2429504394531,301.89589529250605,302.12498611365226,54050300,SPY,3
2020-01-17,304.1868591308594,304.3976048271327,303.17885374044386,303.9577682678192,95846000,SPY,4
2020-01-21,303.5911865234375,304.39759079860585,303.1513499843944,303.22464675250427,77742400,SPY,1
2020-01-22,303.6278381347656,305.10319771439003,303.4720720211028,304.4525595814496,48914900,SPY,2
2020-01-23,303.97607421875,304.388448943037,301.85927695982,302.9772414486863,51963000,SPY,3
2020-01-24,301.2727355957031,304.7182703641132,299.98066005754936,304.6358010274464,87578400,SPY,4
2020-01-27,296.443603515625,297.92810796760887,295.6738615021962,296.0129115356498,84062500,SPY,0
2020-01-28,299.5500183105469,300.42971926518106,296.5351751654202,297.8730577788498,63834000,SPY,1
2020-01-29,299.3025817871094,301.144481001066,299.1009807389888,300.91539017207396,53888900,SPY,2
2020-01-30,300.27392578125,300.4846994121744,296.4801961809347,297.2315928492786,75491800,SPY,3
2020-01-31,294.8216552734375,299.80667522712497,293.9052917226155,299.6508811187989,113845600,SPY,4
2020-02-03,297.01165771484375,298.88104661033793,296.1869363673335,296.3060680665093,69083000,SPY,0
2020-02-04,301.53857421875,302.40913073891045,300.3106504717624,300.63138329314756,62573200,SPY,1
2020-02-05,305.020751953125,305.23152563303483,303.01394154526906,304.48010082486485,65951100,SPY,2
2020-02-06,306.047119140625,306.23954766256264,304.9657888604678,305.98296697824674,50359700,SPY,3
2020-02-07,304.4159240722656,306.056194377022,303.86610045474913,304.98406488979606,64139400,SPY,4
2020-02-10,306.68853759765625,306.7526897560034,303.49043784674745,303.5271002179738,42070000,SPY,0
2020-02-11,307.2200012207031,308.8327817820095,306.6884947902929,308.04472268441083,54864500,SPY,1
2020-02-12,309.1993408203125,309.41008649783373,308.292122067066,308.65866182227705,43992700,SPY,2
2020-02-13,308.8694763183594,309.8408193824816,307.4949310806172,307.7698289420879,54501900,SPY,3
2020-02-14,309.3642578125,309.4833895167541,308.0813547766656,309.2817884707523,64582200,SPY,4
2020-02-18,308.5670471191406,309.4284309226807,307.1741569014039,308.36544605947824,57226200,SPY,1
2020-02-19,310.0423583984375,310.72045829777164,309.25429937652905,309.53836976490896,48814700,SPY,2
2020-02-20,308.7686462402344,310.31730256037446,305.77212014655726,309.4925531618124,74163400,SPY,3
2020-02-21,305.5888977050781,307.7240122691576,304.7641482162331,307.4124520475645,113788200,SPY,4
2020-02-24,295.4538879394531,305.66216126608373,294.37255791706946,296.11367067972515,161088400,SPY,0
2020-02-25,286.5010070800781,297.460705347923,285.6213060596482,296.8467575397239,218913200,SPY,1
2020-02-26,285.44720458984375,291.5043533570455,284.71412504182155,287.9030518374297,194773800,SPY,2
2020-02-27,272.6273193359375,285.50221558469656,272.6273193359375,279.91239252884566,284353500,SPY,3
2020-02-28,271.4817810058594,272.9754575536468,261.6583660060292,264.55407718504784,384975800,SPY,4
2020-03-02,283.23876953125,283.3029216830661,269.8323680613231,273.26873092756443,238703600,SPY,0
2020-03-03,275.12896728515625,287.59151643262715,272.6822924096113,283.614502212992,300139100,SPY,1
2020-03-04,286.6933898925781,286.9133360865431,277.9604493324788,280.5171106027722,176613400,SPY,2
2020-03-05,277.1632995605469,282.67065320761304,274.9182257388986,279.4725535047731,186366800,SPY,3
2020-03-06,272.5815124511719,273.791119131795,265.95622142791865,268.6319875169598,228667200,SPY,4
2020-03-09,251.29437255859375,260.4213451842033,250.57961014752544,252.27486024960146,309417300,SPY,0
2020-03-10,264.29754638671875,264.38916035534675,250.62539203743287,260.8336938237853,276444100,SPY,1
2020-03-11,251.4134521484375,258.3595024679103,248.2245253742344,257.22322078654526,255316300,SPY,2
2020-03-12,227.35894775390625,244.35749341633144,226.9649041793255,234.58905518446738,392220700,SPY,3
2020-03-13,246.79507446289062,248.77442337917316,227.73470701010353,241.08611863539235,329566100,SPY,4
2020-03-16,219.78976440429688,235.41374899779908,217.50801453237176,221.00851540675873,297240000,SPY,0
2020-03-17,231.6566925048828,234.7448469668352,217.24229875738123,224.54570289092214,262070500,SPY,1
2020-03-18,219.92721557617188,227.5971727449602,208.94918598045479,216.4908528327942,327597100,SPY,2
2020-03-19,220.39454650878906,226.6899722952671,212.79790041262768,219.23993370981958,289322000,SPY,3
2020-03-20,210.89682006835938,225.34066945746974,210.62029170829544,223.55246866918182,347158800,SPY,4
2020-03-23,205.50460815429688,211.7079952536431,201.18158896992057,210.3345937579703,326025200,SPY,0
2020-03-24,224.12399291992188,224.99966857078434,215.50562016858646,216.07710190719624,235494500,SPY,1
2020-03-25,227.47914123535156,236.29110105973476,220.99001416132398,225.70937930607133,299430300,SPY,2
2020-03-26,240.7616271972656,242.23640785401722,229.56233225861644,229.99555681218766,257632800,SPY,3
2020-03-27,233.59036254882812,240.40210846129074,231.40581506771846,233.4521053910937,224341200,SPY,4
2020-03-30,241.17637634277344,241.89534169163954,233.69175549826053,235.6919554113694,171369500,SPY,0
2020-03-31,237.58157348632812,242.72493717157138,236.17129407830672,240.17169430674883,194881100,SPY,1
2020-04-01,226.88922119140625,237.49859440441708,224.8152794471893,228.57602883114748,189554600,SPY,2
2020-04-02,232.12478637695312,232.90826706559199,225.45129745089525,226.00435422566696,177660400,SPY,3
2020-04-03,228.76959228515625,233.49818374298073,226.03198818481752,231.13848720921038,135561200,SPY,4
2020-04-06,244.13519287109375,246.10775542428493,228.7511655917904,237.66450470907907,188061200,SPY,0
2020-04-07,244.38406372070312,253.5094010822831,244.16285228612495,252.75355784129687,201427200,SPY,1
2020-04-08,252.58766174316406,254.4035140373844,244.49468151600078,246.99262118695424,153774500,SPY,2
2020-04-09,256.4313049316406,259.19655971610996,253.91491295110805,255.85979531396418,189999200,SPY,3
2020-04-13,254.09011840820312,255.79536495704366,250.17267304475266,255.45432127320237,114839100,SPY,0
2020-04-14,261.583984375,262.6071155005401,253.9518796282053,258.99386373886557,134143400,SPY,1
2020-04-15,256.02581787109375,261.72223788702536,253.90577161399165,255.8506827589529,121775000,SPY,2
2020-04-16,257.26092529296875,258.1181476901565,254.1822777488258,257.3070016297343,131798300,SPY,3
2020-04-17,264.2109680175781,264.8192994942426,260.30272098283615,263.04955166649506,146684800,SPY,4
2020-04-20,259.5561828613281,264.3493052621317,259.33497134824717,260.49635992156533,100109300,SPY,0
2020-04-21,251.67514038085938,256.28389976601466,250.73493546332134,255.0764070574748,126385700,SPY,1
2020-04-22,257.26092529296875,259.01224803453573,255.2422866611191,256.5696114636951,92951600,SPY,2
2020-04-23,257.2425537109375,261.722283370555,256.93838790678035,258.5422274970722,104709700,SPY,3
2020-04-24,260.82818603515625,261.5010751772148,256.7079531308153,258.7634703866844,85063200,SPY,4
2020-04-27,264.58892822265625,265.71346690631225,262.34907737780065,262.80995342635407,77896600,SPY,0
2020-04-28,263.3722229003906,268.5985412619103,263.0680289718382,268.24827098279667,105270000,SPY,1
2020-04-29,270.26690673828125,271.8062450162346,267.6860122880096,268.71837006811825,118745600,SPY,2
2020-04-30,267.7505187988281,270.3682909831344,266.0083940965527,268.88425570382896,122901700,SPY,3
2020-05-01,260.6622619628906,267.9164458693108,259.49161889294606,262.98506692974644,125180000,SPY,4
2020-05-04,261.38116455078125,261.68533026759593,257.28858431038867,258.7725912054478,80873200,SPY,0
2020-05-05,263.7961120605469,266.6166699136713,261.51015779771495,264.2109115629122,79569900,SPY,1
2020-05-06,262.0080261230469,265.888594464788,261.5748015245883,265.5014743476536,73632600,SPY,2
2020-05-07,265.1695861816406,267.105270843854,264.6626338763726,265.2341155672962,75250400,SPY,3
2020-05-08,269.55712890625,270.02723137851206,267.1789932426563,268.3127582106148,76452400,SPY,4
2020-05-11,269.6124267578125,270.9950545873397,267.19744131631325,267.62143930773703,79514200,SPY,0
2020-05-12,264.2386474609375,271.2162884383801,264.1003621628556,270.801516933047,95870800,SPY,1
2020-05-13,259.5653381347656,264.7179278299637,257.1318996402703,263.676343692379,144721100,SPY,2
2020-05-14,262.6716003417969,262.8006309608718,251.62900412320758,257.1226648696853,121977900,SPY,3
2020-05-15,263.8791198730469,263.92519621393427,259.3256634598591,260.2750667451396,111146300,SPY,4
2020-05-18,271.916748046875,273.5298135013904,269.79673041564934,270.11932100284906,119703800,SPY,0
2020-05-19,269.12384033203125,273.03205847113645,269.1054154250157,271.3176138409313,95189300,SPY,1
2020-05-20,273.69580078125,274.5622498678464,272.44223162680925,272.6726696151671,85861700,SPY,2
2020-05-21,271.80621337890625,274.3779091376315,270.70932633280484,273.56676293920657,78293900,SPY,3
2020-05-22,272.3223571777344,272.4974922721214,270.27606703298926,271.5204376032428,63958200,SPY,4
2020-05-26,275.6776123046875,278.5442760318748,272.34087412337914,278.3046114786397,88951400,SPY,1
2020-05-27,279.7793273925781,279.81620534149,273.6404569266907,278.4796539573574,104817400,SPY,2
2020-05-28,279.26324462890625,282.830420879919,278.5903554457022,280.8117814599495,90405200,SPY,3
2020-05-29,280.507568359375,281.09747499717514,276.0370656455134,278.79309505494115,119090800,SPY,4
2020-06-01,281.6412353515625,282.2495948808026,279.346082500508,279.8622612290212,55758300,SPY,0
2020-06-02,283.97332763671875,284.0194321118805,281.22652483586603,282.5630482820904,74267200,SPY,1
2020-06-03,287.7525329589844,288.71116291644955,285.6878174779567,285.9643318264377,92567600,SPY,2
2020-06-04,286.9967346191406,288.5084216405081,284.89514085186516,286.76629658268655,75794400,SPY,3
2020-06-05,294.3522644042969,296.131238917088,292.3428519039534,292.407381291581,150524700,SPY,4
2020-06-08,297.91021728515625,298.10377730263014,294.619556339926,295.16338657068064,73641200,SPY,0
2020-06-09,295.6887512207031,297.9839040725445,294.3706248420823,295.237073735876,77479200,SPY,1
2020-06-10,294.0388488769531,297.1636012434189,293.3198835377999,296.269500797197,95000800,SPY,2
2020-06-11,277.0877990722656,287.72482287321475,276.5347704880352,287.08881187171676,209243600,SPY,3
2020-06-12,280.4061279296875,284.8950550267736,275.23511345166304,284.1207868330946,194678900,SPY,4
2020-06-15,283.0239562988281,284.15772144939484,273.5206948936138,274.7005363949218,135782700,SPY,0
2020-06-16,288.4714660644531,290.9417825291252,283.59541877833976,290.7942988499183,137627500,SPY,1
2020-06-17,287.2732238769531,289.78961689513534,286.53580541924,289.4946495120501,83398900,SPY,2
2020-06-18,287.38385009765625,287.8631510321055,285.29148309213133,285.7523591124386,80828700,SPY,3
2020-06-19,285.741455078125,291.05558508026616,283.7879850934474,290.8611732701308,135549600,SPY,4
2020-06-22,287.57452392578125,287.97261465069647,283.9916508946989,285.1396439631699,74649400,SPY,0
2020-06-23,288.89837646484375,291.16661737693755,288.4910186826439,290.2315422514218,68471200,SPY,1
2020-06-24,281.5290222167969,287.47272350488674,279.6866728739989,286.85241955719425,132813500,SPY,2
2020-06-25,284.54718017578125,284.81567248762656,278.9275171419336,280.95503953303563,89468000,SPY,3
2020-06-26,277.78875732421875,283.6584065601255,277.20552185285015,283.44546048892926,127961000,SPY,4
2020-06-29,281.8715515136719,282.0104170904512,276.75183339130206,279.04784785660627,79773300,SPY,0
2020-06-30,285.4821472167969,287.1856588350015,281.2789991524152,281.4363706937527,113394800,SPY,1
2020-07-01,287.4819030761719,288.75028382678505,286.13949836711066,286.60240238818403,72396500,SPY,2
2020-07-02,289.06512451171875,292.27768031873336,288.3985414313362,290.92597991049104,69344200,SPY,3
2020-07-06,293.5274353027344,294.1106989034285,292.1479903288781,292.89789260022195,61713800,SPY,0
2020-07-07,290.5000915527344,293.9626051282298,290.1205068059593,291.98139030142596,82910000,SPY,1
2020-07-08,292.721923828125,292.8330162513231,289.5001305417251,291.2683986999844,54638600,SPY,2
2020-07-09,291.0556335449219,293.5738333866383,287.6301313491227,293.33311417458134,83354200,SPY,3
2020-07-10,294.0274658203125,294.29595814851194,289.5558239922794,290.99081561063673,57550400,SPY,4
2020-07-13,291.4814147949219,298.7675199209206,290.8240989639422,296.37894748735727,102997500,SPY,0
2020-07-14,295.2586975097656,296.03637283334564,288.8520937677715,290.05563285710343,93657000,SPY,1
2020-07-15,297.9714050292969,299.07311915926357,295.5828038092208,298.48985541358394,87196500,SPY,2
2020-07-16,296.9899597167969,297.44359660102754,295.41607479695665,296.06415170593044,54622500,SPY,3
2020-07-17,297.8509521484375,298.6378946024456,296.01784212946285,297.99908481947347,62774900,SPY,4
2020-07-20,300.2581481933594,301.0080506399925,296.83264625549896,297.58254870213204,56308800,SPY,0
2020-07-21,300.89691162109375,302.6744474220615,299.90629013376923,302.23007759853067,57292200,SPY,1
2020-07-22,302.60968017578125,302.9244798533065,300.42478620141566,300.5358786742239,57792900,SPY,2
2020-07-23,298.9990539550781,302.95227365409164,297.62887569233254,302.2486502737012,75738000,SPY,3
2020-07-24,297.07330322265625,298.10093663670415,295.5642315215915,297.1381165695117,73766600,SPY,4
2020-07-27,299.2396240234375,299.41552978086344,296.97138341668045,297.76759288504223,48293000,SPY,0
2020-07-28,297.3417663574219,299.62851323652956,297.04550101803045,298.50826521947164,57495000,SPY,1
2020-07-29,300.9987487792969,301.5635064567835,298.18428402153864,298.22132425942874,48454200,SPY,2
2020-07-30,299.9247131347656,300.34133798246603,295.92524456254785,298.01755116070683,61861700,SPY,3
2020-07-31,302.294921875,302.3967754817802,297.48997444346537,301.72092523828803,84986800,SPY,4
2020-08-03,304.3964538574219,305.1648621508035,303.4150995292858,303.96132291921657,53077900,SPY,0
2020-08-04,305.5722961425781,305.5722961425781,303.53550650852105,303.53550650852105,41917900,SPY,1
2020-08-05,307.47021484375,307.7294683196175,306.60921981066514,306.8777121582206,42697700,SPY,2
2020-08-06,309.5254821777344,309.6458417794876,306.5629125155189,306.88695107714045,43679400,SPY,3
2020-08-07,309.7475891113281,310.03458733084204,307.6459868706977,308.5532888812559,57308300,SPY,4
2020-08-10,310.6734924316406,310.85863713625884,308.2571181202604,310.20132116602485,44282100,SPY,0
2020-08-11,308.10888671875,312.4972357886922,307.3775187516076,311.8584260174997,69601100,SPY,1
2020-08-12,312.4047546386719,313.1824302193306,310.5253649220565,310.5531380408862,53774400,SPY,2
2020-08-13,311.8399353027344,313.1545952590524,310.9141271866692,311.63625638706316,41816100,SPY,3
2020-08-14,311.8492126464844,312.386197193319,310.7197255777267,311.45112192434925,47260400,SPY,4
2020-08-17,312.8398132324219,313.2379039279469,311.8584589230985,312.86758634482084,35481000,SPY,0
2020-08-18,313.51568603515625,313.94154987395524,311.6362683640285,313.23792663760884,38733900,SPY,1
2020-08-19,312.2102966308594,314.41369632346203,311.64553896028053,313.8952460130352,68054200,SPY,2
2020-08-20,313.182373046875,313.66378310318254,310.34940242970504,310.47900087610935,42207800,SPY,3
2020-08-21,314.29339599609375,314.5155809357857,312.50656459465205,312.8491373812447,55106600,SPY,4
2020-08-24,317.47808837890625,317.55214058660636,314.26553352330154,316.7374250348169,48588700,SPY,0
2020-08-25,318.58905029296875,318.67236962408947,316.87629981081636,318.042826953343,38463400,SPY,1
2020-08-26,321.7831726074219,322.0516366510932,318.635430282705,319.181653746849,50790200,SPY,2
2020-08-27,322.4866943359375,323.9402197043757,320.8202512056413,322.65336125170194,58034100,SPY,3
2020-08-28,324.5697326660156,324.6993593382538,322.3200261700171,323.51432631434625,48588900,SPY,4
2020-08-31,323.39404296875,325.2363921481631,323.1625909309977,324.3568913567579,66099200,SPY,0
2020-09-01,326.4399108886719,326.54173620841556,323.3291812746038,324.2272161769494,54908700,SPY,1
2020-09-02,331.1615905761719,332.1336778441025,327.20837164549533,328.3563929777579,69540000,SPY,2
2020-09-03,319.7648620605469,329.93948368334827,317.17258251896726,329.46731252773276,148011100,SPY,3
2020-09-04,317.154052734375,322.02378359273916,310.025319846639,320.4499269477994,139156300,SPY,4
2020-09-08,308.48858642578125,317.2189804700245,308.1830821076989,311.7289155881071,114465300,SPY,1
2020-09-09,314.580322265625,317.05221391399175,311.63623122167985,312.5064930407791,91462300,SPY,2
2020-09-10,309.1180419921875,317.11700829906243,308.1551937758373,316.45969253999124,90569500,SPY,3
2020-09-11,309.2754821777344,311.9695874052841,306.44251137215093,310.9049136357937,84680200,SPY,4
2020-09-14,313.3489990234375,315.12656299224113,309.423581752998,312.450964043728,65605700,SPY,0
2020-09-15,314.93212890625,316.64485115308514,313.3582439593315,315.81162957965364,52920900,SPY,1
2020-09-16,313.68231201171875,317.60772937455226,313.40455262542565,316.17273809901303,82096000,SPY,2
2020-09-17,310.92340087890625,312.64541870295386,308.28484204168194,308.8125594598112,91523300,SPY,3
2020-09-18,307.3439025878906,311.8427484686019,304.8528110316046,311.73121128944365,105877900,SPY,4
2020-09-21,303.9232482910156,304.07197396170466,299.0526031336653,302.7427755109806,99450800,SPY,0
2020-09-22,307.0185241699219,307.5762383546096,302.8914789163634,305.4104827833405,63612100,SPY,1
2020-09-23,299.8984375,307.8550757850042,299.39649195231215,307.57620454005826,93112200,SPY,2
2020-09-24,300.6978454589844,303.7652309903187,297.2586315522572,298.5785542052481,76681300,SPY,3
2020-09-25,305.5591735839844,306.34923785839106,298.9689221639233,299.84263930150775,71069400,SPY,4
2020-09-28,310.63433837890625,311.3500540678067,308.73812155611176,309.7327085120084,64584600,SPY,0
2020-09-29,308.9426574707031,311.17348607492755,308.2455217589752,310.4298859956943,51304000,SPY,1
2020-09-30,311.28509521484375,314.44543854400536,309.4167621684489,309.6119522524438,104081100,SPY,2
2020-10-01,313.28338623046875,314.8635429083092,311.396474067229,313.8875646180699,88698700,SPY,3
2020-10-02,310.3089599609375,313.25553191340913,307.84575345799766,308.31981468995633,89431100,SPY,4
2020-10-05,315.8116760253906,315.9975617997763,312.32599863236203,312.3724629843296,45713100,SPY,0
2020-10-06,311.32220458984375,318.0519071278788,310.81098309296726,315.9511958209937,90128900,SPY,1
2020-10-07,316.7412109375,317.5498836075038,314.2593959883173,314.28728027464444,56999600,SPY,2
2020-10-08,319.54840087890625,319.6134736829767,317.76372107590106,318.6839594529064,45242500,SPY,3
2020-10-09,322.40203857421875,322.8667957212577,320.5801985004531,321.2029571922312,59528600,SPY,4
2020-10-12,327.588623046875,329.0665469517747,324.456165301913,324.94880660354625,80388500,SPY,0
2020-10-13,325.4508056640625,327.62586544984794,324.4841029704284,327.4492554856305,73255500,SPY,1
2020-10-14,323.40594482421875,327.12400249825873,322.6716488574966,326.0271822923839,57727900,SPY,2
2020-10-15,323.0061340332031,323.4894711297381,318.94416215249316,319.483267822993,60357700,SPY,3
2020-10-16,322.8110046386719,326.0271159294478,322.6343946657817,324.36327751636173,89501900,SPY,4
2020-10-19,317.903076171875,324.7070967499058,317.001446502722,324.07503406977156,68425600,SPY,0
2020-10-20,319.1766052246094,322.4299050743411,318.48877376223936,319.25095388276145,60051900,SPY,1
2020-10-21,318.57232666015625,321.305099945606,318.26557117105693,319.130012337583,63575000,SPY,2
2020-10-22,320.31988525390625,320.9054837575771,316.6390168449337,318.78619244737797,55399300,SPY,3
2020-10-23,321.4073791503906,321.60256916559945,318.9441724986455,321.54680058982547,49143900,SPY,4
2020-10-26,315.4678649902344,318.8048178502361,311.9635780013349,318.0147250392189,91473000,SPY,0
2020-10-27,314.3802185058594,316.146289389251,314.16642007915607,315.8116779733836,65994100,SPY,1
2020-10-28,303.6351013183594,314.408167114241,303.142459944312,308.6916606581954,127094300,SPY,2
2020-10-29,306.72119140625,309.90011497091285,302.1758520856058,303.86757520902734,90597700,SPY,3
2020-10-30,303.52349853515625,306.4514618560545,299.8612112381674,305.1408437594302,120287300,SPY,4
2020-11-02,306.9256286621094,308.9333545578397,304.17424595094957,306.9256286621094,86068300,SPY,0
2020-11-03,312.34466552734375,314.40818825230804,307.009262925198,310.1696056334392,93294200,SPY,1
2020-11-04,319.32525634765625,323.4151123876385,315.6536645993499,316.8341372001022,126959700,SPY,2
2020-11-05,325.55303955078125,327.3656035607772,324.2703054349714,324.6235253644289,82039700,SPY,3
2020-11-06,325.4786376953125,326.7334873150784,323.1455483916412,325.2648392554505,74973000,SPY,4
2020-11-09,329.5684814453125,338.69631572980416,329.10372444548926,338.31521158596723,172304200,SPY,0
2020-11-10,329.085205078125,330.1448364825855,325.8040211888103,328.57395526410835,85552000,SPY,1
2020-11-11,331.52984619140625,332.3570990887861,330.03331356077604,331.27885919980673,58649000,SPY,2
2020-11-12,328.3136901855469,331.5762939810746,326.5011545842146,330.5166342173397,67546200,SPY,3
2020-11-13,332.8589782714844,333.6025781454265,329.7079121084805,330.22843769354336,62892200,SPY,4
2020-11-16,337.0138854980469,337.20907548830434,334.2439236671135,335.53596169592436,74541100,SPY,0
2020-11-17,335.2013854980469,336.409770903095,333.0820943880079,334.59720697878305,66111000,SPY,1
2020-11-18,331.1673278808594,336.01939328368303,331.13013936912824,335.47098329337155,70591300,SPY,2
2020-11-19,332.5615539550781,332.9333539222123,329.1874132294605,330.53522002265584,59940900,SPY,3
2020-11-20,330.2842712402344,332.5058238145824,330.20992258482084,332.3013295540421,70417300,SPY,4
2020-11-23,332.2641296386719,333.5282836694918,329.85669132516,332.0968238948421,63230600,SPY,0
2020-11-24,337.6180725097656,338.16648235976567,333.965089337816,334.82022632318296,62415900,SPY,1
2020-11-25,337.0976257324219,337.56238283594644,336.0008057760693,337.5344985443959,45330900,SPY,2
2020-11-27,338.0364074707031,338.5104403756147,337.02321213244505,338.1944089835005,28514100,SPY,4
2020-11-30,336.5399475097656,337.52523040523903,333.8536659148317,337.25566331375273,83872700,SPY,0
2020-12-01,340.2207336425781,341.76373042068883,339.20756669848805,339.80246932612914,74231400,SPY,1
2020-12-02,340.9364013671875,341.09440284032604,338.528963840474,339.1052579030022,45927000,SPY,2
2020-12-03,340.84356689453125,342.2378382052782,339.7374427186835,340.8342626751724,62882000,SPY,3
2020-12-04,343.7807922363281,343.7807922363281,341.33616563830765,341.4291227207132,50749900,SPY,4
2020-12-07,343.0743713378906,343.5670126985919,341.80094150173,343.00929853997224,48944300,SPY,0
2020-12-08,344.0782165527344,344.64520648783315,341.7544315075425,341.8008958618397,42458900,SPY,1
2020-12-09,340.9922790527344,344.8962215481374,340.1557219727567,344.7382200244361,74098300,SPY,2
2020-12-10,340.8807678222656,341.9310950867418,338.74286804799897,339.6166137038823,57735400,SPY,3
2020-12-11,340.4810791015625,340.8900676657172,337.65537603388987,339.17976474585464,57698600,SPY,4
2020-12-14,338.9565734863281,343.73426062304117,338.7799635596942,342.65604936198173,69216200,SPY,0
2020-12-15,343.5391540527344,343.5391540527344,340.12785278149966,341.50351566005907,63865300,SPY,1
2020-12-16,344.0782165527344,344.998426353345,342.8698313093246,343.7528809731042,58420500,SPY,2
2020-12-17,346.0022888183594,346.2067830368827,344.89616486814447,345.7234459596987,64119500,SPY,3
2020-12-18,344.6207275390625,346.4596767437876,342.6044155820467,346.29165786922766,136542300,SPY,4
2020-12-21,343.38861083984375,353.28346626235304,337.9464560255549,340.6908788886597,96386700,SPY,0
2020-12-22,342.8099060058594,343.8273919879839,341.6804074000063,343.7153793642553,47949000,SPY,1
2020-12-23,343.117919921875,345.0315351063921,342.79119749130325,343.7806801753628,46201400,SPY,2
2020-12-24,344.45269775390625,344.4807008987793,343.0058211230832,343.59388716541594,26457900,SPY,3
2020-12-28,347.411865234375,347.80390930273,346.3850356715312,347.01044880019464,39000400,SPY,0
2020-12-29,346.7491149902344,349.1201528820118,346.1610203351437,348.94279009754194,53680500,SPY,1
2020-12-30,347.24383544921875,348.28000894293837,346.8517913610058,347.5705578476866,49455300,SPY,2
2020-12-31,349.00811767578125,349.7362280379204,346.5344112202723,347.0478117815803,78520700,SPY,3
2021-01-04,344.2567443847656,350.47370017311397,340.5508422079817,350.34299981269083,110210800,SPY,0
2021-01-05,346.6277770996094,347.71995701585035,343.5659756645781,343.61266657677504,66426200,SPY,1
2021-01-06,348.7000732421875,351.9019187189158,344.5647799187049,345.11552753738533,107997700,SPY,2
2021-01-07,353.880859375,354.6276289954362,350.903067797057,351.08043056721175,68766800,SPY,3
2021-01-08,355.8971862792969,356.1118675981628,352.0139214197947,355.2717446185085,71677200,SPY,4
2021-01-11,353.4981384277344,355.26239380181204,352.5926652872222,352.71402176287364,51034700,SPY,0
2021-01-12,353.5728454589844,354.5903313155894,351.32316391848667,353.68488655633377,52547700,SPY,1
2021-01-13,354.5250244140625,355.52382255240764,352.7140778450941,353.4981946346309,45303600,SPY,2
2021-01-14,353.2833557128906,355.775749426482,352.947317991919,355.2716643575949,49989100,SPY,3
2021-01-15,350.70709228515625,352.46200397474826,348.8401394989429,351.6592279506471,107160000,SPY,4
2021-01-19,353.4607238769531,354.00215597451506,351.6871249628152,353.17134856141945,51233300,SPY,1
2021-01-20,358.35223388671875,359.19235686721606,355.3650983033549,355.7571424001168,61836100,SPY,2
2021-01-21,358.6789245605469,359.3417132448048,357.7547921391025,358.91229363565395,47840100,SPY,3
2021-01-22,357.409423828125,358.5762692472842,356.4386004629022,356.82132917887884,52860500,SPY,4
2021-01-25,358.81903076171875,359.1737278876896,353.28349369377014,358.14692656984414,70402000,SPY,0
2021-01-26,358.2588806152344,360.1818395328205,358.02551153797936,359.77110767785683,42665300,SPY,1
2021-01-27,349.50286865234375,355.01971706304266,347.2625312057877,354.9263637345536,123351100,SPY,2
2021-01-28,352.50860595703125,356.5225420397905,350.8843665587644,351.3230730049077,94198100,SPY,3
2021-01-29,345.4515380859375,351.6124865949005,343.77126386307543,350.64166338752005,126765100,SPY,4
2021-02-01,351.2018127441406,352.2379578048874,345.7409704717956,348.8587780208287,75817600,SPY,0
2021-02-02,356.1678771972656,357.7267951804312,351.2858142934959,354.3942778932452,64450700,SPY,1
2021-02-03,356.447998046875,358.17493522490895,355.16913983278585,356.9987457492047,52427100,SPY,2
2021-02-04,360.49932861328125,360.54599104806766,356.56005624166795,357.4841889550207,47142600,SPY,3
2021-02-05,361.9180603027344,362.62751135183896,360.45252427554254,362.3754830258099,48669800,SPY,4
2021-02-08,364.5318298339844,364.578492252833,362.51551765835177,363.37429987972564,38365200,SPY,0
2021-02-09,364.28912353515625,364.88656203696013,363.2809816726569,363.69168503335237,35551100,SPY,1
2021-02-10,364.1304016113281,366.1840607481003,361.7220454304173,366.0347011302047,59154400,SPY,2
2021-02-11,364.71856689453125,365.6333840486648,362.28220709351234,365.21330826144924,42913300,SPY,3
2021-02-12,366.5201110839844,366.76279552601454,363.84101044415263,363.9157044935719,50593300,SPY,4
2021-02-16,366.2027282714844,367.94835282080294,365.48396180113076,367.7523022937143,50972400,SPY,1
2021-02-17,366.28680419921875,366.53883256205916,363.4303403165047,364.44785462236365,52290600,SPY,2
2021-02-18,364.72784423828125,365.47461384883314,361.9460747372213,363.67301150998657,59712800,SPY,3
2021-02-19,364.0837707519531,366.2774458183221,363.6356918594277,365.9880704358901,83241000,SPY,4
2021-02-22,361.28338623046875,363.7010867969079,361.01267008578844,361.3113893842329,67414200,SPY,0
2021-02-23,361.7220764160156,363.0756284840309,354.90771062947573,359.071007068001,107284100,SPY,1
2021-02-24,365.7080078125,366.1374274308675,359.64041172948737,360.62989435018375,72433900,SPY,2
2021-02-25,356.89599609375,365.8107122221224,355.44911916352476,364.43850086453193,146670500,SPY,3
2021-02-26,355.0570373535156,359.9297848553106,353.0687567328293,358.7816272202917,152701600,SPY,4
2021-03-01,363.6636962890625,364.9145796408334,355.2530939230072,359.9391348464769,105348800,SPY,0
2021-03-02,360.8259582519531,364.1211286457314,360.3218730437514,363.88775955697247,79595300,SPY,1
2021-03-03,356.0465393066406,361.0966209700066,355.9438421012048,360.12582613870484,119940200,SPY,2
2021-03-04,351.64056396484375,358.4549301482067,347.14120097339406,355.8598669496521,183433000,SPY,3
2021-03-05,358.10943603515625,359.164268572107,347.8505429486624,355.1503043030682,152039600,SPY,4
2021-03-08,356.32659912109375,361.8901102789775,356.04656760662095,359.0710219126789,123149200,SPY,0
2021-03-09,361.4140625,363.9717786646601,359.67778162011194,360.1818668416844,113633600,SPY,1
2021-03-10,363.6636962890625,365.3626300474982,362.3475197320477,363.7663934988811,109899400,SPY,2
2021-03-11,367.3509216308594,369.3298867988707,365.6799911027068,366.13741385422924,86245000,SPY,3
2021-03-12,367.84564208984375,367.98565782730424,365.1759137374838,365.9880335021886,64653600,SPY,4
2021-03-15,370.0393371582031,370.3007093782252,365.9507064763015,368.0976905345231,73427200,SPY,0
2021-03-16,369.57257080078125,371.36482917626194,368.79776959125195,370.65540662604104,73722500,SPY,1
2021-03-17,370.8327941894531,371.63557011212924,367.1362076288322,368.28439370276624,97959300,SPY,2
2021-03-18,365.4372863769531,370.32869272760485,364.75583847059136,368.23771507922254,115349100,SPY,3
2021-03-19,364.7611083984375,366.71846014757364,362.578969155588,365.13571611364415,113624500,SPY,4
2021-03-22,367.67376708984375,369.0598472746513,365.2200533338156,365.2762430701566,73778600,SPY,0
2021-03-23,364.7798767089844,368.48854216406016,363.9931918294677,367.0369263591319,90686600,SPY,1
2021-03-24,362.925537109375,367.82361875706545,362.8787218556425,366.1846847460537,97588600,SPY,2
2021-03-25,364.9671936035156,365.76322438235565,359.53528100576926,361.48328710314735,116128600,SPY,3
2021-03-26,370.8486328125,371.2513354528067,365.51975365812234,366.1191203770628,114409100,SPY,4
2021-03-29,370.66131591796875,371.5697547729306,367.87980961613647,369.3688948067096,108107600,SPY,0
2021-03-30,369.6779479980469,370.3522533875979,368.0764548349009,369.3876248451176,76262200,SPY,1
2021-03-31,371.1763916015625,372.74041546812293,370.2211375092786,370.2492323772652,112734200,SPY,2
2021-04-01,375.1847839355469,375.2410022566375,372.9090137092309,373.1150522840873,99682900,SPY,3
2021-04-05,380.56982421875,381.11302977511093,377.7789720579834,377.85388217916733,91684800,SPY,0
2021-04-06,380.3450622558594,381.3939754285536,379.670756847593,380.0079238420964,62021000,SPY,1
2021-04-07,380.78521728515625,381.13173016634283,379.71758377503375,380.17647612247123,55836300,SPY,2
2021-04-08,382.5927734375,382.6489631784164,381.10368814172836,382.04022193132636,57863100,SPY,3
2021-04-09,385.37420654296875,385.5428043143524,382.3492212703383,382.47097521271746,61104600,SPY,4
2021-04-12,385.51470947265625,385.786283641801,384.1660987859309,384.7748399171258,56704900,SPY,0
2021-04-13,386.6573181152344,387.2848083159337,385.02775850316095,385.4117407781049,56551000,SPY,1
2021-04-14,385.3368225097656,387.68750278516484,384.7936169300577,386.6292150757349,61659900,SPY,2
2021-04-15,389.476318359375,389.74792117202105,387.43468147433254,387.4814967334206,60229800,SPY,3
2021-04-16,390.7780456542969,391.38678681954315,389.34515029209115,390.7686711718235,82037300,SPY,4
2021-04-19,388.8581237792969,390.2910191020154,387.52826201872847,389.84150124750823,78498500,SPY,0
2021-04-20,386.0110168457031,388.745678600807,384.5312779427877,387.64057595430245,81851800,SPY,1
2021-04-21,389.66357421875,389.8696127711152,385.2524800177592,385.3929829340343,66793000,SPY,2
2021-04-22,386.1047668457031,390.3285432917998,385.03713321050617,389.4950430989676,97582800,SPY,3
2021-04-23,390.2910461425781,391.7052211795834,386.59175516511834,386.6666652858134,73209200,SPY,4
2021-04-26,391.10577392578125,391.67707427054285,390.35655849541547,390.9465792226784,52182400,SPY,0
2021-04-27,391.02154541015625,391.602220319812,389.87897313751233,391.40552766202535,51303100,SPY,1
2021-04-28,390.9090881347656,392.4169219739878,390.44082137164764,391.2930703102106,51238900,SPY,2
2021-04-29,393.4003601074219,394.0184758048344,390.01011254525065,393.6438680253927,78544300,SPY,3
2021-04-30,390.8154602050781,391.9767813050414,389.9163959508624,391.1245322985736,85527000,SPY,4
2021-05-03,391.6584167480469,393.19431720102517,391.1620550150992,392.8103349425953,68128300,SPY,0
2021-05-04,389.2420959472656,390.1599091777435,385.5428053216485,389.6635475057194,101591200,SPY,1
2021-05-05,389.3638610839844,391.12454890125105,388.8019351834701,390.89041549109834,60162200,SPY,2
2021-05-06,392.47320556640625,392.60430542945204,387.42527493393436,389.43881678077094,74321400,SPY,3
2021-05-07,395.32958984375,395.98517484775925,392.5574581716832,393.24113804267915,67733800,SPY,4
2021-05-10,391.414794921875,395.91014407878123,391.2930409996669,395.68538519515585,81852400,SPY,0
2021-05-11,387.921630859375,388.9143543332636,384.0350215703877,386.8820921309742,116888000,SPY,1
2021-05-12,379.6801452636719,386.40445062739644,378.3596292664934,385.13077846545326,134811000,SPY,2
2021-05-13,384.2411193847656,386.17975137696357,381.1880097882073,381.23485363068426,106394000,SPY,3
2021-05-14,390.1412048339844,390.99345394959835,386.9569958994236,386.9850907678179,82201600,SPY,4
2021-05-17,389.1485290527344,389.96333749747583,387.12561253828784,389.0268036619401,65129200,SPY,0
2021-05-18,385.7956848144531,389.6541989870204,385.63646151399263,389.41069108540063,59810200,SPY,1
2021-05-19,384.78424072265625,384.9621844206521,379.60521025643015,381.0943240619195,106467100,SPY,2
2021-05-20,388.9237060546875,390.18803224068034,385.5428331837092,385.66455855446543,78022200,SPY,3
2021-05-21,388.60528564453125,391.6583945728601,388.1463932893185,390.4127887790832,76578700,SPY,4
2021-05-24,392.56683349609375,393.64384150721315,390.609452962444,390.85296086401064,51376700,SPY,0
2021-05-25,391.69586181640625,394.0091012947467,391.1152154711999,393.6532139010418,57451400,SPY,1
2021-05-26,392.47320556640625,392.9789132133939,391.2463486400701,392.2858873840644,43088600,SPY,2
2021-05-27,392.67919921875,394.0184354690083,392.3982219773763,393.5033533975978,56707700,SPY,3
2021-05-28,393.38165283203125,394.51485069134986,393.14751938948444,394.25262237892713,58520200,SPY,4
2021-06-01,393.03509521484375,395.89151145679193,392.59492324968153,395.7510371233868,54216600,SPY,1
2021-06-02,393.6531982421875,394.49610143827164,392.67922377059676,393.69066759286113,49097100,SPY,2
2021-06-03,392.19219970703125,393.334771942257,389.8602399847774,391.33060472483857,58138800,SPY,3
2021-06-04,395.77911376953125,396.0788113874911,392.25773821034744,394.04652085532695,55938800,SPY,4
2021-06-07,395.3951721191406,395.9477235822755,394.4586384024901,395.7697798896526,51555000,SPY,0
2021-06-08,395.47943115234375,396.3504005931343,393.64383318900553,396.256741511377,47134300,SPY,1
2021-06-09,394.8894348144531,396.39726895606424,394.66467586891736,396.3223302537251,48436300,SPY,2
2021-06-10,396.7250061035156,397.68028871902106,394.79574906929327,396.11626494663284,51020100,SPY,3
2021-06-11,397.3805847167969,397.4929641801739,395.9851587453018,397.2775797356141,45570800,SPY,4
2021-06-14,398.2702941894531,398.37329916833056,396.24737815172665,397.4929552839291,42358500,SPY,0
2021-06-15,397.5397644042969,398.45754897502957,396.6594205967574,398.42010821183635,51508500,SPY,1
2021-06-16,395.32025146484375,397.9050937866466,393.2692688260236,397.68033483022623,80386100,SPY,2
2021-06-17,395.18914794921875,396.1724969552145,392.707339225867,394.9081992562891,90949700,SPY,3
2021-06-18,389.8578796386719,392.592083637559,389.6511670033553,391.896790534333,118676300,SPY,4
2021-06-21,395.4390563964844,395.62698739769405,390.80684682653913,391.62429220073597,72822000,SPY,0
2021-06-22,397.55316162109375,398.389417322035,394.7061817905028,395.42969035743977,57700300,SPY,1
2021-06-23,397.073974609375,398.4363740041373,396.98941426136173,397.62833378473624,49445400,SPY,2
2021-06-24,399.4229431152344,399.8457448281696,398.9719259471938,399.22563564919795,45110300,SPY,3
2021-06-25,400.84173583984375,401.2927530302253,399.8457646343818,400.17462954356137,58129500,SPY,4
2021-06-28,401.6498107910156,401.81893148712265,400.1652591125572,401.3679429641706,53159600,SPY,0
2021-06-29,401.865966796875,402.67400709351523,401.3303892006845,402.03508750906747,35970500,SPY,1
2021-06-30,402.20416259765625,402.8806740439344,401.37731208840023,401.4054988705683,64827900,SPY,2
2021-07-01,404.43096923828125,404.59071343950365,402.8994206337779,402.96519934453073,53441000,SPY,3
2021-07-02,407.52227783203125,407.87932951282806,404.5155540009205,405.59611419519825,57697700,SPY,4
2021-07-06,406.7799987792969,407.79478028651687,404.036389732283,407.57866250692047,68710400,SPY,1
2021-07-07,408.21759033203125,408.4994868338858,405.4457944463871,407.4659236755757,63549500,SPY,2
2021-07-08,404.8914489746094,405.65252080916207,401.69679389092374,402.88069615544833,97595200,SPY,3
2021-07-09,409.2135925292969,409.5142706843359,404.6941297476529,406.4042044959093,76238600,SPY,4
2021-07-12,410.6793518066406,410.93306153821294,408.69681441503684,409.1290213300447,52889600,SPY,0
2021-07-13,409.2793273925781,411.3934220558517,409.0162412036738,409.8900601160083,52911300,SPY,1
2021-07-14,409.8901062011719,411.46865218632223,408.6404538319354,410.9800430132471,64130400,SPY,2
2021-07-15,408.4900817871094,409.22296681332864,406.58269968847173,408.54645535264586,55126400,SPY,3
2021-07-16,405.2860412597656,409.7209432529059,404.89142630984423,409.6739748407586,75874700,SPY,4
2021-07-19,399.30084228515625,405.3518538666455,396.48204913878226,400.4471526449849,147987000,SPY,0
2021-07-20,405.02301025390625,406.300878124811,399.16930585570464,399.9679696907391,99608200,SPY,1
2021-07-21,408.3021545410156,408.44311713039826,404.97599944679223,406.2256517266708,64724400,SPY,2
2021-07-22,409.1572265625,409.40153115228975,407.49414887432897,408.4807150382148,47878500,SPY,3
2021-07-23,413.3666076660156,413.70484906884116,410.4068806943092,411.09276865256516,63766600,SPY,4
2021-07-26,414.3813171386719,414.3907222902915,412.727644885463,412.7746132950754,43719200,SPY,0
2021-07-27,412.49273681640625,413.36655567137274,409.65513381425745,413.3383688913494,67397100,SPY,1
2021-07-28,412.3236389160156,413.70484865800637,410.8954607595387,413.1223026819993,52472400,SPY,2
2021-07-29,414.03375244140625,415.1142841442116,413.2444937539419,413.25389890742014,47435300,SPY,3
2021-07-30,412.0229797363281,413.4793446420124,411.32765796830415,411.4592154045569,68951200,SPY,4
2021-08-02,411.1585388183594,414.2967915787936,410.80148711775246,413.74243239731,58783300,SPY,0
2021-08-03,414.5035095214844,414.62566180738776,409.75855272178563,411.9572078453096,58053900,SPY,1
2021-08-04,412.4645690917969,414.47529306625523,412.22966968933605,413.2162357099742,46732200,SPY,2
2021-08-05,415.0766296386719,415.1611899786431,413.31018162796113,413.6296413592664,38969700,SPY,3
2021-08-06,415.762451171875,416.1852814785074,415.11412666129866,415.3960230904661,46930000,SPY,4
2021-08-09,415.4242858886719,416.0538002146291,414.65380898521596,415.73434047583487,41222600,SPY,0
2021-08-10,415.9410400390625,416.65514335880624,415.18937346245787,415.87526132819306,43339300,SPY,1
2021-08-11,416.97467041015625,417.06863591596345,415.8847336261346,417.01226234732843,44034300,SPY,2
2021-08-12,418.2242126464844,418.36517520520897,415.9222160685812,416.82422160352843,38909400,SPY,3
2021-08-13,418.9853820800781,419.00416370969447,418.18671837060634,418.6752988088245,39470300,SPY,4
2021-08-16,419.9718933105469,420.1034220491868,416.11953784781855,417.6792731297716,73740000,SPY,0
2021-08-17,417.2189636230469,418.08337743473044,414.2216447172126,417.40686595529536,92673900,SPY,1
2021-08-18,412.6524353027344,417.77325329801437,412.4081594440344,416.2041128102062,89351900,SPY,2
2021-08-19,413.29144287109375,414.4941554902012,409.7773565441613,409.91829046851075,92812200,SPY,3
2021-08-20,416.58001708984375,416.9088820154154,413.1504912643013,413.6391004134635,72008700,SPY,4
2021-08-23,420.24444580078125,421.15585665021996,416.65517596697146,418.2712850399687,54973000,SPY,0
2021-08-24,420.9115905761719,421.44716815686525,420.3948233013429,420.9115905761719,38744700,SPY,1
2021-08-25,421.7947692871094,422.3115365062703,420.7236142411114,421.0994762269488,40529700,SPY,2
2021-08-26,419.3048400878906,421.74777094308087,419.21087459171173,421.5128715397554,57829600,SPY,3
2021-08-27,423.0538635253906,423.4296968697422,420.05654457482467,420.11291814276507,77235100,SPY,4
2021-08-30,424.9142150878906,425.7034735977649,423.48600844448214,423.7303129859582,48357400,SPY,0
2021-08-31,424.2846984863281,425.1585173900656,423.68337092085335,424.8202760109067,59300200,SPY,1
2021-09-01,424.5102233886719,425.7410940643304,424.2753239669928,425.22432680633483,48721400,SPY,2
2021-09-02,425.81622314453125,426.6242632874938,424.6135394072609,425.9383754159656,42501000,SPY,3
2021-09-03,425.7128601074219,426.2296559823971,424.27527695301467,424.6793257059568,47170500,SPY,4
2021-09-07,424.1906433105469,425.4591055627118,423.5141320210081,425.3651400858407,51671500,SPY,1
2021-09-08,423.6739501953125,424.38805353516796,421.74775794287143,423.65516856635304,56181900,SPY,2
2021-09-09,421.860595703125,425.2337480854494,421.61629111955517,423.4767049325357,57970400,SPY,3
2021-09-10,418.53436279296875,424.21891687872017,418.41221051546853,423.79611515765436,89948200,SPY,4
2021-09-13,419.60552978515625,421.8042136445405,417.2847223106919,421.5411274345474,83738600,SPY,0
2021-09-14,417.3411865234375,421.2592934709931,416.44855710292694,421.05258079857225,78197100,SPY,1
2021-09-15,420.8269958496094,421.32498145214555,416.6551800315069,417.7638983655694,78792200,SPY,2
2021-09-16,420.1598815917969,421.2779763825917,417.2001261406688,420.30081550036397,77786700,SPY,3
2021-09-17,416.06707763671875,419.8092317575897,415.70888206973706,419.38507550677497,118425000,SPY,4
2021-09-20,409.1295166015625,411.50487801227933,404.2467861081484,409.9213037384681,166445500,SPY,0
2021-09-21,408.7430114746094,412.7773715752907,408.21515342525714,411.4765682514919,92526100,SPY,1
2021-09-22,412.730224609375,414.7756961285755,408.85612048010717,411.0241068459511,102350100,SPY,2
2021-09-23,417.7449951171875,419.3568754647287,414.370471226519,414.6061232200775,76396000,SPY,3
2021-09-24,418.4330749511719,419.14946615794776,415.8880221231808,416.10483229526034,62094800,SPY,4
2021-09-27,417.2359924316406,418.56504431306104,416.5384429949807,417.39621967244216,61371100,SPY,0
2021-09-28,408.8278503417969,414.78513845678503,408.0926174189165,414.4552199782642,130436300,SPY,1
2021-09-29,409.51605224609375,411.95740348518495,408.9504816995836,410.213572952659,82329200,SPY,2
2021-09-30,404.5107116699219,411.70278478161407,404.17135791481275,410.9958289550851,140506000,SPY,3
2021-10-01,409.3179931640625,411.0052691446982,402.7103321875053,406.24511136235,129240100,SPY,4
2021-10-04,404.0394287109375,409.0540804379198,401.89025527152086,408.14918498760755,128570000,SPY,0
2021-10-05,408.243408203125,410.49622568957915,404.7463416257037,405.54753517269626,90682500,SPY,1
2021-10-06,409.9400939941406,410.1474688443581,403.00251494341944,404.6332078979385,113032200,SPY,2
2021-10-07,413.48431396484375,416.33097897892,413.05072245970354,413.2298202312821,72437500,SPY,3
2021-10-08,412.730224609375,414.64374599907245,412.0986935121197,414.25727336121037,74557400,SPY,4
2021-10-11,409.7422180175781,414.99255076639076,409.6762285626982,412.0704606111341,65233300,SPY,0
2021-10-12,408.7336120605469,411.0712898886133,407.9418249170345,410.6659754162395,71181200,SPY,1
2021-10-13,410.2040710449219,411.02413525942126,406.77299348127605,409.761044211489,72974000,SPY,2
2021-10-14,417.1038818359375,417.25470251068054,413.40884721998947,413.880151041273,70236800,SPY,3
2021-10-15,420.2805480957031,420.64817895672934,418.60270731079913,419.2248319298455,66260200,SPY,4
2021-10-18,421.5247802734375,421.86410527039766,417.8297450763768,418.4895820363863,62213200,SPY,0
2021-10-19,424.77679443359375,424.84275511760603,422.54278977547085,423.1555078607133,46996800,SPY,1
2021-10-20,426.4451599121094,426.74680128485727,425.12551486396814,425.23862318722246,49571600,SPY,2
2021-10-21,427.55743408203125,427.7836507306402,425.4082896219313,425.8418811204668,41305400,SPY,3
2021-10-22,427.1144104003906,428.5754696428719,425.1632054936649,427.12384568285273,58845100,SPY,4
2021-10-25,429.4049987792969,429.73491728325956,426.42638325821224,428.2078971538363,45214500,SPY,0
2021-10-26,429.79144287109375,432.17623944578014,429.4144055056858,430.9602960997976,56075100,SPY,1
2021-10-27,427.88739013671875,430.92258842537706,427.8119654031517,430.25334493703315,72438000,SPY,2
2021-10-28,432.0159912109375,432.09138717390806,429.31071156896627,429.32011808552153,51437900,SPY,3
2021-10-29,432.89263916015625,433.1848452815996,429.41441402054215,429.7066201419855,70162400,SPY,4
2021-11-01,433.63726806640625,434.2593926199993,431.9028732955281,433.88232651519985,48433600,SPY,0
2021-11-02,435.3905334472656,435.70161012769955,433.6749803616617,433.80695926029597,48908400,SPY,1
2021-11-03,438.0487060546875,438.4540205123054,434.38194783725373,434.824974662078,52509800,SPY,2
2021-11-04,440.113037109375,440.1978683644072,438.3032173703606,438.6519776741961,52847100,SPY,3
2021-11-05,441.6400451660156,443.63836916180196,440.12246036838644,442.34700103807825,66390600,SPY,4
2021-11-08,442.0170593261719,443.24246669971006,441.3289740571507,442.7428857270056,50405200,SPY,0
2021-11-09,440.5560607910156,442.6203742803155,439.1421490184052,442.3847223182138,51149100,SPY,1
2021-11-10,437.0118103027344,440.5560247277753,435.52250268125164,438.8593134798678,69429700,SPY,2
2021-11-11,437.15313720703125,438.5859192378718,437.1342954099264,438.5104945172473,34848500,SPY,3
2021-11-12,440.4523010253906,441.00843613085505,437.47365716434865,438.4257001711479,53466700,SPY,4
2021-11-15,440.6031188964844,441.9039221504196,439.47200689409635,441.74369494731434,46980500,SPY,0
2021-11-16,442.346923828125,443.48747104813094,440.26376894323073,440.3391648993365,48857500,SPY,1
2021-11-17,441.2724609375,442.2621876920173,440.6503362929629,442.08308989588795,47858300,SPY,2
2021-11-18,442.7712097167969,443.0351387724861,439.57575519666824,442.30931229475857,50625600,SPY,3
2021-11-19,441.97943115234375,443.91176583702435,441.6118002643481,442.6580812235169,57315600,SPY,4
2021-11-22,440.73516845703125,446.3625385887317,440.52779357509166,443.86463348771593,72762000,SPY,0
2021-11-23,441.319580078125,442.17735669005066,437.7942358564973,440.4052492954006,73206500,SPY,1
2021-11-24,442.4978332519531,442.6203768755419,438.4917498727346,439.3118141030796,61858800,SPY,2
2021-11-26,432.6286926269531,437.2757420644132,431.49755178793635,435.80527623335524,112669600,SPY,4
2021-11-29,437.9355773925781,439.78308057442894,435.23029768476994,437.43599642318605,86268800,SPY,0
2021-11-30,429.41436767578125,437.39825616004947,429.16928046510924,435.4847636522218,148559600,SPY,1
2021-12-01,424.6448059082031,438.00157083991655,424.4468663284383,435.1454704103125,131939200,SPY,2
2021-12-02,431.14874267578125,432.722910142391,424.465657744763,424.86156562340545,127637800,SPY,3
2021-12-03,427.397216796875,433.8823339250444,423.15548194038644,432.8172113357215,137331600,SPY,4
2021-12-06,432.4590759277344,434.34429168166633,427.52922637540286,429.9517355230717,98977500,SPY,0
2021-12-07,441.4043884277344,441.9699588724803,432.32707052619116,437.7565007699795,95484700,SPY,1
2021-12-08,442.5731506347656,443.02561268010857,440.0375336566486,441.8002341940306,72238800,SPY,2
2021-12-09,439.5851135253906,442.6768656791159,439.3871739598031,441.281795905493,61272600,SPY,3
2021-12-10,443.7231750488281,443.87399574484607,439.73596256863544,442.29985686872703,77159800,SPY,4
2021-12-13,439.7925109863281,443.55350675639556,439.50971139770047,443.2047464865836,87724700,SPY,0
2021-12-14,436.76666259765625,439.0100733851532,433.83516664273697,436.5121688904579,97264100,SPY,1
2021-12-15,443.5911865234375,443.83624496291236,434.29705970277206,436.82327018478196,116899300,SPY,2
2021-12-16,439.6794128417969,445.7309387127813,438.1240869835833,445.4481678837098,116568600,SPY,3
2021-12-17,434.99993896484375,439.60656170872556,433.28782720309647,436.5890765889238,135511600,SPY,4
2021-12-20,430.3744201660156,430.77169014947333,426.7420931242701,429.9014604647388,107134800,SPY,0
2021-12-21,438.0174865722656,438.1593687255193,431.63252987129584,433.8081332003128,69806300,SPY,1
2021-12-22,442.39703369140625,442.5105393973741,437.5633706863754,437.7620345389874,58890200,SPY,2
2021-12-23,445.149658203125,446.653666526917,443.2956643336112,443.39970160734777,56439700,SPY,3
2021-12-27,451.44952392578125,451.49680835120154,446.4834468354877,446.530731260908,56808600,SPY,0
2021-12-28,451.0805969238281,452.9156829394374,450.31440448987655,451.88463421803556,47274600,SPY,1
2021-12-29,451.6575622558594,452.67914240848387,450.18193044253155,451.18460260114745,54503000,SPY,2
2021-12-30,450.40899658203125,453.095404283241,449.9455053015741,452.083263571022,55329000,SPY,3
2021-12-31,449.2738952636719,451.07113645073605,448.9995994066956,449.9171424306895,65237400,SPY,4
2022-01-03,451.8751525878906,452.0075951613326,448.22391752702976,450.5414027577386,72668200,SPY,0
2022-01-04,451.7237854003906,454.02239141771696,449.86032307936296,453.3034834561525,71178700,SPY,1
2022-01-05,443.0497131347656,452.1305447371283,442.95511542561405,451.35488393612025,104538900,SPY,2
2022-01-06,442.633544921875,445.3577975269539,440.25927789073734,442.58626049675826,86858900,SPY,3
2022-01-07,440.883544921875,443.82536910158984,439.5214187529986,442.6429699179935,85111600,SPY,4
2022-01-10,440.3349914550781,440.5525344629994,431.9068453269315,437.6769599949702,119362000,SPY,0
2022-01-11,444.3456726074219,444.4402703281914,437.0620811157376,440.07012698004945,74303100,SPY,1
2022-01-12,445.5469055175781,447.6090315640581,443.5794060432317,446.0860864554399,67605400,SPY,2
2022-01-13,439.4079895019531,447.306423196045,438.3769406985268,446.65373642376653,91173100,SPY,3
2022-01-14,439.5876770019531,439.9376625709824,435.0283384384738,436.248582581367,95890900,SPY,4
2022-01-18,431.802734375,435.0850758226512,430.68655641963403,434.8769724015517,109709100,SPY,1
2022-01-19,427.3190612792969,434.7539734256139,427.04473658825316,433.3540312792543,109357600,SPY,2
2022-01-20,422.5895080566406,433.93107285742065,420.46118932552156,429.21094410901105,122379700,SPY,3
2022-01-21,414.2937927246094,423.8286476560766,414.265416297055,421.46384913598195,202271200,SPY,4
2022-01-24,416.05322265625,416.5640272607591,398.00509159103694,408.6655937906519,251783900,SPY,0
2022-01-25,410.9736328125,415.9397100242834,404.0494953719495,409.6398828972748,167997300,SPY,1
2022-01-26,409.9425354003906,420.0260392062578,405.66696143338,416.885580014085,186391100,SPY,2
2022-01-27,407.91827392578125,417.7085455157903,406.225098979547,414.5586466067945,149878300,SPY,3
2022-01-28,418.04901123046875,418.09629564464905,404.6831680201866,409.2803215775973,164457400,SPY,4
2022-01-31,425.57867431640625,425.9286599361847,416.024880950767,417.3775389985712,152251400,SPY,0
2022-02-01,428.4542236328125,429.0974419265007,422.7692385378579,426.3069680203135,123155400,SPY,1
2022-02-02,432.6162414550781,433.3445889976843,428.548770732719,430.86628479936365,117361000,SPY,2
2022-02-03,422.4476318359375,428.4731341093042,421.60574966980835,426.5623872138765,118024400,SPY,3
2022-02-04,424.43402099609375,428.293359216209,419.82736954460256,422.21110476532647,118454400,SPY,4
2022-02-07,423.0718994140625,426.60016012871563,421.738149661157,425.2002179600923,84472900,SPY,0
2022-02-08,426.5528259277344,427.47983717844465,421.1421667008053,422.5705139958305,81012000,SPY,1
2022-02-09,432.7960205078125,433.11762967701776,430.4028453031969,430.6014803174058,92589900,SPY,2
2022-02-10,425.0205078125,432.95675649430774,423.0151633217596,426.9312545906798,140103700,SPY,3
2022-02-11,416.6396179199219,427.1866126231048,415.20183093771124,425.1056074278394,153214600,SPY,4
2022-02-14,415.2774963378906,417.7179843894402,411.7965201108774,416.1288468336951,123006300,SPY,0
2022-02-15,421.9746398925781,422.14489845233356,419.2125426099258,419.7328155876255,88482700,SPY,1
2022-02-16,422.4476318359375,423.82866614912444,418.03964373808554,419.92201420472077,84863600,SPY,2
2022-02-17,413.4234924316406,422.419194331439,412.81811908253826,419.2503588609792,102259100,SPY,3
2022-02-18,410.74664306640625,414.937059606831,408.4669735618949,413.6789704811315,132642900,SPY,4
2022-02-22,406.338623046875,411.9479184294001,402.8292411204385,408.5331630880986,124391800,SPY,1
2022-02-23,399.13067626953125,409.8290216743736,398.5631188932216,409.26146429806397,132578000,SPY,2
2022-02-24,405.1372985839844,405.57244232576124,388.43238610030824,388.7918112514867,213942900,SPY,3
2022-02-25,414.07623291015625,414.16136219529494,404.72107583636694,406.376434848572,121804500,SPY,4
2022-02-28,413.01678466796875,414.5018850268596,407.40748965693734,408.665549734316,145615000,SPY,0
2022-03-01,406.72650146484375,413.5276653882751,404.01168808813594,411.5128521133461,137785900,SPY,1
2022-03-02,414.2086486816406,415.9396684351106,408.2304313077541,408.9871552603508,117726500,SPY,2
2022-03-03,412.14654541015625,417.254504541962,410.33983584072405,416.6491311196768,105501700,SPY,3
2022-03-04,408.7979736328125,409.9330595198553,404.7399715837537,408.40067480868873,113978200,SPY,4
2022-03-07,396.7469482421875,408.92092572544067,396.6807269592001,408.2114862090071,137896600,SPY,0
2022-03-08,393.73895263671875,404.10622124075445,392.67005908949244,396.92669641529477,164772700,SPY,1
2022-03-09,404.29541015625,406.28184664972684,399.9536436179305,402.1481835320033,116990800,SPY,2
2022-03-10,402.4697570800781,403.3683631013067,397.7023156906367,399.6698151473772,93972700,SPY,3
2022-03-11,397.35235595703125,405.58183714067377,396.8415514153587,404.96699532473235,95636300,SPY,4
2022-03-14,394.4483947753906,401.5900747886048,393.30384036976113,398.12803514404516,95729200,SPY,0
2022-03-15,403.1224670410156,403.7562168476836,395.7915919884994,397.0685600329453,106219100,SPY,1
2022-03-16,412.0613098144531,412.1180626560511,401.82645732789507,406.64121137170554,144954800,SPY,2
2022-03-17,417.2166748046875,417.2166748046875,409.7628253475534,410.1411873324134,102676900,SPY,3
2022-03-18,421.786376953125,422.10898522065065,414.8597246560477,415.59983278904184,106345500,SPY,4
2022-03-21,421.6629943847656,423.6271083158259,418.1427105740209,421.6155341135983,88349800,SPY,0
2022-03-22,426.5970153808594,427.5363754259685,423.05776502594375,423.05776502594375,74650400,SPY,1
2022-03-23,421.1031494140625,425.5532955455607,421.01775567281896,424.0541127156518,79426100,SPY,2
2022-03-24,427.4510192871094,427.4605171330371,422.01408163043,423.1337270897033,64736900,SPY,3
2022-03-25,429.5385437011719,429.81372063765116,425.4963992292135,428.0867920742761,77101300,SPY,4
2022-03-28,432.59393310546875,432.59393310546875,427.0431070023276,428.940823348232,68529800,SPY,0
2022-03-29,437.94537353515625,438.43879819961757,433.7988689428911,436.49362203558076,86581500,SPY,1
2022-03-30,435.24114990234375,437.6132947591107,433.1251862656429,436.79726187082275,79666900,SPY,2
2022-03-31,428.542236328125,435.29810058107427,428.0867740686455,434.4725987632066,121699900,SPY,3
2022-04-01,429.7568054199219,430.26916792356127,426.1701231101965,430.12684500588364,89048800,SPY,4
2022-04-04,433.4383239746094,433.54271341244913,429.13052949203757,429.9560313211461,59601000,SPY,0
2022-04-05,427.96343994140625,434.41566302039155,426.8153298227524,431.939157439223,74214500,SPY,1
2022-04-06,423.68408203125,425.9708333848193,420.790076589019,424.0351838301639,106898000,SPY,2
2022-04-07,425.81903076171875,427.6408510190052,420.8470236814181,422.80166901253705,78097200,SPY,3
2022-04-08,424.6803894042969,427.58389261830564,423.13374620427055,425.05992681953586,79272700,SPY,4
2022-04-11,417.4216613769531,422.2418477063847,416.9187677503184,421.3973501116836,89770500,SPY,0
2022-04-12,415.875,422.95347289670224,414.3188589093481,420.42000917950406,84363600,SPY,1
2022-04-13,420.6382751464844,421.3973500313862,415.4480202657074,415.62830561832044,74070400,SPY,2
2022-04-14,415.40057373046875,421.9856509126384,415.2961842874288,420.865976406667,97869500,SPY,3
2022-04-18,415.57135009765625,417.2603162227855,413.332030102549,414.4706713145492,66002500,SPY,0
2022-04-19,422.2797546386719,423.00086699763705,415.29614499530715,415.4669324784689,77821000,SPY,1
2022-04-20,421.9666748046875,424.680424010639,420.79959788164615,424.06367204101167,65224400,SPY,2
2022-04-21,415.6567687988281,426.9956344536789,414.74587314865204,425.6008119158231,85417300,SPY,3
2022-04-22,404.2514343261719,415.6756627769985,403.6821137856455,414.5655152319754,132471800,SPY,4
2022-04-25,406.5951843261719,406.76597183059135,397.4197139696294,402.00271470283917,119647700,SPY,0
2022-04-26,394.8197937011719,404.25144391924186,394.79132912131234,404.05216290337904,103996300,SPY,1
2022-04-27,395.929931640625,401.29100202413235,393.7855324440676,395.90146706145794,122030000,SPY,2
2022-04-28,405.93096923828125,407.6673957249043,396.24313643650856,400.69328310824267,105449100,SPY,3
2022-04-29,390.929443359375,404.09009741413075,390.17983753239577,401.9267026237167,145491100,SPY,4
2022-05-02,393.28265380859375,394.64901157407303,384.3064367465445,390.9959026727131,158312500,SPY,0
2022-05-03,395.0855407714844,397.5051173465634,392.2199707737604,393.7856098060658,100028200,SPY,1
2022-05-04,407.1170349121094,407.6863555366896,392.55205797111023,395.74970498454525,144247900,SPY,2
2022-05-05,392.6469421386719,403.26466589369136,388.5004371483432,402.83766819412307,172929100,SPY,3
2022-05-06,390.30322265625,393.58626302991394,384.98014349725037,390.075506016204,151770800,SPY,4
2022-05-09,377.8067932128906,385.62537367241526,376.2221876512533,384.3823720398505,155586100,SPY,0
2022-05-10,378.67974853515625,385.312256912979,374.6281351627776,383.80357611684485,132497200,SPY,1
2022-05-11,372.66400146484375,383.3766170241636,371.91439549274446,377.7119332720128,142361000,SPY,2
2022-05-12,372.27496337890625,375.55800411972643,365.4526716917147,369.4568538157906,125090800,SPY,3
2022-05-13,381.17523193359375,382.56055648756023,375.3776945718479,376.4214441495683,104174400,SPY,4
2022-05-16,379.6285095214844,383.310082377793,377.26586289184826,379.5241490639247,78622400,SPY,0
2022-05-17,387.4377746582031,387.6749892005404,381.99130907548,385.73931042714963,83029700,SPY,1
2022-05-18,371.81951904296875,383.14888700880624,370.5765172556166,382.86424116317255,117674500,SPY,2
2022-05-19,369.5422058105469,373.98288298423296,367.3123838565206,368.74516861446125,98510700,SPY,3
2022-05-20,369.7035217285156,376.7250646538933,361.07840657695476,373.13838281901803,131432200,SPY,4
2022-05-23,376.6206970214844,377.3892696174309,370.41515813861474,372.73984266032306,76414900,SPY,0
2022-05-24,373.7456970214844,374.9412384284281,367.1700889774752,372.4836996470706,91448800,SPY,1
2022-05-25,377.0476989746094,379.02133983121746,371.84797566495524,372.24647980927637,91472900,SPY,2
2022-05-26,384.58160400390625,386.2231386417738,378.0724525251895,378.2812024273643,82168300,SPY,3
2022-05-27,394.0227355957031,394.1365939090982,386.8493722833649,387.04862433180637,84768700,SPY,4
2022-05-31,391.8119812011719,395.1614492463279,389.0602984118207,392.4002686094712,95937000,SPY,1
2022-06-01,388.6427917480469,394.95269241980327,386.118825687974,393.9374362442217,86585800,SPY,2
2022-06-02,396.0437927246094,396.0912240344694,386.2231081655603,388.48139448629576,79609600,SPY,3
2022-06-03,389.5441589355469,392.86516182904495,388.5668363851628,391.30902085966204,71874300,SPY,4
2022-06-06,390.730224609375,395.3036979360481,389.5536210568921,393.56730062291246,57508900,SPY,0
2022-06-07,394.4782409667969,394.93370326048847,386.76402029869297,387.22898043918536,59272400,SPY,1
2022-06-08,390.1894226074219,394.5541755868327,389.39238529138436,392.76081990811025,64350000,SPY,2
2022-06-09,380.9095458984375,390.68277140939495,380.9095458984375,388.40551807213615,86289800,SPY,3
2022-06-10,369.8648376464844,375.539018923671,369.81740632911726,374.6850525131261,132893900,SPY,4
2022-06-13,355.82171630859375,362.28343636021015,354.20864627859,360.42368296422063,170004900,SPY,0
2022-06-14,354.74951171875,358.6113704659484,351.6372588485272,357.57711879105614,104011800,SPY,1
2022-06-15,359.8070068359375,364.2666225780978,353.0890752023986,358.0610824317935,125666800,SPY,2
2022-06-16,347.8988342285156,351.9694437920059,345.46026183812063,351.56144173794524,134473300,SPY,3
2022-06-17,348.6488037109375,352.0032306713774,345.1324194424218,348.3152920555213,111113900,SPY,4
2022-06-21,357.425537109375,358.8168459845613,354.3188884339103,354.3951412687327,76811900,SPY,1
2022-06-22,356.7774353027344,360.9037245831759,352.76546707921506,353.18477030961577,90059400,SPY,2
2022-06-23,360.2748718261719,361.0086381463317,355.3481010957897,358.92168935710464,79292100,SPY,3
2022-06-24,371.7293395996094,371.7388784729005,363.4290948216974,363.45768235964005,98050300,SPY,4
2022-06-27,370.30950927734375,372.94918935666453,369.213614685377,372.65377505140225,66009600,SPY,0
2022-06-28,362.7430419921875,374.66454224306847,362.62869181609204,371.87238547630193,86548900,SPY,1
2022-06-29,362.44757080078125,364.2867703688928,360.61791010649307,363.29571627695856,65676000,SPY,2
2022-06-30,359.5029602050781,362.75254644984545,355.0335903944629,358.5404645110338,112508300,SPY,3
2022-07-01,363.3052978515625,363.7436789870027,356.21529582598873,358.84546631087716,74839700,SPY,4
2022-07-05,363.99139404296875,364.0104717926043,355.3576072193394,358.19742913117045,81438000,SPY,1
2022-07-06,365.220703125,367.717445353006,361.7424165306726,364.1343183853388,70426200,SPY,2
2022-07-07,370.6907043457031,371.4911846715667,365.2397895803047,367.0027657050705,64525900,SPY,3
2022-07-08,370.3857421875,372.2630682971359,367.5173328363373,369.05157936616473,72397800,SPY,4
2022-07-11,366.1546325683594,368.6704236096154,365.45896357627913,367.6984180612563,58366900,SPY,0
2022-07-12,362.91455078125,367.993827167092,361.16111363619996,365.6018961252451,62219200,SPY,1
2022-07-13,361.0086364746094,363.9532987804005,357.0348226323127,357.4541259795869,84224600,SPY,2
2022-07-14,360.1318664550781,361.21822195982054,353.5850586433905,356.03413523610556,89704800,SPY,3
2022-07-15,367.0123291015625,367.12667928690627,362.6382600205272,364.55368378891404,79060400,SPY,4
2022-07-18,363.9819030761719,370.7860002847752,362.7525805204478,370.109409022233,63203600,SPY,0
2022-07-19,373.8162841796875,374.3880639700949,367.25996703972453,367.9174803544756,78506000,SPY,1
2022-07-20,376.19873046875,377.6186558198573,372.6346814850552,374.00694154890255,71843800,SPY,2
2022-07-21,380.0296325683594,380.07726877334886,373.2064587109506,375.6174381384512,64903900,SPY,3
2022-07-22,376.5036926269531,381.354239171884,374.273777240293,380.15353339871814,72197300,SPY,4
2022-07-25,376.9611511230469,377.8188064784601,374.7121578166086,377.1326763777424,53631500,SPY,0
2022-07-26,372.50128173828125,375.5221383804845,371.6055000576572,375.3124867300845,52946400,SPY,1
2022-07-27,382.1737976074219,383.9272346038622,375.51260989744463,375.8080241745554,82342100,SPY,2
2022-07-28,386.96722412109375,387.6628640613991,379.4197925062167,382.9838711686013,73966600,SPY,3
2022-07-29,392.608642578125,393.5997257422066,387.63420717412276,388.40609981595657,87003700,SPY,4
2022-08-01,391.4460754394531,393.9618954868596,389.1875723544022,389.9022899930606,69997500,SPY,0
2022-08-02,388.8635559082031,393.5711649045606,387.6818987628926,389.8736878063429,63435400,SPY,1
2022-08-03,394.9529724121094,396.12509070824535,390.71230285807104,390.9981782761689,67820600,SPY,2
2022-08-04,394.6861572265625,395.5628612557088,393.0375313820632,394.8767311502338,45656600,SPY,3
2022-08-05,394.01904296875,394.6670466027406,390.3311048647374,390.38827994526997,56814900,SPY,4
2022-08-08,393.56170654296875,397.97390215562234,392.4562729207234,395.7153986933726,53886100,SPY,0
2022-08-09,391.9988098144531,393.3329436008308,390.92196391054046,392.82787762877587,44931800,SPY,1
2022-08-10,400.2322692871094,400.3752360555678,397.1161113930713,399.07919983987404,68665700,SPY,2
2022-08-11,400.2322692871094,404.9589553891337,399.48896423523195,403.0911393453964,59489700,SPY,3
2022-08-12,407.00787353515625,407.1126848285764,401.2234185174377,402.1763753606097,61694500,SPY,4
2022-08-15,408.68505859375,409.20920230766916,404.73029350332524,404.7874685874713,54048300,SPY,0
2022-08-16,409.48553466796875,411.42003574290754,406.79818960368954,407.608208672531,59289000,SPY,1
2022-08-17,406.5790100097656,409.29494268682157,404.56828513540523,405.87383128900353,63563400,SPY,2
2022-08-18,407.76068115234375,408.4467820994696,405.483100541327,406.7791077729189,49023200,SPY,3
2022-08-19,402.2812194824219,405.2544402076987,401.4044863824872,404.9876134524029,68016900,SPY,4
2022-08-22,393.9046630859375,397.6021397850265,392.99934257592776,397.4305854744403,77695600,SPY,0
2022-08-23,392.9517517089844,395.87733613472665,392.39902046586167,393.4758663287654,49105200,SPY,1
2022-08-24,394.2096252441406,395.58185618674804,392.03688505227575,392.7229859826137,49177800,SPY,2
2022-08-25,399.77490234375,399.8225385492928,394.609863874263,395.70575833914074,50942300,SPY,3
2022-08-26,386.2429504394531,400.2037629054227,386.1857753532475,399.6605995864693,103087000,SPY,4
2022-08-29,383.6890563964844,386.74804002289886,382.32633495553245,383.2792918930269,65370800,SPY,0
2022-08-30,379.4769287109375,385.0898583631651,377.37090227301206,384.85161915718464,85652400,SPY,1
2022-08-31,376.5894470214844,382.3643626848254,376.456048197128,381.115991650528,76029700,SPY,2
2022-09-01,377.7711181640625,378.1141686261382,371.69124959831555,374.4071820841404,78740100,SPY,3
2022-09-02,373.7877197265625,382.6692829844878,371.96756897369653,381.44949959452725,99632100,SPY,4
2022-09-06,372.37744140625,375.5793625780909,370.14752578687444,374.63594456887637,76637400,SPY,1
2022-09-07,379.0671691894531,379.83906190032036,371.8437691661729,372.06293062608904,70964200,SPY,2
2022-09-08,381.54486083984375,382.00226150651457,375.57934176857907,376.7896155569929,80821700,SPY,3
2022-09-09,387.4721984863281,388.33939256969063,383.5269438047842,383.79377051643957,76706900,SPY,4
2022-09-12,391.6366882324219,392.3609447639195,389.2447571690339,389.5497103488156,69256300,SPY,0
2022-09-13,374.6073303222656,384.1368984857324,373.48284825864073,382.92662471653426,122947100,SPY,1
2022-09-14,376.0367431640625,377.56147979584756,372.7204431710749,375.9128541322022,85023700,SPY,2
2022-09-15,371.76751708984375,377.3327815354644,370.4905584164042,374.473911020677,87633800,SPY,3
2022-09-16,368.9312744140625,369.5915179083792,365.63005694247903,367.572533600681,103084800,SPY,4
2022-09-19,371.7923583984375,371.7923583984375,365.69709245580265,365.7736585180336,73278500,SPY,0
2022-09-20,367.5246887207031,369.46713626314875,364.759345889,368.45285503614133,77274900,SPY,1
2022-09-21,361.1136779785156,372.5195676498082,361.1040999209618,369.45756777486804,106746600,SPY,2
2022-09-22,358.0804138183594,361.98443625276843,357.3340552999548,360.33861628892794,89472600,SPY,3
2022-09-23,352.0808410644531,354.6356713333718,347.62181686473184,354.5973883012247,122346900,SPY,4
2022-09-26,348.59783935546875,354.24337513079183,347.373045054377,350.6072752623192,92581200,SPY,0
2022-09-27,347.70794677734375,354.42517373959924,345.3061901306675,352.1478150517164,108294100,SPY,1
2022-09-28,354.5495300292969,356.24318175796077,346.96154744867806,348.6647772350154,110802200,SPY,2
2022-09-29,347.14337158203125,351.27703369645445,344.18664256070633,350.9899839667711,112952300,SPY,3
2022-09-30,341.77532958984375,350.1288276674464,341.64138277467254,346.19607091427036,153711200,SPY,4
2022-10-03,350.79864501953125,352.6549780572887,343.7178017916793,345.50714681640204,89756500,SPY,0
2022-10-04,361.66864013671875,361.6973451071636,350.7603133467815,356.33886008011194,103602800,SPY,1
2022-10-05,360.8266296386719,363.0944101650707,354.9514544776004,357.2862230097623,88065700,SPY,2
2022-10-06,357.10443115234375,362.3863509600016,356.6068393173464,359.4200436718051,82333500,SPY,3
2022-10-07,347.14337158203125,357.19052094050096,345.3731537119263,353.0568296246811,107789500,SPY,4
2022-10-10,344.4928283691406,348.50212184161734,342.24420395687974,348.2629039933855,76042800,SPY,0
2022-10-11,342.31121826171875,347.37307692739586,340.36877018719497,342.7896540357532,92482800,SPY,1
2022-10-12,341.1820373535156,344.3014472178976,340.9332414645344,342.7226153717063,76991800,SPY,2
2022-10-13,350.18621826171875,351.6598083555464,333.09648032022864,334.14904467296265,147254500,SPY,3
2022-10-14,342.2059020996094,354.2911917996768,341.5647854530019,352.6549207827784,123737000,SPY,4
2022-10-17,350.9996032714844,352.1095776923561,341.8710411766843,348.31079674902963,93168200,SPY,0
2022-10-18,355.12371826171875,359.25741007782193,351.66939702235186,358.95120419483646,97162900,SPY,1
2022-10-19,352.6070556640625,355.8125801921962,349.7842737956925,353.07591323216866,79746900,SPY,2
2022-10-20,349.6503601074219,356.59725538531217,348.88484551402854,352.1573583478187,88283100,SPY,3
2022-10-21,358.1474304199219,358.63541501231197,347.86106212496895,349.37290619784375,131038400,SPY,4
2022-10-24,362.5298156738281,363.66849482840456,357.0182277795015,359.67835796017783,85436900,SPY,0
2022-10-25,368.3190002441406,368.63475499876756,362.338553213012,362.45337312378547,78846300,SPY,1
2022-10-26,365.5439758300781,370.8641781012246,364.9028883902584,365.16123313746095,104087300,SPY,2
2022-10-27,363.59197998046875,368.39546356431134,362.9699902522956,366.5487088981551,81971800,SPY,3
2022-10-28,372.24212646484375,372.7205621969107,363.3049504940016,363.486758408299,100302000,SPY,4
2022-10-31,369.55328369140625,371.6488343281588,368.6442734105965,369.7733746190449,96631300,SPY,0
2022-11-01,367.9361877441406,373.55304750624583,366.759254586953,373.313829651351,85407600,SPY,1
2022-11-02,358.7023010253906,371.86885804342717,358.5970592103656,367.3428467681292,126990400,SPY,2
2022-11-03,355.0088806152344,358.0613028304703,352.88462486045256,355.44903329915525,87100100,SPY,3
2022-11-04,360.1185607910156,362.5298662303547,354.04242150065716,360.74052136688584,103505200,SPY,4
2022-11-07,363.56329345703125,364.15654904195054,359.3339090978177,361.4198817033071,68286900,SPY,0
2022-11-08,365.52490234375,368.51033666449064,361.4294936112006,364.6732727169054,84641100,SPY,1
2022-11-09,357.9942626953125,364.701939825667,357.49667093242965,363.54410453233925,78495500,SPY,2
2022-11-10,377.6675720214844,378.0024828489434,369.0078976049732,371.31393196232233,141455800,SPY,3
2022-11-11,381.3228454589844,382.1266139613815,376.6341520595696,378.52876801611916,93839900,SPY,4
2022-11-14,378.0790100097656,382.9207767926326,377.8015091368323,379.55260009193285,71903500,SPY,0
2022-11-15,381.3037109375,384.95896703985863,377.4762249751727,383.8489926066157,93194500,SPY,1
2022-11-16,378.394775390625,380.6242727188842,377.76323681489697,379.6674013983378,68508500,SPY,2
2022-11-17,377.2369689941406,377.9163687088292,373.3138196401911,373.6199962931831,74496300,SPY,3
2022-11-18,378.94976806640625,380.6529979395274,376.08873201022436,380.5860099351908,92922500,SPY,4
2022-11-21,377.5718688964844,378.74883118944996,375.7251141679959,377.6197299856339,51243200,SPY,0
2022-11-22,382.65283203125,382.81551300299,378.107693296842,379.5238733518545,60429000,SPY,1
2022-11-23,385.064208984375,385.5521935507362,382.0883236888626,382.3179634847973,68261600,SPY,2
2022-11-25,384.97802734375,385.5330290650388,384.22212002199467,384.49959168124366,30545400,SPY,4
2022-11-28,378.8349914550781,383.5236558705619,378.0694767496235,381.8778357555847,67881600,SPY,0
2022-11-29,378.1842956542969,380.16499726824185,376.3375116508364,378.9689080128027,52310000,SPY,1
2022-11-30,390.0973815917969,390.0973815917969,376.50982327344576,378.43311520781475,144566700,SPY,2
2022-12-01,389.8102722167969,392.3172705907876,387.29369578444215,391.14030826651214,76398200,SPY,3
2022-12-02,389.3605651855469,390.26957554211833,384.7962988819975,384.9015407248155,85342700,SPY,4
2022-12-05,382.3562316894531,387.46592136062503,380.99749068100294,386.52820609599246,77289800,SPY,0
2022-12-06,376.8446350097656,382.7389660938728,374.74911359581864,382.1935716115177,77972200,SPY,1
2022-12-07,376.2035827636719,378.57663447203373,375.06490340212804,375.9930698766285,65927900,SPY,2
2022-12-08,379.1507263183594,380.2224176484129,376.3088170014075,378.09819110581316,60737900,SPY,3
2022-12-09,376.3183898925781,380.4712083402084,376.19399193608393,377.9067999497378,81447700,SPY,4
2022-12-12,381.74383544921875,381.74383544921875,376.4427600120724,377.11255243392947,75405800,SPY,0
2022-12-13,384.6335754394531,392.7861087804528,381.8586543812398,392.5277640299923,123782500,SPY,1
2022-12-14,382.1744689941406,388.01139094981875,379.21773958083656,384.28914682021235,108111300,SPY,2
2022-12-15,372.8257751464844,378.2033872647171,371.16082840278256,377.29434783488267,117705900,SPY,3
2022-12-16,368.42413330078125,371.60591903070724,366.28053050111725,370.2601535058197,119858000,SPY,4
2022-12-19,365.3000183105469,368.9528439474984,363.6274261236804,368.6163952350112,79878100,SPY,0
2022-12-20,365.79986572265625,367.4244062499485,363.21405999982943,364.5406106633448,74427200,SPY,1
2022-12-21,371.2695617675781,372.403847947224,367.8666738931474,368.4049801931655,78167400,SPY,2
2022-12-22,365.9729309082031,371.25026808589166,360.25339056526093,368.21266617846675,100120900,SPY,3
2022-12-23,368.0781555175781,368.2223394674067,363.387175446534,364.9444207756689,59857300,SPY,4
2022-12-27,366.6265563964844,368.30877056523445,364.94434222773435,367.9627291601254,51638200,SPY,1
2022-12-28,362.0701904296875,368.5395164418001,361.8394961456738,366.559282940557,70911500,SPY,2
2022-12-29,368.58758544921875,369.46234043156596,364.3964532994833,364.92516683940227,66970900,SPY,3
2022-12-30,367.61669921875,367.7608831535474,363.77163783487043,365.89605537101687,84022200,SPY,4
